// Auto-generated 16x16 Chinese Classical Poetry Font Table (1024 tokens)
#pragma once
#include <stdint.h>

#define ZH_FONT_COUNT 1024

static const uint8_t zh_font_16x16[ZH_FONT_COUNT][32] = {
    {0x00,0x00,0x00,0x00,0x00,0x00,0x00,0x00,0x00,0x00,0x00,0x00,0x00,0x00,0x00,0x00,0x00,0x00,0x00,0x00,0x00,0x00,0x00,0x00,0x00,0x00,0x00,0x00,0x00,0x00,0x00,0x00}, // 0
    {0x00,0x00,0x00,0x00,0x00,0x00,0x00,0x00,0x00,0x00,0x00,0x00,0x00,0x00,0x00,0x00,0x00,0x00,0x00,0x00,0x00,0x00,0x00,0x00,0x00,0x00,0x00,0x00,0x00,0x00,0x00,0x00}, // 1
    {0x00,0x00,0x00,0x00,0x00,0x00,0x00,0x00,0x00,0x00,0x00,0x00,0x00,0x00,0x00,0x00,0x00,0x00,0x00,0x00,0x00,0x00,0x00,0x00,0x00,0x00,0x00,0x00,0x00,0x00,0x00,0x00}, // 2
    {0x00,0x00,0x00,0x00,0x00,0x00,0x00,0x00,0x00,0x00,0x00,0x00,0x00,0x00,0x00,0x00,0x00,0x00,0x00,0x00,0x00,0x00,0x00,0x00,0x00,0x00,0x00,0x00,0x00,0x00,0x00,0x00}, // 3
    {0x00,0x00,0x00,0x00,0x00,0x00,0x00,0x00,0x00,0x00,0x00,0x00,0x00,0x00,0x00,0x00,0x00,0x00,0x0C,0x00,0x0C,0x00,0x04,0x00,0x08,0x00,0x10,0x00,0x00,0x00,0x00,0x00}, // 4
    {0x00,0x00,0x00,0x00,0x00,0x00,0x00,0x00,0x00,0x00,0x00,0x00,0x00,0x00,0x00,0x00,0x0C,0x00,0x12,0x00,0x12,0x00,0x0C,0x00,0x00,0x00,0x00,0x00,0x00,0x00,0x00,0x00}, // 5
    {0x00,0x00,0x0C,0x00,0x0C,0x00,0x0C,0x00,0x0C,0x00,0x0C,0x00,0x0C,0x00,0x0C,0x00,0x0C,0x00,0x00,0x00,0x00,0x00,0x0C,0x00,0x0C,0x00,0x00,0x00,0x00,0x00,0x00,0x00}, // 6
    {0x00,0x00,0x07,0x00,0x08,0x80,0x10,0xC0,0x18,0xC0,0x18,0xC0,0x01,0x80,0x03,0x00,0x03,0x00,0x03,0x00,0x00,0x00,0x03,0x00,0x03,0x00,0x00,0x00,0x00,0x00,0x00,0x00}, // 7
    {0x00,0x00,0x00,0x00,0x00,0x00,0x00,0x00,0x00,0x00,0x00,0x00,0x00,0x00,0x00,0x00,0x00,0x00,0x10,0x00,0x08,0x00,0x0C,0x00,0x04,0x00,0x00,0x00,0x00,0x00,0x00,0x00}, // 8
    {0x00,0x00,0x00,0x00,0x00,0x00,0x00,0x00,0x00,0x00,0x00,0x00,0x0C,0x00,0x0C,0x00,0x00,0x00,0x0C,0x00,0x0C,0x00,0x04,0x00,0x08,0x00,0x10,0x00,0x00,0x00,0x00,0x00}, // 9
    {0x00,0x00,0x00,0x00,0x00,0x00,0x00,0x00,0x00,0x00,0x00,0x00,0x0C,0x00,0x0C,0x00,0x00,0x00,0x00,0x00,0x0C,0x00,0x0C,0x00,0x00,0x00,0x00,0x00,0x00,0x00,0x00,0x00}, // 10
    {0x00,0x40,0x00,0x90,0x01,0x20,0x02,0x40,0x04,0x80,0x09,0x00,0x12,0x00,0x09,0x00,0x04,0x80,0x02,0x40,0x01,0x20,0x00,0x90,0x00,0x40,0x00,0x00,0x00,0x00,0x00,0x00}, // 11
    {0x04,0x00,0x12,0x00,0x09,0x00,0x04,0x80,0x02,0x40,0x01,0x20,0x00,0x90,0x01,0x20,0x02,0x40,0x04,0x80,0x09,0x00,0x12,0x00,0x04,0x00,0x00,0x00,0x00,0x00,0x00,0x00}, // 12
    {0x00,0x00,0x00,0x00,0x00,0x00,0x00,0x00,0x00,0x00,0x00,0x00,0x00,0x00,0x00,0x00,0x00,0x00,0x00,0x00,0x00,0x00,0x00,0x00,0x00,0x00,0x00,0x00,0x00,0x00,0x00,0x00}, // 13
    {0x00,0x00,0x00,0x00,0x00,0x00,0x18,0x00,0x24,0x00,0x42,0x00,0x42,0x00,0x42,0x00,0x42,0x00,0x42,0x00,0x42,0x00,0x24,0x00,0x18,0x00,0x00,0x00,0x00,0x00,0x00,0x00}, // 14
    {0x00,0x00,0x00,0x00,0x00,0x00,0x10,0x00,0x70,0x00,0x10,0x00,0x10,0x00,0x10,0x00,0x10,0x00,0x10,0x00,0x10,0x00,0x10,0x00,0x7C,0x00,0x00,0x00,0x00,0x00,0x00,0x00}, // 15
    {0x00,0x00,0x00,0x00,0x00,0x00,0x3C,0x00,0x42,0x00,0x42,0x00,0x02,0x00,0x04,0x00,0x08,0x00,0x10,0x00,0x20,0x00,0x42,0x00,0x7E,0x00,0x00,0x00,0x00,0x00,0x00,0x00}, // 16
    {0x00,0x00,0x00,0x00,0x00,0x00,0x3C,0x00,0x42,0x00,0x42,0x00,0x04,0x00,0x18,0x00,0x04,0x00,0x02,0x00,0x42,0x00,0x42,0x00,0x3C,0x00,0x00,0x00,0x00,0x00,0x00,0x00}, // 17
    {0x00,0x00,0x00,0x00,0x00,0x00,0x04,0x00,0x0C,0x00,0x0C,0x00,0x14,0x00,0x24,0x00,0x44,0x00,0x7F,0x00,0x04,0x00,0x04,0x00,0x1E,0x00,0x00,0x00,0x00,0x00,0x00,0x00}, // 18
    {0x00,0x00,0x00,0x00,0x00,0x00,0x7E,0x00,0x40,0x00,0x40,0x00,0x7C,0x00,0x42,0x00,0x02,0x00,0x02,0x00,0x42,0x00,0x42,0x00,0x3C,0x00,0x00,0x00,0x00,0x00,0x00,0x00}, // 19
    {0x00,0x00,0x00,0x00,0x00,0x00,0x18,0x00,0x24,0x00,0x40,0x00,0x5C,0x00,0x62,0x00,0x42,0x00,0x42,0x00,0x42,0x00,0x22,0x00,0x1C,0x00,0x00,0x00,0x00,0x00,0x00,0x00}, // 20
    {0x00,0x00,0x00,0x00,0x00,0x00,0x7E,0x00,0x42,0x00,0x04,0x00,0x08,0x00,0x08,0x00,0x08,0x00,0x10,0x00,0x10,0x00,0x10,0x00,0x10,0x00,0x00,0x00,0x00,0x00,0x00,0x00}, // 21
    {0x00,0x00,0x00,0x00,0x00,0x00,0x3C,0x00,0x42,0x00,0x42,0x00,0x42,0x00,0x3C,0x00,0x24,0x00,0x42,0x00,0x42,0x00,0x42,0x00,0x3C,0x00,0x00,0x00,0x00,0x00,0x00,0x00}, // 22
    {0x00,0x00,0x00,0x00,0x00,0x00,0x38,0x00,0x44,0x00,0x42,0x00,0x42,0x00,0x46,0x00,0x3A,0x00,0x02,0x00,0x02,0x00,0x24,0x00,0x18,0x00,0x00,0x00,0x00,0x00,0x00,0x00}, // 23
    {0x00,0x00,0x7F,0xFC,0x00,0x80,0x00,0x80,0x01,0x00,0x03,0x00,0x05,0x20,0x09,0x10,0x11,0x08,0x21,0x04,0x41,0x04,0x01,0x00,0x01,0x00,0x01,0x00,0x00,0x00,0x00,0x00}, // 24
    {0x01,0x00,0x01,0x00,0x01,0x00,0x01,0x00,0x01,0x00,0x01,0x00,0x02,0x80,0x02,0x80,0x02,0x80,0x04,0x40,0x04,0x40,0x08,0x20,0x10,0x10,0x60,0x0C,0x00,0x00,0x00,0x00}, // 25
    {0x01,0x00,0x01,0x00,0x01,0x00,0x21,0x08,0x21,0x08,0x21,0x08,0x21,0x08,0x21,0x08,0x21,0x08,0x21,0x08,0x21,0x08,0x21,0x08,0x3F,0xF8,0x00,0x08,0x00,0x00,0x00,0x00}, // 26
    {0x3F,0xF8,0x20,0x08,0x20,0x08,0x20,0x08,0x20,0x08,0x20,0x08,0x3F,0xF8,0x20,0x08,0x20,0x08,0x20,0x08,0x20,0x08,0x20,0x08,0x3F,0xF8,0x20,0x08,0x00,0x00,0x00,0x00}, // 27
    {0x3F,0xF0,0x20,0x10,0x20,0x50,0x28,0x50,0x24,0x90,0x22,0x90,0x21,0x10,0x21,0x10,0x22,0x90,0x22,0x90,0x24,0x54,0x28,0x54,0x20,0x0C,0x40,0x04,0x00,0x00,0x00,0x00}, // 28
    {0x00,0x00,0x1F,0xF0,0x00,0x00,0x00,0x00,0x00,0x00,0x7F,0xFC,0x02,0x00,0x02,0x00,0x04,0x00,0x04,0x40,0x08,0x20,0x10,0x10,0x3F,0xF8,0x00,0x08,0x00,0x00,0x00,0x00}, // 29
    {0x00,0x00,0x3F,0xF8,0x01,0x00,0x01,0x00,0x01,0x00,0x01,0x00,0x7F,0xFC,0x01,0x00,0x02,0x80,0x02,0x80,0x04,0x40,0x08,0x20,0x10,0x10,0x60,0x0C,0x00,0x00,0x00,0x00}, // 30
    {0x00,0x00,0x3F,0xF8,0x01,0x00,0x01,0x00,0x01,0x00,0x01,0x00,0x7F,0xFC,0x02,0x80,0x02,0x80,0x04,0x80,0x08,0x80,0x10,0x84,0x20,0x84,0x40,0x7C,0x00,0x00,0x00,0x00}, // 31
    {0x01,0x00,0x3F,0xF8,0x01,0x00,0x1F,0xF0,0x02,0x00,0x7F,0xFC,0x08,0x20,0x10,0x10,0x6F,0xEC,0x08,0x20,0x0F,0xE0,0x08,0x20,0x0F,0xE0,0x08,0x20,0x00,0x00,0x00,0x00}, // 32
    {0x01,0x00,0x01,0x00,0x01,0x00,0x01,0x08,0x3D,0x90,0x05,0xA0,0x05,0x40,0x09,0x40,0x09,0x20,0x11,0x10,0x21,0x08,0x41,0x04,0x01,0x00,0x07,0x00,0x00,0x00,0x00,0x00}, // 33
    {0x08,0x20,0x08,0x20,0x7F,0xFC,0x08,0x20,0x04,0x40,0x04,0x40,0x08,0x48,0x18,0x50,0x28,0x60,0x48,0xC0,0x0B,0x40,0x08,0x44,0x08,0x44,0x08,0x3C,0x00,0x00,0x00,0x00}, // 34
    {0x01,0x00,0x01,0x00,0x01,0x00,0x01,0x00,0x01,0x00,0x01,0xF8,0x01,0x00,0x01,0x00,0x01,0x00,0x01,0x00,0x01,0x00,0x01,0x00,0x01,0x00,0x7F,0xFC,0x00,0x00,0x00,0x00}, // 35
    {0x08,0x00,0x0B,0xFC,0x10,0x08,0x10,0x08,0x33,0xC8,0x52,0x48,0x12,0x48,0x12,0x48,0x12,0x48,0x13,0xC8,0x12,0x08,0x10,0x08,0x10,0x08,0x10,0x38,0x00,0x00,0x00,0x00}, // 36
    {0x0F,0xF8,0x08,0x08,0x08,0x08,0x08,0x08,0x0F,0xF8,0x08,0x08,0x08,0x08,0x08,0x08,0x0F,0xF8,0x08,0x08,0x08,0x08,0x10,0x08,0x10,0x08,0x20,0x38,0x00,0x00,0x00,0x00}, // 37
    {0x00,0x00,0x00,0x00,0x00,0x00,0x00,0x00,0x00,0x00,0x00,0x00,0x7F,0xFC,0x00,0x00,0x00,0x00,0x00,0x00,0x00,0x00,0x00,0x00,0x00,0x00,0x00,0x00,0x00,0x00,0x00,0x00}, // 38
    {0x01,0x00,0x01,0x00,0x3F,0xF8,0x01,0x00,0x11,0x10,0x09,0x20,0x01,0x00,0x7F,0xFC,0x03,0x80,0x05,0x40,0x09,0x20,0x11,0x10,0x61,0x0C,0x01,0x00,0x00,0x00,0x00,0x00}, // 39
    {0x02,0x00,0x02,0x00,0x7F,0xFC,0x04,0x00,0x0F,0xF0,0x18,0x10,0x28,0x10,0x4F,0xF0,0x08,0x10,0x08,0x10,0x0F,0xF0,0x08,0x10,0x08,0x10,0x08,0x70,0x00,0x00,0x00,0x00}, // 40
    {0x01,0x00,0x01,0x00,0x3F,0xF8,0x21,0x08,0x21,0x08,0x21,0x08,0x21,0x08,0x21,0x08,0x3F,0xF8,0x21,0x08,0x01,0x00,0x01,0x00,0x01,0x00,0x01,0x00,0x00,0x00,0x00,0x00}, // 41
    {0x08,0x10,0x08,0x20,0x08,0x40,0x08,0x80,0x09,0x00,0x08,0x00,0x7F,0xFC,0x09,0x00,0x08,0x80,0x08,0x40,0x08,0x20,0x0A,0x10,0x0C,0x0C,0x08,0x00,0x00,0x00,0x00,0x00}, // 42
    {0x3F,0xF0,0x04,0x10,0x04,0x10,0x7F,0xFC,0x04,0x10,0x04,0x10,0x3F,0xF0,0x08,0x00,0x10,0x00,0x1F,0xF0,0x28,0x10,0x48,0x10,0x0F,0xF0,0x08,0x10,0x00,0x00,0x00,0x00}, // 43
    {0x00,0x10,0x00,0x10,0x78,0x10,0x4B,0xFC,0x48,0x10,0x48,0x10,0x79,0x10,0x48,0x90,0x48,0x90,0x48,0x10,0x78,0x10,0x48,0x10,0x00,0x10,0x00,0x70,0x00,0x00,0x00,0x00}, // 44
    {0x04,0x00,0x05,0xFC,0x24,0x04,0x24,0x04,0x24,0x04,0x24,0x04,0x24,0xFC,0x24,0x04,0x24,0x04,0x04,0x04,0x08,0x04,0x08,0x04,0x11,0xFC,0x20,0x04,0x00,0x00,0x00,0x00}, // 45
    {0x04,0x00,0x08,0x00,0x3F,0xF8,0x20,0x08,0x20,0x08,0x20,0x08,0x20,0x08,0x3F,0xF8,0x20,0x08,0x20,0x08,0x20,0x08,0x20,0x08,0x3F,0xF8,0x20,0x08,0x00,0x00,0x00,0x00}, // 46
    {0x00,0x00,0x20,0x00,0x13,0xF8,0x08,0x40,0x00,0x40,0x40,0x40,0x20,0x40,0x00,0x40,0x08,0x40,0x08,0x40,0x10,0x40,0x10,0x40,0x20,0x40,0x27,0xFC,0x00,0x00,0x00,0x00}, // 47
    {0x08,0x00,0x08,0xFC,0x08,0x84,0x7E,0x84,0x08,0x84,0x18,0xFC,0x1C,0x84,0x2A,0x84,0x28,0xFC,0x48,0x84,0x08,0x84,0x08,0x84,0x08,0xFC,0x08,0x84,0x00,0x00,0x00,0x00}, // 48
    {0x06,0x20,0x38,0x20,0x08,0x20,0x08,0xA4,0x7E,0xA4,0x08,0xA4,0x19,0x28,0x1C,0x20,0x2A,0x50,0x28,0x50,0x48,0x50,0x08,0x88,0x08,0x88,0x09,0x04,0x00,0x00,0x00,0x00}, // 49
    {0x01,0x00,0x11,0x00,0x11,0x00,0x1F,0xF8,0x21,0x00,0x21,0x00,0x41,0x00,0x01,0x00,0x1F,0xF0,0x01,0x00,0x01,0x00,0x01,0x00,0x01,0x00,0x7F,0xFC,0x00,0x00,0x00,0x00}, // 50
    {0x08,0x00,0x11,0xF8,0x20,0x00,0x48,0x00,0x08,0x00,0x13,0xFC,0x30,0x20,0x50,0x20,0x10,0x20,0x10,0x20,0x10,0x20,0x10,0x20,0x10,0x20,0x10,0xE0,0x00,0x00,0x00,0x00}, // 51
    {0x02,0x00,0x12,0x00,0x0A,0x00,0x02,0x00,0x7F,0xF8,0x02,0x08,0x04,0x08,0x04,0x88,0x04,0x48,0x08,0x48,0x08,0x08,0x10,0x08,0x20,0x10,0x40,0x60,0x00,0x00,0x00,0x00}, // 52
    {0x02,0x00,0x01,0x00,0x7F,0xFC,0x44,0x44,0x48,0x24,0x10,0x10,0x00,0x00,0x1F,0xF0,0x01,0x00,0x01,0x00,0x01,0x00,0x01,0x00,0x01,0x00,0x7F,0xFC,0x00,0x00,0x00,0x00}, // 53
    {0x08,0x00,0x08,0x00,0x0F,0xF8,0x10,0x80,0x20,0x80,0x4F,0xF0,0x08,0x80,0x08,0x80,0x08,0x80,0x7F,0xFC,0x00,0x80,0x00,0x80,0x00,0x80,0x00,0x80,0x00,0x00,0x00,0x00}, // 54
    {0x00,0xFC,0x7C,0x84,0x44,0x84,0x44,0x84,0x44,0xFC,0x7C,0x84,0x44,0x84,0x44,0x84,0x44,0xFC,0x7C,0x84,0x41,0x04,0x01,0x04,0x02,0x04,0x04,0x1C,0x00,0x00,0x00,0x00}, // 55
    {0x00,0x40,0x23,0xF8,0x10,0x40,0x0B,0xF8,0x00,0x40,0x47,0xFC,0x20,0x00,0x0B,0xF8,0x0A,0x08,0x13,0xF8,0x12,0x08,0x23,0xF8,0x22,0x08,0x02,0x38,0x00,0x00,0x00,0x00}, // 56
    {0x3F,0xF8,0x21,0x08,0x21,0x08,0x3F,0xF8,0x21,0x08,0x21,0x08,0x3F,0xF8,0x01,0x00,0x01,0x00,0x3F,0xF8,0x01,0x00,0x01,0x00,0x01,0x00,0x7F,0xFC,0x00,0x00,0x00,0x00}, // 57
    {0x02,0x00,0x01,0x00,0x00,0x80,0x00,0x80,0x04,0x00,0x04,0x00,0x24,0x10,0x24,0x08,0x24,0x08,0x24,0x04,0x44,0x04,0x04,0x20,0x04,0x20,0x03,0xE0,0x00,0x00,0x00,0x00}, // 58
    {0x02,0x00,0x04,0x00,0x3F,0xF8,0x20,0x08,0x20,0x08,0x3F,0xF8,0x20,0x08,0x20,0x08,0x3F,0xF8,0x20,0x08,0x20,0x08,0x20,0x08,0x3F,0xF8,0x20,0x08,0x00,0x00,0x00,0x00}, // 59
    {0x1F,0xF0,0x10,0x10,0x10,0x10,0x11,0x10,0x11,0x10,0x11,0x10,0x11,0x10,0x11,0x10,0x12,0x90,0x12,0x90,0x04,0x80,0x08,0x84,0x10,0x84,0x60,0x7C,0x00,0x00,0x00,0x00}, // 60
    {0x04,0x40,0x04,0x40,0x04,0x40,0x24,0x48,0x24,0x48,0x27,0x50,0x24,0x60,0x24,0x40,0x24,0x40,0x24,0x40,0x24,0x40,0x27,0x44,0x78,0x44,0x00,0x3C,0x00,0x00,0x00,0x00}, // 61
    {0x01,0x00,0x01,0x00,0x01,0x00,0x3F,0xF8,0x01,0x00,0x01,0x00,0x01,0x00,0x7F,0xFC,0x02,0x00,0x04,0x00,0x08,0x20,0x10,0x10,0x3F,0xF8,0x00,0x08,0x00,0x00,0x00,0x00}, // 62
    {0x01,0x00,0x3F,0xF8,0x01,0x00,0x1F,0xF0,0x01,0x00,0x7F,0xFC,0x00,0x00,0x1F,0xF0,0x10,0x10,0x1F,0xF0,0x10,0x10,0x1F,0xF0,0x10,0x10,0x10,0x70,0x00,0x00,0x00,0x00}, // 63
    {0x10,0x00,0x10,0x00,0x10,0x7C,0x3E,0x44,0x28,0x44,0x48,0x44,0x08,0x44,0x7F,0x44,0x08,0x44,0x08,0x44,0x14,0x44,0x12,0x7C,0x22,0x44,0x40,0x00,0x00,0x00,0x00,0x00}, // 64
    {0x00,0x00,0x7F,0xFC,0x02,0x00,0x02,0x00,0x02,0x00,0x02,0x40,0x02,0x20,0x02,0x10,0x02,0x10,0x02,0x00,0x02,0x00,0x02,0x00,0x02,0x00,0x02,0x00,0x00,0x00,0x00,0x00}, // 65
    {0x01,0x00,0x02,0x80,0x04,0x40,0x08,0x20,0x10,0x10,0x6F,0xEC,0x01,0x00,0x01,0x00,0x3F,0xF8,0x01,0x00,0x11,0x10,0x09,0x10,0x09,0x20,0x7F,0xFC,0x00,0x00,0x00,0x00}, // 66
    {0x02,0x00,0x01,0x00,0x7F,0xFC,0x00,0x00,0x0F,0xE0,0x08,0x20,0x0F,0xE0,0x00,0x00,0x3F,0xF8,0x20,0x08,0x27,0xC8,0x24,0x48,0x27,0xC8,0x20,0x18,0x00,0x00,0x00,0x00}, // 67
    {0x3F,0xF8,0x00,0x10,0x00,0x20,0x00,0x40,0x00,0x80,0x01,0x00,0x7F,0xFC,0x01,0x00,0x01,0x00,0x01,0x00,0x01,0x00,0x01,0x00,0x01,0x00,0x07,0x00,0x00,0x00,0x00,0x00}, // 68
    {0x00,0x00,0x7F,0xC0,0x00,0x40,0x00,0x48,0x00,0x50,0x00,0x60,0x00,0x50,0x00,0x48,0x00,0x40,0x00,0x20,0x00,0x24,0x00,0x14,0x00,0x0C,0x00,0x04,0x00,0x00,0x00,0x00}, // 69
    {0x04,0x40,0x7F,0xFC,0x04,0x40,0x00,0x80,0x20,0xF0,0x11,0x10,0x0A,0xA0,0x40,0x40,0x21,0xB0,0x0E,0x0C,0x11,0xF0,0x11,0x10,0x21,0xF0,0x21,0x10,0x00,0x00,0x00,0x00}, // 70
    {0x7F,0xFC,0x04,0x00,0x04,0x00,0x04,0x00,0x04,0x00,0x07,0xF0,0x04,0x10,0x08,0x10,0x08,0x10,0x08,0x10,0x10,0x10,0x10,0x10,0x20,0x10,0x40,0xE0,0x00,0x00,0x00,0x00}, // 71
    {0x02,0x00,0x01,0x00,0x7F,0xFC,0x08,0x80,0x08,0x80,0x10,0xF8,0x11,0x48,0x32,0x28,0x55,0x10,0x10,0xA0,0x10,0x40,0x10,0xA0,0x11,0x10,0x16,0x0C,0x00,0x00,0x00,0x00}, // 72
    {0x10,0x28,0x10,0x24,0x10,0x20,0x13,0xFC,0x7A,0x20,0x12,0x24,0x13,0xA4,0x12,0xA8,0x12,0xA8,0x12,0x90,0x1A,0x94,0x65,0xB4,0x04,0x4C,0x08,0x84,0x00,0x00,0x00,0x00}, // 73
    {0x08,0x00,0x08,0x00,0x08,0xFC,0x7E,0x84,0x12,0x84,0x12,0x84,0x12,0x84,0x22,0x84,0x24,0x84,0x14,0x84,0x08,0x84,0x14,0xFC,0x22,0x84,0x40,0x00,0x00,0x00,0x00,0x00}, // 74
    {0x01,0x00,0x01,0x00,0x7F,0xFC,0x01,0x00,0x3F,0xF8,0x24,0x48,0x22,0x88,0x2F,0xE8,0x21,0x08,0x3F,0xF8,0x21,0x08,0x21,0x08,0x21,0x08,0x20,0x38,0x00,0x00,0x00,0x00}, // 75
    {0x10,0x00,0x0B,0xFC,0x08,0x04,0x20,0x04,0x20,0x04,0x20,0x04,0x20,0x04,0x20,0x04,0x20,0x04,0x20,0x04,0x20,0x04,0x20,0x04,0x20,0x04,0x20,0x1C,0x00,0x00,0x00,0x00}, // 76
    {0x02,0x00,0x02,0x00,0x7F,0xFC,0x04,0x00,0x08,0x40,0x08,0x40,0x18,0x40,0x2B,0xF8,0x48,0x40,0x08,0x40,0x08,0x40,0x08,0x40,0x0F,0xFC,0x08,0x00,0x00,0x00,0x00,0x00}, // 77
    {0x00,0x00,0x3F,0xF8,0x01,0x00,0x01,0x00,0x01,0x00,0x01,0x00,0x01,0x00,0x1F,0xF0,0x01,0x00,0x01,0x00,0x01,0x20,0x01,0x10,0x01,0x00,0x7F,0xFC,0x00,0x00,0x00,0x00}, // 78
    {0x01,0x00,0x7F,0xFC,0x44,0x44,0x1F,0xF0,0x04,0x40,0x1F,0xF0,0x04,0x40,0x7F,0xFC,0x08,0x20,0x13,0x10,0x60,0xCC,0x06,0x00,0x01,0x80,0x00,0x40,0x00,0x00,0x00,0x00}, // 79
    {0x00,0x40,0x20,0x20,0x13,0xFC,0x08,0x40,0x00,0x90,0x41,0x08,0x23,0xFC,0x08,0x04,0x09,0x50,0x11,0x50,0x11,0x50,0x21,0x50,0x22,0x54,0x04,0x0C,0x00,0x00,0x00,0x00}, // 80
    {0x01,0x00,0x21,0x08,0x21,0x08,0x21,0x08,0x21,0x08,0x3F,0xF8,0x01,0x00,0x01,0x00,0x41,0x04,0x41,0x04,0x41,0x04,0x41,0x04,0x7F,0xFC,0x00,0x04,0x00,0x00,0x00,0x00}, // 81
    {0x02,0x08,0x21,0x10,0x10,0x00,0x17,0xFC,0x01,0x00,0x03,0xF8,0x72,0x08,0x13,0xF8,0x12,0x08,0x13,0xF8,0x12,0x08,0x13,0xF8,0x28,0x00,0x47,0xFC,0x00,0x00,0x00,0x00}, // 82
    {0x08,0x00,0x08,0x7C,0x7F,0x44,0x08,0x44,0x3E,0x44,0x22,0x7C,0x3E,0x44,0x22,0x44,0x3E,0x7C,0x08,0x44,0x7F,0x44,0x08,0x84,0x08,0x84,0x09,0x1C,0x00,0x00,0x00,0x00}, // 83
    {0x02,0x00,0x01,0x00,0x7F,0xFC,0x44,0x04,0x0F,0xF0,0x34,0x60,0x03,0x80,0x0C,0x60,0x70,0x1C,0x1F,0xF0,0x10,0x10,0x10,0x10,0x1F,0xF0,0x10,0x10,0x00,0x00,0x00,0x00}, // 84
    {0x00,0x00,0x23,0xF0,0x10,0x00,0x10,0x00,0x00,0x00,0x07,0xF8,0x71,0x20,0x11,0x20,0x11,0x20,0x11,0x24,0x12,0x24,0x14,0x1C,0x28,0x00,0x47,0xFC,0x00,0x00,0x00,0x00}, // 85
    {0x00,0xF0,0x3F,0x00,0x01,0x00,0x01,0x00,0x01,0x00,0x01,0x00,0x7F,0xFC,0x01,0x00,0x01,0x00,0x01,0x00,0x01,0x00,0x01,0x00,0x01,0x00,0x01,0x00,0x00,0x00,0x00,0x00}, // 86
    {0x01,0x00,0x01,0x00,0x3F,0xF8,0x01,0x00,0x01,0x00,0x01,0x00,0x7F,0xFC,0x03,0x80,0x05,0x40,0x09,0x20,0x11,0x10,0x61,0x0C,0x01,0x00,0x01,0x00,0x00,0x00,0x00,0x00}, // 87
    {0x02,0x00,0x02,0x00,0x3F,0xF8,0x04,0x00,0x09,0x00,0x11,0x00,0x1F,0xF0,0x01,0x00,0x01,0x00,0x11,0x20,0x11,0x10,0x21,0x08,0x41,0x08,0x07,0x00,0x00,0x00,0x00,0x00}, // 88
    {0x3F,0xE0,0x00,0x20,0x10,0x20,0x10,0x20,0x10,0x20,0x10,0x20,0x1F,0xFC,0x00,0x04,0x00,0x04,0x00,0x04,0x7F,0xE4,0x00,0x04,0x00,0x04,0x00,0x18,0x00,0x00,0x00,0x00}, // 89
    {0x3F,0xF8,0x08,0x20,0x08,0x20,0x08,0x20,0x08,0x20,0x08,0x20,0x7F,0xFC,0x08,0x20,0x08,0x20,0x08,0x20,0x10,0x20,0x10,0x20,0x20,0x20,0x40,0x20,0x00,0x00,0x00,0x00}, // 90
    {0x00,0x00,0x27,0xFC,0x10,0x20,0x10,0x20,0x00,0x40,0x00,0xD0,0x71,0x48,0x12,0x44,0x14,0x44,0x10,0x40,0x10,0x40,0x10,0x40,0x28,0x00,0x47,0xFC,0x00,0x00,0x00,0x00}, // 91
    {0x04,0x40,0x7F,0xFC,0x04,0x40,0x00,0x00,0x1F,0xF0,0x10,0x10,0x1F,0xF0,0x10,0x10,0x1F,0xF0,0x01,0x00,0x7F,0xFC,0x01,0x00,0x01,0x00,0x01,0x00,0x00,0x00,0x00,0x00}, // 92
    {0x04,0x00,0x02,0x00,0x02,0x00,0x01,0x00,0x01,0x00,0x02,0x80,0x02,0x80,0x04,0x40,0x04,0x40,0x08,0x20,0x08,0x20,0x10,0x10,0x20,0x08,0x40,0x04,0x00,0x00,0x00,0x00}, // 93
    {0x01,0x00,0x01,0x00,0x02,0x80,0x04,0x40,0x0A,0x20,0x11,0x10,0x61,0x0C,0x00,0x00,0x1F,0xE0,0x00,0x20,0x00,0x40,0x00,0x40,0x00,0x80,0x01,0x00,0x00,0x00,0x00,0x00}, // 94
    {0x00,0x00,0x3F,0xF8,0x00,0x00,0x00,0x00,0x00,0x00,0x00,0x00,0x00,0x00,0x1F,0xF0,0x00,0x00,0x00,0x00,0x00,0x00,0x00,0x00,0x00,0x00,0x7F,0xFC,0x00,0x00,0x00,0x00}, // 95
    {0x00,0x20,0x7F,0xA0,0x01,0x20,0x3D,0x3C,0x25,0x24,0x3D,0x48,0x00,0x10,0x7F,0x90,0x01,0x10,0x3D,0x10,0x25,0x28,0x3D,0x28,0x21,0x28,0x07,0x44,0x00,0x00,0x00,0x00}, // 96
    {0x00,0x40,0x3C,0x40,0x24,0x78,0x24,0x88,0x25,0x50,0x3C,0x20,0x08,0x50,0x29,0x8C,0x2E,0x00,0x28,0xF8,0x28,0x88,0x2E,0x88,0x70,0xF8,0x00,0x88,0x00,0x00,0x00,0x00}, // 97
    {0x00,0x00,0x3F,0xF8,0x00,0x08,0x00,0x08,0x20,0x08,0x20,0x08,0x3F,0xF8,0x20,0x00,0x20,0x00,0x20,0x00,0x20,0x00,0x20,0x04,0x20,0x04,0x1F,0xFC,0x00,0x00,0x00,0x00}, // 98
    {0x08,0x20,0x08,0x20,0x08,0x20,0x7E,0xFC,0x08,0x20,0x18,0x20,0x1C,0x70,0x2A,0x70,0x28,0xA8,0x48,0xA8,0x09,0x24,0x08,0x20,0x08,0x20,0x08,0x20,0x00,0x00,0x00,0x00}, // 99
    {0x08,0x00,0x08,0x00,0x1F,0xF0,0x20,0x20,0x40,0x40,0x3F,0xF8,0x21,0x08,0x21,0x08,0x21,0x08,0x3F,0xF8,0x20,0x00,0x20,0x04,0x20,0x04,0x1F,0xFC,0x00,0x00,0x00,0x00}, // 100
    {0x10,0x00,0x08,0xF8,0x7E,0x88,0x20,0xF8,0x20,0x88,0x26,0xF8,0x38,0x88,0x21,0x38,0x00,0x00,0x3F,0xF8,0x01,0x00,0x1F,0xF0,0x01,0x00,0x7F,0xFC,0x00,0x00,0x00,0x00}, // 101
    {0x10,0x08,0x10,0x08,0x17,0x88,0x78,0xFC,0x14,0x88,0x12,0x88,0x3A,0xC8,0x35,0x28,0x51,0x28,0x12,0x88,0x12,0x88,0x14,0x08,0x18,0x08,0x10,0x38,0x00,0x00,0x00,0x00}, // 102
    {0x00,0x00,0x3E,0xFC,0x22,0x84,0x24,0x84,0x24,0x84,0x28,0x84,0x24,0xFC,0x22,0x84,0x22,0x84,0x22,0x84,0x22,0x84,0x2C,0xFC,0x20,0x84,0x20,0x00,0x00,0x00,0x00,0x00}, // 103
    {0x08,0x80,0x08,0xF8,0x49,0x10,0x2A,0xA0,0x28,0x40,0x08,0x90,0x09,0x10,0x1B,0xFC,0x28,0x10,0x49,0x10,0x08,0x90,0x08,0x10,0x08,0x10,0x08,0x70,0x00,0x00,0x00,0x00}, // 104
    {0x01,0x00,0x21,0x08,0x11,0x10,0x09,0x20,0x01,0x00,0x7F,0xFC,0x04,0x40,0x04,0x40,0x04,0x40,0x04,0x40,0x08,0x40,0x08,0x44,0x10,0x44,0x20,0x3C,0x00,0x00,0x00,0x00}, // 105
    {0x08,0x00,0x0F,0xFC,0x10,0x00,0x2F,0xF0,0x48,0x10,0x0F,0xF0,0x08,0x10,0x0F,0xF0,0x04,0x00,0x0F,0xF0,0x34,0x60,0x03,0x80,0x0C,0x60,0x70,0x1C,0x00,0x00,0x00,0x00}, // 106
    {0x00,0x00,0x7F,0xFC,0x04,0x40,0x04,0x40,0x3F,0xF8,0x24,0x48,0x24,0x48,0x24,0x48,0x24,0x48,0x28,0x38,0x30,0x08,0x20,0x08,0x3F,0xF8,0x20,0x08,0x00,0x00,0x00,0x00}, // 107
    {0x10,0x40,0x10,0x40,0x12,0x48,0x12,0x58,0x7A,0xE8,0x17,0x48,0x12,0x48,0x12,0x48,0x12,0x48,0x12,0x58,0x1A,0x40,0x62,0x04,0x02,0x04,0x01,0xFC,0x00,0x00,0x00,0x00}, // 108
    {0x00,0x00,0x3F,0xFC,0x20,0x04,0x20,0x04,0x27,0xE4,0x24,0x24,0x24,0x24,0x24,0x24,0x24,0x24,0x27,0xE4,0x20,0x04,0x20,0x04,0x3F,0xFC,0x20,0x04,0x00,0x00,0x00,0x00}, // 109
    {0x01,0x00,0x7F,0xFC,0x40,0x04,0x00,0x00,0x3F,0xF8,0x06,0x00,0x09,0x10,0x32,0xA0,0x04,0xC0,0x19,0xA0,0x62,0xA0,0x0C,0x90,0x70,0x8C,0x03,0x00,0x00,0x00,0x00,0x00}, // 110
    {0x02,0x20,0x21,0x20,0x10,0x3C,0x07,0xA0,0x02,0x40,0x42,0x38,0x23,0x88,0x0A,0x90,0x0A,0xFC,0x12,0x90,0x12,0x90,0x24,0x90,0x25,0x90,0x08,0x30,0x00,0x00,0x00,0x00}, // 111
    {0x00,0x04,0x3F,0x04,0x21,0x04,0x21,0x24,0x3F,0x24,0x08,0x24,0x08,0x24,0x7F,0xA4,0x08,0xA4,0x08,0xA4,0x10,0x84,0x10,0x84,0x20,0x84,0x43,0x1C,0x00,0x00,0x00,0x00}, // 112
    {0x04,0x00,0x04,0x00,0x0F,0xE0,0x18,0x40,0x24,0x80,0x03,0x40,0x0C,0x80,0x71,0xF8,0x02,0x10,0x0C,0x20,0x32,0x40,0x01,0x80,0x06,0x00,0x78,0x00,0x00,0x00,0x00,0x00}, // 113
    {0x01,0x00,0x21,0x00,0x11,0xFC,0x02,0x00,0x45,0xF8,0x21,0x48,0x01,0x28,0x17,0xFC,0x11,0x08,0x22,0x48,0x22,0x28,0x43,0xFC,0x40,0x08,0x00,0x30,0x00,0x00,0x00,0x00}, // 114
    {0x08,0x40,0x48,0x40,0x28,0x40,0x13,0xF8,0x2A,0x48,0x4A,0x48,0x0A,0x48,0x1A,0x48,0x2B,0xF8,0x48,0x40,0x08,0x48,0x08,0x44,0x0F,0xFC,0x30,0x04,0x00,0x00,0x00,0x00}, // 115
    {0x00,0x00,0x3F,0xF8,0x21,0x08,0x21,0x08,0x3F,0xF8,0x21,0x08,0x21,0x08,0x3F,0xF8,0x02,0x00,0x01,0x00,0x29,0x08,0x28,0x04,0x48,0x24,0x07,0xE0,0x00,0x00,0x00,0x00}, // 116
    {0x10,0x0C,0x08,0x70,0x7F,0x40,0x22,0x40,0x14,0x40,0x7F,0x7C,0x00,0x48,0x08,0x48,0x7F,0x48,0x08,0x48,0x2A,0x48,0x49,0x48,0x08,0x88,0x39,0x08,0x00,0x00,0x00,0x00}, // 117
    {0x10,0x00,0x0B,0xFC,0x00,0x04,0x20,0x04,0x2F,0xF4,0x24,0x24,0x27,0xE4,0x24,0x24,0x27,0xE4,0x24,0x24,0x24,0xF4,0x2F,0x24,0x20,0x24,0x20,0x0C,0x00,0x00,0x00,0x00}, // 118
    {0x00,0x00,0x7F,0xFC,0x01,0x00,0x01,0x00,0x3F,0xF8,0x21,0x08,0x29,0x48,0x25,0x28,0x21,0x08,0x29,0x48,0x25,0x28,0x21,0x08,0x21,0x08,0x20,0x38,0x00,0x00,0x00,0x00}, // 119
    {0x10,0x40,0x10,0x40,0x10,0x40,0x1E,0x40,0x22,0x50,0x22,0x48,0x22,0x44,0x52,0x44,0x14,0x40,0x14,0x40,0x08,0x40,0x16,0x40,0x21,0xFC,0x40,0x00,0x00,0x00,0x00,0x00}, // 120
    {0x14,0x20,0x12,0x20,0x21,0x20,0x48,0x7C,0x08,0x44,0x14,0x88,0x22,0x20,0x41,0x20,0x3E,0x20,0x22,0x20,0x22,0x50,0x22,0x50,0x3E,0x88,0x23,0x04,0x00,0x00,0x00,0x00}, // 121
    {0x04,0x40,0x04,0x40,0x04,0x40,0x04,0x44,0x7C,0x48,0x04,0x50,0x04,0x60,0x04,0x40,0x04,0x40,0x0C,0x40,0x14,0x40,0x64,0x44,0x04,0x44,0x04,0x3C,0x00,0x00,0x00,0x00}, // 122
    {0x00,0x00,0x7F,0xFC,0x00,0x10,0x00,0x10,0x1F,0x90,0x10,0x90,0x10,0x90,0x10,0x90,0x10,0x90,0x1F,0x90,0x10,0x10,0x00,0x10,0x00,0x10,0x00,0x70,0x00,0x00,0x00,0x00}, // 123
    {0x01,0x00,0x7F,0xFC,0x01,0x00,0x3F,0xF8,0x00,0x00,0x3F,0xF8,0x21,0x08,0x21,0x08,0x3F,0xF8,0x20,0x08,0x20,0x00,0x20,0x00,0x20,0x00,0x40,0x00,0x00,0x00,0x00,0x00}, // 124
    {0x00,0x00,0x27,0xFC,0x14,0x04,0x01,0x10,0x42,0x08,0x24,0x44,0x00,0x40,0x17,0xFC,0x10,0xE0,0x21,0x50,0x21,0x50,0x42,0x48,0x44,0x44,0x00,0x40,0x00,0x00,0x00,0x00}, // 125
    {0x01,0x00,0x7F,0xFC,0x01,0x00,0x1F,0xF0,0x11,0x10,0x1F,0xF0,0x01,0x00,0x1F,0xF0,0x01,0x10,0x7F,0xFC,0x01,0x10,0x1F,0xF0,0x01,0x00,0x07,0x00,0x00,0x00,0x00,0x00}, // 126
    {0x02,0x00,0x01,0x00,0x7F,0xFC,0x04,0x00,0x04,0x00,0x04,0x00,0x07,0xF0,0x04,0x10,0x04,0x10,0x08,0x10,0x08,0x10,0x10,0x10,0x20,0x10,0x40,0x60,0x00,0x00,0x00,0x00}, // 127
    {0x00,0x50,0x00,0x48,0x00,0x40,0x3F,0xFC,0x20,0x40,0x20,0x48,0x3E,0x48,0x22,0x48,0x22,0x50,0x22,0x50,0x22,0x24,0x2C,0x54,0x20,0x8C,0x41,0x04,0x00,0x00,0x00,0x00}, // 128
    {0x02,0x00,0x04,0x00,0x3F,0xFC,0x20,0x04,0x20,0x04,0x27,0xE4,0x24,0x24,0x24,0x24,0x24,0x24,0x27,0xE4,0x20,0x04,0x20,0x04,0x20,0x04,0x20,0x1C,0x00,0x00,0x00,0x00}, // 129
    {0x00,0x00,0x2F,0xFC,0x11,0x20,0x01,0x20,0x47,0xF8,0x25,0x28,0x05,0x28,0x16,0x18,0x14,0x08,0x27,0xF8,0x24,0x08,0x44,0x08,0x47,0xF8,0x04,0x08,0x00,0x00,0x00,0x00}, // 130
    {0x04,0x40,0x04,0x40,0x3F,0xF8,0x04,0x40,0x7F,0xFC,0x01,0x00,0x1F,0xF0,0x11,0x10,0x1F,0xF0,0x11,0x10,0x1F,0xF0,0x08,0x20,0x10,0x10,0x20,0x08,0x00,0x00,0x00,0x00}, // 131
    {0x20,0xA0,0x10,0x90,0x11,0x00,0x01,0xFC,0x03,0x20,0x75,0x20,0x11,0xF8,0x11,0x20,0x11,0x20,0x11,0xF8,0x15,0x20,0x19,0x20,0x11,0xFC,0x01,0x00,0x00,0x00,0x00,0x00}, // 132
    {0x10,0x00,0x13,0xF8,0x16,0x08,0x5A,0x48,0x52,0x48,0x53,0xF8,0x52,0x48,0x12,0x48,0x12,0xA8,0x13,0x18,0x2A,0x08,0x2A,0x08,0x23,0xF8,0x42,0x08,0x00,0x00,0x00,0x00}, // 133
    {0x10,0x10,0x08,0x20,0x7F,0xFC,0x00,0x00,0x3F,0x08,0x21,0x48,0x21,0x48,0x3F,0x48,0x21,0x48,0x21,0x48,0x3F,0x48,0x21,0x08,0x21,0x08,0x27,0x38,0x00,0x00,0x00,0x00}, // 134
    {0x0B,0xF8,0x12,0x08,0x23,0xF8,0x4A,0x08,0x0B,0xF8,0x10,0x00,0x33,0xF8,0x50,0x10,0x17,0xFC,0x10,0x10,0x12,0x10,0x11,0x10,0x10,0x10,0x10,0x70,0x00,0x00,0x00,0x00}, // 135
    {0x02,0x00,0x04,0x00,0x1F,0xE0,0x10,0x20,0x14,0x20,0x12,0xE0,0x10,0x00,0x1F,0xF8,0x00,0x08,0x00,0x08,0x7F,0xE8,0x00,0x08,0x00,0x08,0x00,0x30,0x00,0x00,0x00,0x00}, // 136
    {0x00,0x00,0x23,0xF8,0x11,0x08,0x09,0x08,0x01,0x08,0x41,0x08,0x21,0x10,0x08,0x90,0x08,0xA0,0x10,0x40,0x10,0xA0,0x21,0x10,0x22,0x08,0x04,0x04,0x00,0x00,0x00,0x00}, // 137
    {0x08,0x00,0x08,0x00,0x0F,0xFC,0x08,0x00,0x08,0x00,0x10,0x00,0x1F,0xFC,0x00,0x04,0x00,0x04,0x7F,0xF4,0x00,0x04,0x00,0x04,0x00,0x04,0x00,0x18,0x00,0x00,0x00,0x00}, // 138
    {0x10,0x00,0x10,0x00,0x1F,0xFC,0x20,0x00,0x4F,0xF0,0x00,0x00,0x3F,0xF0,0x00,0x10,0x00,0x10,0x00,0x10,0x00,0x10,0x00,0x14,0x00,0x0C,0x00,0x04,0x00,0x00,0x00,0x00}, // 139
    {0x3F,0xFC,0x20,0x04,0x20,0x04,0x2F,0xF4,0x20,0x04,0x20,0x04,0x27,0xE4,0x24,0x24,0x24,0x24,0x24,0x24,0x27,0xE4,0x20,0x04,0x20,0x04,0x20,0x1C,0x00,0x00,0x00,0x00}, // 140
    {0x02,0x00,0x01,0x00,0x01,0x00,0x7F,0xFC,0x02,0x00,0x02,0x00,0x05,0x08,0x09,0x10,0x18,0xA0,0x28,0x40,0x48,0x20,0x0A,0x10,0x0C,0x0C,0x08,0x00,0x00,0x00,0x00,0x00}, // 141
    {0x06,0x40,0x38,0x50,0x08,0x48,0x08,0x40,0x7F,0xFC,0x08,0x40,0x08,0x48,0x0E,0x48,0x18,0x50,0x68,0x50,0x08,0x24,0x08,0x54,0x08,0x8C,0x39,0x04,0x00,0x00,0x00,0x00}, // 142
    {0x08,0x20,0x7F,0xFC,0x08,0x20,0x1F,0xF0,0x10,0x10,0x1F,0xF0,0x10,0x10,0x7F,0xFC,0x10,0x10,0x2F,0xE8,0x48,0x24,0x0F,0xE0,0x08,0x20,0x0F,0xE0,0x00,0x00,0x00,0x00}, // 143
    {0x02,0x00,0x02,0x00,0x04,0x20,0x08,0x10,0x10,0x08,0x3F,0xFC,0x00,0x04,0x00,0x00,0x1F,0xF8,0x10,0x08,0x10,0x08,0x10,0x08,0x1F,0xF8,0x10,0x08,0x00,0x00,0x00,0x00}, // 144
    {0x00,0x00,0x1F,0xF8,0x10,0x08,0x10,0x08,0x1F,0xF8,0x10,0x80,0x10,0x40,0x20,0x20,0x26,0x10,0x41,0x8C,0x00,0x00,0x0E,0x00,0x01,0x80,0x00,0x60,0x00,0x00,0x00,0x00}, // 145
    {0x06,0x20,0x38,0x24,0x08,0xA4,0x7E,0xA8,0x09,0x20,0x1C,0x50,0x2A,0x50,0x48,0x88,0x09,0x04,0x01,0x00,0x08,0x88,0x28,0x84,0x28,0x24,0x47,0xE0,0x00,0x00,0x00,0x00}, // 146
    {0x02,0x00,0x02,0x40,0x02,0x20,0x02,0x00,0x7F,0xFC,0x02,0x80,0x04,0x88,0x04,0x90,0x04,0xA0,0x08,0xC0,0x08,0x80,0x11,0x84,0x26,0x84,0x40,0x7C,0x00,0x00,0x00,0x00}, // 147
    {0x00,0x00,0x3F,0xF8,0x01,0x00,0x01,0x00,0x01,0x00,0x01,0x00,0x01,0x00,0x1F,0xF0,0x01,0x00,0x01,0x00,0x01,0x00,0x01,0x00,0x01,0x00,0x7F,0xFC,0x00,0x00,0x00,0x00}, // 148
    {0x04,0x80,0x04,0x80,0x24,0xFC,0x25,0x20,0x25,0x10,0x26,0x10,0x24,0x00,0x25,0xFC,0x25,0x24,0x25,0x24,0x25,0x24,0x05,0xFC,0x05,0x04,0x04,0x00,0x00,0x00,0x00,0x00}, // 149
    {0x00,0xF8,0x3F,0x00,0x01,0x00,0x7F,0xFC,0x01,0x00,0x1F,0xF0,0x11,0x10,0x1F,0xF0,0x11,0x10,0x1F,0xF0,0x01,0x00,0x3F,0xF8,0x01,0x00,0x7F,0xFC,0x00,0x00,0x00,0x00}, // 150
    {0x10,0x40,0x12,0x48,0x11,0x50,0x7B,0xFC,0x11,0x50,0x12,0x48,0x38,0x04,0x34,0x40,0x53,0xFC,0x10,0x90,0x11,0x90,0x10,0x60,0x10,0x90,0x13,0x08,0x00,0x00,0x00,0x00}, // 151
    {0x08,0x40,0x08,0x40,0x08,0x40,0x08,0x40,0x08,0x40,0x08,0x40,0x08,0x40,0x14,0xA0,0x12,0xA0,0x12,0xA0,0x21,0x10,0x21,0x10,0x42,0x08,0x04,0x04,0x00,0x00,0x00,0x00}, // 152
    {0x00,0x00,0x27,0xFC,0x10,0x08,0x08,0x08,0x03,0xC8,0x42,0x48,0x22,0x48,0x02,0x48,0x0A,0x48,0x0B,0xC8,0x12,0x08,0x10,0x08,0x20,0x08,0x20,0x38,0x00,0x00,0x00,0x00}, // 153
    {0x10,0x40,0x13,0xF8,0x10,0x40,0x1B,0xF8,0x54,0x40,0x57,0xFC,0x50,0x00,0x13,0xF8,0x12,0x08,0x13,0xF8,0x12,0x08,0x13,0xF8,0x12,0x08,0x12,0x38,0x00,0x00,0x00,0x00}, // 154
    {0x01,0x00,0x11,0x10,0x11,0x08,0x22,0x00,0x3F,0xFC,0x02,0x00,0x04,0x00,0x07,0xF0,0x0A,0x10,0x12,0x20,0x21,0x40,0x40,0x80,0x03,0x60,0x1C,0x1C,0x00,0x00,0x00,0x00}, // 155
    {0x3F,0xF8,0x01,0x00,0x01,0x00,0x11,0x10,0x09,0x10,0x09,0x20,0x01,0x00,0x7F,0xFC,0x01,0x00,0x01,0x00,0x01,0x00,0x01,0x00,0x01,0x00,0x01,0x00,0x00,0x00,0x00,0x00}, // 156
    {0x00,0x40,0x00,0x40,0x78,0x40,0x48,0x40,0x48,0x40,0x4F,0xFC,0x48,0x40,0x48,0x40,0x48,0x40,0x78,0x40,0x48,0x40,0x00,0x40,0x00,0x40,0x00,0x40,0x00,0x00,0x00,0x00}, // 157
    {0x00,0x00,0x7F,0xFC,0x02,0x00,0x02,0x00,0x04,0x00,0x08,0x00,0x1F,0xF8,0x28,0x08,0x48,0x08,0x08,0x08,0x08,0x08,0x08,0x08,0x0F,0xF8,0x08,0x08,0x00,0x00,0x00,0x00}, // 158
    {0x1F,0xF0,0x10,0x10,0x1F,0xF0,0x10,0x10,0x1F,0xF0,0x00,0x00,0x7F,0xFC,0x01,0x00,0x11,0x00,0x11,0xF0,0x11,0x00,0x11,0x00,0x29,0x00,0x47,0xFC,0x00,0x00,0x00,0x00}, // 159
    {0x00,0x78,0x3F,0x80,0x01,0x00,0x1F,0xF0,0x02,0x00,0x7F,0xFC,0x04,0x00,0x0F,0xF0,0x18,0x10,0x2F,0xF0,0x48,0x10,0x0F,0xF0,0x08,0x10,0x0F,0xF0,0x00,0x00,0x00,0x00}, // 160
    {0x01,0x10,0x27,0xFC,0x11,0x10,0x00,0x00,0x47,0xFC,0x21,0x10,0x01,0x10,0x17,0xFC,0x15,0x14,0x25,0x14,0x26,0xAC,0x44,0x04,0x44,0x04,0x04,0x1C,0x00,0x00,0x00,0x00}, // 161
    {0x01,0x00,0x00,0x80,0x3F,0xFC,0x20,0x00,0x21,0x00,0x20,0x88,0x20,0x48,0x28,0x48,0x24,0x08,0x22,0x10,0x22,0x10,0x20,0x20,0x20,0x40,0x4F,0xFC,0x00,0x00,0x00,0x00}, // 162
    {0x00,0x70,0x1F,0x80,0x01,0x00,0x7F,0xFC,0x05,0x40,0x19,0x30,0x61,0x0C,0x1F,0xF0,0x10,0x10,0x10,0x10,0x1F,0xF0,0x10,0x10,0x10,0x10,0x1F,0xF0,0x00,0x00,0x00,0x00}, // 163
    {0x08,0x40,0x08,0x40,0x10,0x40,0x14,0x44,0x34,0x44,0x54,0x44,0x14,0x44,0x14,0x44,0x14,0x44,0x14,0x44,0x14,0x44,0x14,0x44,0x17,0xFC,0x10,0x04,0x00,0x00,0x00,0x00}, // 164
    {0x1F,0xF0,0x01,0x00,0x7F,0xFC,0x41,0x04,0x5D,0x74,0x01,0x00,0x1D,0x70,0x00,0x00,0x3F,0xF8,0x00,0x08,0x1F,0xF8,0x00,0x08,0x3F,0xF8,0x00,0x08,0x00,0x00,0x00,0x00}, // 165
    {0x00,0x70,0x1F,0x80,0x10,0x00,0x11,0x00,0x21,0x00,0x21,0x00,0x3F,0xFC,0x01,0x00,0x01,0x00,0x11,0x20,0x11,0x10,0x21,0x08,0x41,0x08,0x07,0x00,0x00,0x00,0x00,0x00}, // 166
    {0x01,0x00,0x3F,0xF8,0x08,0x20,0x04,0x40,0x7F,0xFC,0x00,0x00,0x1F,0xF0,0x10,0x10,0x1F,0xF0,0x10,0x10,0x1F,0xF0,0x29,0x08,0x28,0x24,0x47,0xE4,0x00,0x00,0x00,0x00}, // 167
    {0x00,0x00,0x7F,0xFC,0x01,0x00,0x3F,0xF8,0x21,0x08,0x3F,0xF8,0x21,0x08,0x21,0x08,0x3F,0xF8,0x11,0x00,0x0A,0x00,0x06,0x00,0x19,0xC0,0x60,0x3C,0x00,0x00,0x00,0x00}, // 168
    {0x02,0x10,0x02,0x08,0x3F,0xF4,0x02,0x10,0x02,0x10,0x02,0x10,0x02,0x10,0x7F,0xFC,0x02,0x04,0x02,0x04,0x02,0x04,0x02,0x04,0x02,0x18,0x02,0x00,0x00,0x00,0x00,0x00}, // 169
    {0x20,0x40,0x10,0x40,0x03,0xF8,0x7A,0x48,0x0A,0x48,0x12,0x48,0x13,0xF8,0x3A,0x48,0x56,0x48,0x12,0x48,0x13,0xF8,0x12,0x48,0x10,0x40,0x10,0x40,0x00,0x00,0x00,0x00}, // 170
    {0x02,0x00,0x01,0x00,0x7F,0xFC,0x00,0x00,0x1F,0xF0,0x00,0x00,0x1F,0xF0,0x00,0x00,0x1F,0xF0,0x10,0x10,0x10,0x10,0x10,0x10,0x1F,0xF0,0x10,0x10,0x00,0x00,0x00,0x00}, // 171
    {0x02,0x00,0x02,0x08,0x1F,0xD0,0x02,0x20,0x02,0x40,0x7F,0xFC,0x01,0x00,0x02,0x10,0x04,0x60,0x1D,0x80,0x66,0x00,0x04,0x08,0x04,0x08,0x03,0xF8,0x00,0x00,0x00,0x00}, // 172
    {0x08,0x40,0x10,0x4C,0x22,0x70,0x7F,0x44,0x01,0x44,0x00,0x3C,0x3E,0x00,0x22,0x44,0x3E,0x48,0x22,0x70,0x3E,0x40,0x22,0x44,0x22,0x44,0x26,0x3C,0x00,0x00,0x00,0x00}, // 173
    {0x00,0x00,0x27,0xF8,0x24,0x08,0x24,0x08,0x24,0x08,0x24,0x08,0x27,0xF8,0x24,0x08,0x24,0x08,0x24,0x08,0x24,0x08,0x24,0x08,0x27,0xF8,0x24,0x08,0x00,0x00,0x00,0x00}, // 174
    {0x00,0x80,0x20,0x80,0x10,0x80,0x17,0xF8,0x00,0x88,0x00,0x88,0x70,0x88,0x10,0x88,0x11,0x08,0x11,0x08,0x12,0x08,0x14,0x30,0x28,0x00,0x47,0xFC,0x00,0x00,0x00,0x00}, // 175
    {0x08,0x80,0x08,0x88,0x10,0x90,0x30,0xE0,0x51,0x80,0x16,0x84,0x10,0x84,0x10,0x7C,0x11,0x00,0x01,0x00,0x7F,0xFC,0x01,0x00,0x01,0x00,0x01,0x00,0x00,0x00,0x00,0x00}, // 176
    {0x3F,0xFC,0x01,0x00,0x02,0x00,0x04,0x00,0x1F,0xF8,0x10,0x08,0x10,0x08,0x10,0x08,0x1F,0xF8,0x10,0x08,0x10,0x08,0x10,0x08,0x1F,0xF8,0x10,0x08,0x00,0x00,0x00,0x00}, // 177
    {0x08,0x40,0x08,0x40,0x08,0x40,0x7E,0x7C,0x08,0x88,0x09,0x48,0x08,0x48,0x3E,0x48,0x22,0x50,0x22,0x50,0x22,0x20,0x3E,0x50,0x20,0x88,0x01,0x04,0x00,0x00,0x00,0x00}, // 178
    {0x08,0x20,0x7F,0xFC,0x08,0x20,0x02,0x00,0x01,0x00,0x7F,0xFC,0x04,0x00,0x04,0x00,0x07,0xF0,0x08,0x10,0x08,0x10,0x10,0x10,0x20,0x10,0x40,0x60,0x00,0x00,0x00,0x00}, // 179
    {0x02,0x00,0x01,0x00,0x7F,0xFC,0x40,0x04,0x1F,0xF0,0x10,0x10,0x10,0x10,0x1F,0xF0,0x00,0x00,0x3F,0xF8,0x20,0x08,0x20,0x08,0x3F,0xF8,0x20,0x08,0x00,0x00,0x00,0x00}, // 180
    {0x01,0x00,0x01,0x00,0x01,0x00,0x7F,0xFC,0x01,0x00,0x01,0x00,0x01,0x00,0x1F,0xF0,0x10,0x10,0x10,0x10,0x10,0x10,0x10,0x10,0x1F,0xF0,0x10,0x10,0x00,0x00,0x00,0x00}, // 181
    {0x08,0x20,0x04,0x20,0x04,0x40,0x3F,0xF8,0x01,0x00,0x01,0x00,0x01,0x00,0x7F,0xFC,0x02,0x80,0x02,0x80,0x04,0x40,0x08,0x20,0x10,0x10,0x60,0x0C,0x00,0x00,0x00,0x00}, // 182
    {0x04,0x40,0x04,0x40,0x08,0x20,0x08,0x20,0x10,0x10,0x20,0x08,0x5F,0xE4,0x04,0x20,0x04,0x20,0x04,0x20,0x08,0x20,0x10,0x20,0x20,0x20,0x40,0xC0,0x00,0x00,0x00,0x00}, // 183
    {0x01,0x00,0x02,0x80,0x04,0x40,0x08,0x20,0x10,0x10,0x6F,0xEC,0x01,0x00,0x01,0x00,0x3F,0xF8,0x01,0x00,0x09,0x20,0x11,0x10,0x21,0x08,0x07,0x00,0x00,0x00,0x00,0x00}, // 184
    {0x08,0x00,0x08,0xF8,0x3E,0x08,0x08,0x08,0x08,0x08,0x7E,0xF8,0x08,0x80,0x08,0x80,0x2E,0x84,0x28,0x84,0x28,0x7C,0x28,0x00,0x58,0x00,0x47,0xFC,0x00,0x00,0x00,0x00}, // 185
    {0x02,0x00,0x01,0x00,0x7F,0xFC,0x40,0x04,0x42,0x04,0x02,0x00,0x7F,0xFC,0x04,0x20,0x08,0x20,0x1E,0x40,0x01,0x80,0x02,0x60,0x0C,0x10,0x70,0x08,0x00,0x00,0x00,0x00}, // 186
    {0x01,0x00,0x01,0x00,0x01,0x00,0x01,0x00,0x7F,0xFC,0x01,0x00,0x02,0x80,0x02,0x80,0x02,0x80,0x04,0x40,0x04,0x40,0x08,0x20,0x10,0x10,0x60,0x0C,0x00,0x00,0x00,0x00}, // 187
    {0x10,0x40,0x11,0x9C,0x11,0x54,0x7D,0x54,0x11,0x54,0x11,0x54,0x39,0x54,0x35,0x54,0x51,0x54,0x11,0xD4,0x11,0x5C,0x10,0x50,0x10,0x90,0x11,0x10,0x00,0x00,0x00,0x00}, // 188
    {0x02,0x00,0x04,0x00,0x1F,0xF0,0x10,0x10,0x12,0x10,0x11,0x10,0x11,0x10,0x7F,0xFC,0x12,0x10,0x11,0x10,0x11,0x10,0x10,0x10,0x20,0x10,0x40,0x70,0x00,0x00,0x00,0x00}, // 189
    {0x02,0x00,0x01,0x00,0x7F,0xFC,0x00,0x00,0x14,0x50,0x13,0x90,0x14,0x50,0x1F,0xF0,0x01,0x00,0x3F,0xF8,0x24,0x48,0x2F,0xE8,0x20,0x08,0x20,0x38,0x00,0x00,0x00,0x00}, // 190
    {0x08,0x80,0x48,0x90,0x28,0x88,0x10,0x80,0x2B,0xFC,0x48,0xA0,0x08,0xA0,0x18,0xA0,0x28,0xA0,0x48,0xA0,0x09,0x20,0x09,0x24,0x0A,0x24,0x34,0x1C,0x00,0x00,0x00,0x00}, // 191
    {0x3F,0xFC,0x20,0x04,0x2F,0xF4,0x21,0x04,0x21,0x04,0x27,0xE4,0x21,0x04,0x21,0x44,0x21,0x24,0x2F,0xF4,0x20,0x04,0x20,0x04,0x3F,0xFC,0x20,0x04,0x00,0x00,0x00,0x00}, // 192
    {0x09,0x00,0x09,0x00,0x09,0xFC,0x12,0x80,0x12,0x80,0x34,0x80,0x50,0xF8,0x10,0x80,0x10,0x80,0x10,0x80,0x10,0xFC,0x10,0x80,0x10,0x80,0x10,0x80,0x00,0x00,0x00,0x00}, // 193
    {0x01,0x00,0x09,0x20,0x09,0x20,0x51,0x44,0x55,0x54,0x7D,0xF4,0x49,0x24,0x49,0x24,0x55,0x54,0x7D,0xF4,0x45,0x14,0x41,0x04,0x7F,0xFC,0x00,0x04,0x00,0x00,0x00,0x00}, // 194
    {0x01,0x00,0x21,0x08,0x21,0x08,0x3F,0xF8,0x04,0x00,0x04,0x00,0x0F,0xF0,0x10,0x10,0x28,0x20,0x04,0x40,0x02,0x80,0x03,0x00,0x0C,0x00,0x70,0x00,0x00,0x00,0x00,0x00}, // 195
    {0x10,0x50,0x10,0x48,0x1E,0x40,0x13,0xFC,0x2A,0x40,0x24,0xA0,0x54,0xA0,0x09,0x10,0x12,0x08,0x24,0x04,0x40,0x00,0x24,0x88,0x22,0x44,0x42,0x44,0x00,0x00,0x00,0x00}, // 196
    {0x20,0x1C,0x17,0xE8,0x12,0x88,0x01,0x50,0x02,0x00,0x73,0xF8,0x14,0x40,0x10,0x40,0x17,0xFC,0x10,0x40,0x12,0x48,0x13,0xF8,0x28,0x00,0x47,0xFC,0x00,0x00,0x00,0x00}, // 197
    {0x02,0x00,0x01,0x00,0x01,0x00,0x7F,0xFC,0x08,0x20,0x08,0x20,0x04,0x40,0x04,0x40,0x02,0x80,0x01,0x00,0x02,0x80,0x04,0x40,0x18,0x30,0x60,0x0C,0x00,0x00,0x00,0x00}, // 198
    {0x10,0x40,0x10,0x40,0x10,0x40,0x1E,0x40,0x22,0x60,0x22,0x50,0x52,0x48,0x0C,0x44,0x04,0x44,0x08,0x40,0x08,0x40,0x10,0x40,0x20,0x40,0x40,0x40,0x00,0x00,0x00,0x00}, // 199
    {0x00,0x20,0x78,0x20,0x4D,0xFC,0x4A,0x40,0x50,0xF8,0x51,0x88,0x48,0xF8,0x4E,0x88,0x4A,0xF8,0x4A,0x88,0x72,0x88,0x42,0x98,0x45,0x00,0x48,0xFC,0x00,0x00,0x00,0x00}, // 200
    {0x20,0x00,0x10,0x00,0x01,0xFC,0x7C,0x44,0x08,0x44,0x10,0x44,0x14,0x44,0x38,0x44,0x54,0x44,0x14,0x84,0x10,0x84,0x11,0x04,0x12,0x04,0x14,0x18,0x00,0x00,0x00,0x00}, // 201
    {0x01,0x00,0x21,0x08,0x11,0x10,0x09,0x20,0x7F,0xF8,0x00,0x08,0x00,0x08,0x00,0x08,0x3F,0xF8,0x00,0x08,0x00,0x08,0x00,0x08,0x7F,0xF8,0x00,0x08,0x00,0x00,0x00,0x00}, // 202
    {0x01,0x00,0x09,0x20,0x09,0x10,0x11,0x08,0x21,0x04,0x41,0x04,0x00,0x00,0x01,0x00,0x01,0x00,0x3F,0xF8,0x01,0x00,0x01,0x00,0x01,0x00,0x7F,0xFC,0x00,0x00,0x00,0x00}, // 203
    {0x02,0x00,0x02,0x00,0x04,0x00,0x07,0xF8,0x08,0x08,0x14,0x10,0x22,0x10,0x01,0x20,0x01,0x40,0x00,0x80,0x01,0x00,0x06,0x00,0x18,0x00,0x60,0x00,0x00,0x00,0x00,0x00}, // 204
    {0x00,0x00,0x3F,0xF8,0x02,0x00,0x02,0x00,0x02,0x00,0x02,0x00,0x3F,0xF0,0x04,0x10,0x04,0x10,0x04,0x10,0x08,0x10,0x08,0x10,0x08,0x10,0x7F,0xFC,0x00,0x00,0x00,0x00}, // 205
    {0x00,0x00,0x3E,0xF8,0x2A,0x08,0x2A,0x50,0x3E,0x20,0x2B,0xFC,0x2A,0x24,0x3E,0x28,0x08,0x20,0x3E,0x20,0x08,0x20,0x0E,0x20,0x70,0x20,0x00,0xE0,0x00,0x00,0x00,0x00}, // 206
    {0x10,0x00,0x13,0xF0,0x20,0x10,0x29,0xF0,0x78,0x10,0x13,0xFC,0x20,0x40,0x7A,0x48,0x01,0x50,0x00,0xE0,0x19,0x50,0x66,0x4C,0x00,0x40,0x01,0xC0,0x00,0x00,0x00,0x00}, // 207
    {0x1F,0xF0,0x01,0x00,0x7F,0xFC,0x41,0x04,0x1D,0x70,0x00,0x80,0x3C,0xF8,0x25,0x90,0x3C,0x60,0x08,0x90,0x2D,0x0C,0x28,0xF0,0x2E,0x90,0x70,0xF0,0x00,0x00,0x00,0x00}, // 208
    {0x00,0x40,0x00,0x80,0x79,0xF8,0x49,0x08,0x49,0x48,0x49,0x18,0x49,0x00,0x49,0xFC,0x48,0x04,0x78,0x04,0x4B,0xF4,0x00,0x04,0x00,0x04,0x00,0x18,0x00,0x00,0x00,0x00}, // 209
    {0x04,0x40,0x7F,0xFC,0x04,0x40,0x00,0x00,0x1F,0xF0,0x10,0x10,0x1F,0xF0,0x10,0x10,0x1F,0xF0,0x01,0x00,0x7F,0xFC,0x02,0x80,0x0C,0x60,0x70,0x1C,0x00,0x00,0x00,0x00}, // 210
    {0x02,0x40,0x02,0x40,0x02,0x40,0x3F,0xFC,0x22,0x44,0x22,0x44,0x22,0x44,0x3F,0xFC,0x22,0x44,0x22,0x44,0x22,0x44,0x22,0x44,0x3F,0xFC,0x20,0x04,0x00,0x00,0x00,0x00}, // 211
    {0x00,0x80,0x00,0x80,0x79,0xF0,0x4A,0x10,0x4C,0x20,0x4B,0xF8,0x7A,0x48,0x4A,0x48,0x4B,0xF8,0x48,0xA0,0x78,0xA0,0x49,0x20,0x02,0x24,0x04,0x1C,0x00,0x00,0x00,0x00}, // 212
    {0x00,0xA0,0x00,0x90,0x7D,0x00,0x05,0xFC,0x07,0x20,0x49,0x20,0x29,0xF8,0x11,0x20,0x19,0x20,0x29,0xF8,0x25,0x20,0x45,0x20,0x01,0xFC,0x01,0x00,0x00,0x00,0x00,0x00}, // 213
    {0x00,0x00,0x3C,0xFC,0x24,0x84,0x24,0x84,0x28,0x84,0x28,0xFC,0x24,0x84,0x24,0x84,0x24,0xFC,0x24,0x84,0x38,0x84,0x21,0x04,0x21,0x04,0x22,0x1C,0x00,0x00,0x00,0x00}, // 214
    {0x00,0x00,0x78,0x78,0x0B,0xA0,0x12,0xA0,0x12,0xA0,0x12,0xA0,0x16,0xA0,0x1A,0x90,0x72,0x90,0x12,0x90,0x12,0x88,0x12,0xA8,0x14,0xD4,0x70,0x80,0x00,0x00,0x00,0x00}, // 215
    {0x3F,0xF8,0x01,0x00,0x7F,0xFC,0x49,0x24,0x01,0x00,0x1D,0x70,0x08,0x00,0x08,0xF8,0x7E,0x88,0x18,0xF8,0x2C,0x88,0x4A,0xF8,0x08,0x88,0x08,0xF8,0x00,0x00,0x00,0x00}, // 216
    {0x04,0x40,0x04,0x40,0x7C,0x7C,0x04,0x40,0x04,0x40,0x04,0x40,0x3C,0x78,0x04,0x40,0x04,0x40,0x04,0x40,0x7C,0x7C,0x04,0x40,0x04,0x40,0x04,0x40,0x00,0x00,0x00,0x00}, // 217
    {0x06,0x18,0x38,0xE0,0x20,0x80,0x20,0x80,0x3E,0x80,0x22,0xFC,0x22,0x90,0x22,0x90,0x3E,0x90,0x20,0x90,0x20,0x90,0x20,0x90,0x21,0x10,0x42,0x10,0x00,0x00,0x00,0x00}, // 218
    {0x10,0x40,0x10,0x40,0x10,0x40,0x1E,0x7C,0x28,0x90,0x29,0x10,0x4A,0x10,0x08,0x10,0x08,0x10,0x08,0x10,0x08,0x10,0x08,0x10,0x08,0x10,0x08,0x70,0x00,0x00,0x00,0x00}, // 219
    {0x10,0x04,0x10,0x84,0x10,0x84,0x10,0x84,0x10,0x84,0x10,0x84,0x10,0x84,0x10,0x84,0x10,0x84,0x10,0x84,0x10,0x84,0x20,0x84,0x20,0x04,0x40,0x04,0x00,0x00,0x00,0x00}, // 220
    {0x10,0x00,0x1F,0xF8,0x2A,0xA0,0x4A,0xA0,0x3F,0xF8,0x0A,0xA0,0x7F,0xFC,0x10,0x20,0x1E,0xF8,0x22,0x20,0x55,0x20,0x09,0xFC,0x10,0x20,0x60,0x20,0x00,0x00,0x00,0x00}, // 221
    {0x12,0x20,0x1A,0xA0,0x2A,0xA0,0x4F,0xBC,0x10,0x48,0x10,0x28,0x2F,0xA8,0x60,0x28,0x27,0x28,0x25,0x10,0x25,0x10,0x25,0xA8,0x25,0x28,0x28,0x44,0x00,0x00,0x00,0x00}, // 222
    {0x00,0x80,0x20,0x80,0x17,0xF8,0x11,0x00,0x02,0x40,0x02,0x40,0x77,0xF8,0x10,0x40,0x10,0x40,0x17,0xFC,0x10,0x40,0x10,0x40,0x28,0x40,0x47,0xFC,0x00,0x00,0x00,0x00}, // 223
    {0x01,0x00,0x01,0x00,0x79,0x00,0x49,0xFC,0x4A,0x04,0x4A,0x08,0x4C,0x40,0x48,0x40,0x48,0x40,0x78,0xA0,0x48,0xA0,0x01,0x10,0x02,0x08,0x04,0x04,0x00,0x00,0x00,0x00}, // 224
    {0x10,0x20,0x11,0x20,0x11,0x20,0x7D,0x10,0x12,0x10,0x12,0x48,0x3C,0x44,0x34,0x80,0x50,0x80,0x11,0x20,0x11,0x10,0x12,0x10,0x17,0xF8,0x10,0x08,0x00,0x00,0x00,0x00}, // 225
    {0x01,0x00,0x00,0x80,0x1F,0xFC,0x10,0x00,0x17,0x0C,0x11,0x70,0x12,0x10,0x14,0x10,0x17,0x7C,0x11,0x10,0x15,0x10,0x22,0x7C,0x25,0x80,0x48,0x7C,0x00,0x00,0x00,0x00}, // 226
    {0x00,0x40,0x20,0x40,0x12,0x48,0x0A,0x58,0x02,0xE8,0x47,0x48,0x22,0x48,0x0A,0x48,0x0A,0x48,0x12,0x58,0x12,0x40,0x22,0x04,0x22,0x04,0x01,0xFC,0x00,0x00,0x00,0x00}, // 227
    {0x10,0x00,0x0B,0xFC,0x08,0x04,0x20,0x04,0x27,0xE4,0x24,0x24,0x24,0x24,0x27,0xE4,0x24,0x24,0x24,0x24,0x27,0xE4,0x20,0x04,0x20,0x04,0x20,0x1C,0x00,0x00,0x00,0x00}, // 228
    {0x06,0x00,0x78,0xFC,0x40,0x44,0x48,0x44,0x54,0x84,0x61,0x18,0x00,0x00,0x3F,0xF8,0x21,0x08,0x21,0x08,0x3F,0xF8,0x21,0x08,0x21,0x08,0x3F,0xF8,0x00,0x00,0x00,0x00}, // 229
    {0x00,0x80,0x04,0x80,0x04,0x40,0x08,0x40,0x08,0x20,0x10,0x10,0x22,0x08,0x42,0x04,0x04,0x00,0x04,0x80,0x08,0x40,0x10,0x20,0x3F,0xF0,0x00,0x10,0x00,0x00,0x00,0x00}, // 230
    {0x00,0x40,0x20,0x40,0x10,0x40,0x01,0x50,0x41,0x48,0x22,0x44,0x04,0x44,0x10,0x40,0x10,0x48,0x20,0x10,0x20,0x20,0x40,0x40,0x41,0x80,0x06,0x00,0x00,0x00,0x00,0x00}, // 231
    {0x04,0x40,0x02,0x40,0x02,0x40,0x10,0x40,0x08,0x40,0x08,0x40,0x00,0x40,0x7F,0xFC,0x00,0x80,0x00,0xA0,0x01,0x10,0x02,0x08,0x0C,0x04,0x30,0x04,0x00,0x00,0x00,0x00}, // 232
    {0x02,0x00,0x01,0x00,0x3F,0xF8,0x08,0x20,0x04,0x40,0x7F,0xFC,0x41,0x04,0x41,0x04,0x1F,0xF0,0x11,0x10,0x11,0x10,0x11,0x10,0x11,0x70,0x01,0x00,0x00,0x00,0x00,0x00}, // 233
    {0x02,0x00,0x01,0x00,0x01,0x00,0x7F,0xFC,0x04,0x40,0x04,0x40,0x14,0x50,0x14,0x48,0x24,0x44,0x44,0x44,0x08,0x40,0x08,0x40,0x10,0x40,0x21,0xC0,0x00,0x00,0x00,0x00}, // 234
    {0x00,0x10,0x20,0x10,0x10,0x10,0x17,0xFC,0x00,0x10,0x02,0x10,0x71,0x10,0x11,0x10,0x10,0x10,0x10,0x10,0x10,0x10,0x10,0x70,0x28,0x00,0x47,0xFC,0x00,0x00,0x00,0x00}, // 235
    {0x3F,0xF0,0x20,0x10,0x20,0x10,0x2F,0xD0,0x20,0x50,0x20,0x50,0x24,0x50,0x22,0x90,0x21,0x10,0x22,0x90,0x24,0x54,0x28,0x54,0x20,0x0C,0x40,0x04,0x00,0x00,0x00,0x00}, // 236
    {0x00,0x10,0x00,0x10,0x3E,0x10,0x02,0xFC,0x02,0x10,0x24,0x10,0x14,0x90,0x08,0x50,0x0C,0x50,0x14,0x10,0x12,0x10,0x22,0x10,0x40,0x10,0x00,0x70,0x00,0x00,0x00,0x00}, // 237
    {0x02,0x00,0x04,0x00,0x1F,0xF0,0x10,0x10,0x1F,0xF0,0x10,0x10,0x1F,0xF4,0x10,0x18,0x7F,0xF0,0x00,0xD0,0x03,0x10,0x0C,0x10,0x70,0x10,0x00,0x70,0x00,0x00,0x00,0x00}, // 238
    {0x04,0x40,0x7C,0x7C,0x04,0x40,0x04,0x40,0x3C,0x78,0x04,0x40,0x04,0x40,0x7C,0x7C,0x04,0x40,0x01,0x00,0x08,0x88,0x28,0x84,0x28,0x24,0x47,0xE0,0x00,0x00,0x00,0x00}, // 239
    {0x04,0x00,0x04,0x20,0x08,0x20,0x10,0x40,0x3F,0x80,0x01,0x08,0x02,0x08,0x0C,0x10,0x3F,0xF0,0x00,0x20,0x00,0x40,0x01,0x80,0x0E,0x00,0x70,0x00,0x00,0x00,0x00,0x00}, // 240
    {0x00,0x40,0x3C,0x40,0x00,0x40,0x01,0xFC,0x00,0x44,0x7E,0x44,0x10,0x44,0x10,0x44,0x24,0x44,0x22,0x44,0x7E,0x84,0x02,0x84,0x01,0x04,0x02,0x18,0x00,0x00,0x00,0x00}, // 241
    {0x00,0x38,0x1F,0xC0,0x10,0x00,0x10,0x00,0x1F,0xFC,0x10,0x00,0x10,0x00,0x17,0xF8,0x14,0x08,0x14,0x08,0x24,0x08,0x24,0x08,0x47,0xF8,0x04,0x08,0x00,0x00,0x00,0x00}, // 242
    {0x10,0x00,0x10,0x00,0x25,0xF8,0x24,0x40,0x78,0x40,0x08,0x40,0x10,0x40,0x20,0x40,0x7C,0x40,0x00,0x40,0x00,0x40,0x0C,0x40,0x70,0x40,0x03,0xFC,0x00,0x00,0x00,0x00}, // 243
    {0x10,0x00,0x13,0xFC,0x10,0x20,0x18,0x20,0x54,0x40,0x50,0x40,0x50,0xD0,0x11,0x48,0x12,0x44,0x14,0x44,0x10,0x40,0x10,0x40,0x10,0x40,0x10,0x40,0x00,0x00,0x00,0x00}, // 244
    {0x00,0x90,0x3E,0xA0,0x02,0x48,0x14,0x50,0x08,0x20,0x17,0xD0,0x20,0x0C,0x4F,0xE0,0x08,0x20,0x08,0x20,0x0F,0xE0,0x08,0x20,0x04,0x40,0x7F,0xFC,0x00,0x00,0x00,0x00}, // 245
    {0x01,0x00,0x11,0x10,0x11,0x10,0x11,0x10,0x29,0x28,0x25,0x24,0x45,0x44,0x01,0x00,0x3F,0xF8,0x01,0x00,0x01,0x00,0x01,0x00,0x01,0x00,0x7F,0xFC,0x00,0x00,0x00,0x00}, // 246
    {0x04,0x00,0x04,0x00,0x04,0x00,0x3F,0xE0,0x04,0x20,0x04,0x20,0x04,0x20,0x04,0x20,0x04,0x20,0x08,0x20,0x08,0x20,0x10,0x24,0x20,0x24,0x40,0x1C,0x00,0x00,0x00,0x00}, // 247
    {0x0F,0xE0,0x08,0x20,0x08,0x20,0x08,0x20,0x08,0x20,0x08,0x20,0x08,0x20,0x08,0x20,0x08,0x20,0x08,0x20,0x10,0x20,0x10,0x24,0x20,0x24,0x40,0x1C,0x00,0x00,0x00,0x00}, // 248
    {0x08,0x20,0x7E,0xFC,0x08,0x20,0x1C,0x70,0x2A,0xA8,0x48,0x24,0x00,0x00,0x3F,0xF8,0x01,0x08,0x11,0x00,0x11,0xF0,0x11,0x00,0x29,0x00,0x47,0xFC,0x00,0x00,0x00,0x00}, // 249
    {0x08,0x20,0x08,0x20,0x08,0x20,0x3F,0xF8,0x08,0x20,0x08,0x20,0x08,0x20,0x08,0x20,0x7F,0xFC,0x00,0x00,0x08,0x20,0x10,0x10,0x20,0x08,0x40,0x04,0x00,0x00,0x00,0x00}, // 250
    {0x3F,0x84,0x20,0x88,0x3F,0x90,0x20,0xA0,0x3F,0x84,0x04,0x04,0x7F,0xC8,0x00,0x10,0x3F,0xA0,0x20,0x84,0x3F,0x84,0x04,0x08,0x24,0x90,0x4C,0x60,0x00,0x00,0x00,0x00}, // 251
    {0x00,0x20,0x20,0x20,0x13,0xFC,0x0A,0x24,0x02,0x24,0x42,0x20,0x23,0xF8,0x0A,0x88,0x0A,0x88,0x12,0x48,0x12,0x50,0x24,0x20,0x24,0xD0,0x0B,0x0C,0x00,0x00,0x00,0x00}, // 252
    {0x10,0x00,0x11,0xF8,0x7C,0x10,0x20,0x20,0x20,0x50,0x50,0x88,0x7D,0x04,0x12,0x00,0x11,0xF8,0x1C,0x20,0x70,0x20,0x10,0x20,0x10,0x20,0x13,0xFC,0x00,0x00,0x00,0x00}, // 253
    {0x08,0x00,0x08,0x7C,0x08,0x44,0x7F,0x44,0x08,0x44,0x08,0x7C,0x08,0x44,0x3E,0x44,0x22,0x7C,0x22,0x44,0x22,0x44,0x3E,0x84,0x20,0x84,0x01,0x1C,0x00,0x00,0x00,0x00}, // 254
    {0x08,0x18,0x48,0xE0,0x6A,0x80,0x5C,0x80,0x48,0x80,0x7E,0xFC,0x48,0x90,0x5C,0x90,0x6A,0x90,0x4A,0x90,0x48,0x90,0x48,0x90,0x41,0x10,0x7E,0x10,0x00,0x00,0x00,0x00}, // 255
    {0x10,0x80,0x10,0x80,0x20,0xF0,0x49,0x10,0x7A,0xA0,0x10,0x40,0x20,0xA0,0x41,0x10,0x7A,0x0C,0x00,0xC0,0x00,0x30,0x19,0x80,0x60,0x60,0x00,0x10,0x00,0x00,0x00,0x00}, // 256
    {0x3D,0xF8,0x24,0x88,0x24,0x88,0x24,0x88,0x3D,0x30,0x24,0x00,0x25,0xF8,0x25,0x08,0x25,0x08,0x3D,0xF8,0x00,0x00,0x24,0x88,0x22,0x44,0x42,0x44,0x00,0x00,0x00,0x00}, // 257
    {0x20,0x00,0x17,0xFC,0x00,0x04,0x21,0x04,0x21,0x04,0x2F,0xE4,0x21,0x04,0x23,0x84,0x25,0x44,0x29,0x24,0x31,0x24,0x21,0x04,0x21,0x04,0x20,0x1C,0x00,0x00,0x00,0x00}, // 258
    {0x00,0x70,0x1F,0x80,0x01,0x00,0x01,0x00,0x3F,0xF8,0x09,0x20,0x09,0x20,0x7F,0xFC,0x09,0x20,0x09,0x20,0x3F,0xF8,0x01,0x00,0x01,0x00,0x1F,0xF0,0x00,0x00,0x00,0x00}, // 259
    {0x01,0x00,0x21,0x08,0x21,0x08,0x3F,0xF8,0x00,0x00,0x00,0x00,0x3F,0xF8,0x00,0x08,0x00,0x08,0x3F,0xF8,0x20,0x00,0x20,0x00,0x20,0x04,0x1F,0xFC,0x00,0x00,0x00,0x00}, // 260
    {0x3F,0xF8,0x21,0x08,0x21,0x08,0x2F,0xE8,0x22,0x88,0x24,0x48,0x28,0x28,0x20,0x08,0x3F,0xF8,0x01,0x00,0x08,0x88,0x28,0x84,0x28,0x24,0x47,0xE0,0x00,0x00,0x00,0x00}, // 261
    {0x08,0x20,0x08,0x20,0x7F,0xFC,0x0A,0x20,0x02,0x00,0x7F,0xFC,0x04,0x00,0x08,0x00,0x1F,0xF0,0x68,0x10,0x08,0x10,0x08,0x10,0x0F,0xF0,0x08,0x10,0x00,0x00,0x00,0x00}, // 262
    {0x08,0x20,0x08,0x20,0x7F,0xFC,0x09,0x20,0x02,0x80,0x04,0x40,0x18,0x30,0x60,0x0C,0x0F,0xE0,0x08,0x20,0x08,0x20,0x08,0xC8,0x08,0x08,0x07,0xF8,0x00,0x00,0x00,0x00}, // 263
    {0x08,0x80,0x08,0x80,0x28,0xFC,0x29,0x54,0x3E,0x54,0x28,0x54,0x48,0x94,0x0C,0x94,0x19,0x24,0x6A,0x24,0x08,0x44,0x08,0x84,0x09,0x04,0x08,0x18,0x00,0x00,0x00,0x00}, // 264
    {0x10,0x00,0x0B,0xFC,0x00,0x04,0x20,0x04,0x20,0x04,0x27,0xE4,0x24,0x24,0x24,0x24,0x24,0x24,0x27,0xE4,0x20,0x04,0x20,0x04,0x20,0x04,0x20,0x0C,0x00,0x00,0x00,0x00}, // 265
    {0x08,0x00,0x0B,0xFC,0x10,0x20,0x20,0x20,0x48,0x20,0x09,0x20,0x11,0x3C,0x31,0x20,0x51,0x20,0x11,0x20,0x11,0x20,0x11,0x20,0x11,0x20,0x17,0xFC,0x00,0x00,0x00,0x00}, // 266
    {0x02,0x00,0x01,0x00,0x00,0x00,0x3F,0xF8,0x00,0x10,0x00,0x20,0x00,0x40,0x00,0x80,0x01,0x00,0x02,0x00,0x04,0x00,0x18,0x00,0x26,0x00,0x41,0xFC,0x00,0x00,0x00,0x00}, // 267
    {0x02,0x00,0x04,0x00,0x1F,0xF0,0x10,0x10,0x1F,0xF0,0x10,0x10,0x1F,0xF0,0x01,0x08,0x3D,0xB0,0x05,0x40,0x09,0x20,0x11,0x10,0x61,0x0C,0x07,0x00,0x00,0x00,0x00,0x00}, // 268
    {0x02,0x08,0x21,0x10,0x10,0x00,0x13,0xF8,0x00,0x40,0x00,0x40,0x77,0xFC,0x10,0x40,0x10,0xA0,0x10,0x90,0x11,0x08,0x12,0x08,0x28,0x00,0x47,0xFC,0x00,0x00,0x00,0x00}, // 269
    {0x02,0x00,0x02,0x00,0x07,0xF8,0x08,0x10,0x34,0x20,0x02,0x40,0x01,0x80,0x06,0x00,0x1F,0xF8,0x68,0x08,0x08,0x08,0x08,0x08,0x0F,0xF8,0x08,0x08,0x00,0x00,0x00,0x00}, // 270
    {0x08,0x40,0x13,0xFC,0x20,0x40,0x4B,0xF8,0x0A,0xA8,0x12,0xA8,0x33,0xF8,0x50,0x00,0x13,0xF8,0x10,0x80,0x10,0x48,0x15,0x44,0x15,0x14,0x18,0xF0,0x00,0x00,0x00,0x00}, // 271
    {0x08,0x40,0x08,0x40,0x0B,0xF8,0x10,0x40,0x10,0x80,0x37,0xFC,0x50,0x80,0x11,0x00,0x13,0xF8,0x10,0x08,0x10,0x10,0x10,0xA0,0x10,0x40,0x10,0x20,0x00,0x00,0x00,0x00}, // 272
    {0x20,0x38,0x13,0xC0,0x12,0x00,0x02,0x00,0x02,0x00,0x73,0xFC,0x12,0x10,0x12,0x10,0x12,0x10,0x12,0x10,0x12,0x10,0x14,0x10,0x28,0x00,0x47,0xFC,0x00,0x00,0x00,0x00}, // 273
    {0x00,0x00,0x3F,0xF0,0x08,0x20,0x04,0x40,0x03,0x80,0x04,0x40,0x18,0x30,0x61,0x0C,0x01,0x00,0x1F,0xF0,0x01,0x00,0x01,0x00,0x01,0x00,0x7F,0xFC,0x00,0x00,0x00,0x00}, // 274
    {0x00,0x00,0x7E,0xF8,0x02,0x88,0x02,0x88,0x22,0x88,0x14,0x88,0x14,0x50,0x08,0x50,0x08,0x20,0x14,0x20,0x14,0x50,0x24,0x90,0x21,0x08,0x42,0x04,0x00,0x00,0x00,0x00}, // 275
    {0x21,0x00,0x13,0xF8,0x15,0x10,0x00,0xE0,0x0F,0x1C,0x70,0x40,0x13,0xF8,0x10,0x40,0x13,0xF8,0x10,0x40,0x17,0xFC,0x10,0x40,0x28,0x40,0x47,0xFC,0x00,0x00,0x00,0x00}, // 276
    {0x00,0x38,0x23,0xC0,0x10,0x88,0x02,0x48,0x41,0x50,0x20,0x00,0x03,0xF0,0x10,0x20,0x10,0x40,0x27,0xFC,0x20,0x40,0x40,0x40,0x40,0x40,0x01,0xC0,0x00,0x00,0x00,0x00}, // 277
    {0x7E,0xFC,0x22,0x44,0x1A,0x34,0x62,0xC4,0x02,0x00,0x01,0x00,0x3F,0xF8,0x08,0x20,0x14,0x50,0x22,0x88,0x01,0x00,0x7F,0xFC,0x01,0x00,0x01,0x00,0x00,0x00,0x00,0x00}, // 278
    {0x10,0x40,0x10,0x40,0x10,0x40,0x7B,0xF8,0x10,0x40,0x10,0x40,0x3B,0xF0,0x35,0x10,0x51,0x10,0x10,0xA0,0x10,0x40,0x10,0xA0,0x11,0x10,0x16,0x0C,0x00,0x00,0x00,0x00}, // 279
    {0x08,0x00,0x08,0x00,0x1F,0xF8,0x22,0x48,0x44,0x48,0x08,0x88,0x11,0x08,0x22,0x08,0x04,0x30,0x01,0x00,0x08,0x88,0x28,0x84,0x28,0x24,0x47,0xE0,0x00,0x00,0x00,0x00}, // 280
    {0x10,0x20,0x10,0x20,0x7D,0xFC,0x20,0x20,0x20,0x40,0x51,0xFC,0x7C,0x40,0x10,0x80,0x11,0xFC,0x1C,0x04,0x70,0x08,0x10,0x50,0x10,0x20,0x10,0x10,0x00,0x00,0x00,0x00}, // 281
    {0x02,0x10,0x12,0x10,0x12,0x10,0x12,0x10,0x7F,0xFC,0x12,0x10,0x12,0x10,0x12,0x10,0x12,0x10,0x13,0xF0,0x10,0x00,0x10,0x00,0x10,0x00,0x1F,0xFC,0x00,0x00,0x00,0x00}, // 282
    {0x00,0x00,0x3F,0xFC,0x22,0x44,0x22,0x44,0x22,0x44,0x22,0x44,0x22,0x44,0x22,0x44,0x22,0x44,0x24,0x3C,0x28,0x04,0x20,0x04,0x3F,0xFC,0x20,0x04,0x00,0x00,0x00,0x00}, // 283
    {0x3F,0xF8,0x20,0x08,0x20,0x08,0x3F,0xF8,0x20,0x80,0x20,0x80,0x3F,0xFC,0x20,0x80,0x20,0x80,0x2F,0xF8,0x28,0x08,0x28,0x08,0x2F,0xF8,0x48,0x08,0x00,0x00,0x00,0x00}, // 284
    {0x1F,0xF0,0x10,0x10,0x1F,0xF0,0x10,0x10,0x1F,0xF0,0x01,0x00,0x11,0x00,0x1F,0xF8,0x21,0x00,0x41,0x00,0x1F,0xF0,0x01,0x00,0x01,0x00,0x7F,0xFC,0x00,0x00,0x00,0x00}, // 285
    {0x08,0x10,0x08,0x90,0x0A,0x50,0x12,0x50,0x12,0x50,0x32,0x10,0x52,0x10,0x12,0x10,0x12,0x10,0x12,0xA8,0x13,0x28,0x12,0x44,0x10,0x84,0x11,0x04,0x00,0x00,0x00,0x00}, // 286
    {0x00,0x00,0x3F,0xF8,0x02,0x00,0x04,0x40,0x08,0x20,0x1F,0xF0,0x00,0x10,0x01,0x00,0x01,0x00,0x3F,0xF8,0x01,0x00,0x01,0x00,0x01,0x00,0x7F,0xFC,0x00,0x00,0x00,0x00}, // 287
    {0x00,0x40,0x7C,0x20,0x11,0xFC,0x10,0x00,0x7C,0x88,0x54,0x88,0x55,0x54,0x6C,0x00,0x44,0x20,0x7D,0xFC,0x44,0x20,0x44,0x20,0x7C,0x20,0x44,0x20,0x00,0x00,0x00,0x00}, // 288
    {0x04,0x00,0x08,0x00,0x3F,0xF8,0x20,0x08,0x3F,0xF8,0x20,0x08,0x3F,0xF8,0x00,0x00,0x3F,0xF8,0x01,0x00,0x3F,0xF8,0x01,0x00,0x01,0x00,0x7F,0xFC,0x00,0x00,0x00,0x00}, // 289
    {0x08,0x20,0x44,0x20,0x42,0x20,0x42,0x20,0x40,0x20,0x40,0x20,0x40,0x20,0x40,0x20,0x48,0x40,0x50,0x50,0x60,0x88,0x41,0x08,0x06,0x04,0x18,0x04,0x00,0x00,0x00,0x00}, // 290
    {0x00,0x00,0x3F,0xFC,0x22,0xA0,0x22,0x90,0x25,0xFC,0x2D,0x20,0x37,0x20,0x25,0xF8,0x25,0x20,0x25,0xF8,0x25,0x20,0x25,0x20,0x25,0xFC,0x45,0x00,0x00,0x00,0x00,0x00}, // 291
    {0x3F,0xFC,0x20,0x04,0x27,0xE4,0x20,0x04,0x20,0x04,0x2F,0xF4,0x22,0x44,0x22,0x44,0x22,0x44,0x24,0x54,0x28,0x34,0x20,0x04,0x3F,0xFC,0x20,0x04,0x00,0x00,0x00,0x00}, // 292
    {0x00,0x40,0x78,0x40,0x4B,0xF8,0x48,0x40,0x50,0x40,0x57,0xFC,0x49,0x10,0x4A,0x88,0x4C,0xF4,0x49,0x10,0x72,0xA0,0x40,0x40,0x41,0xB0,0x46,0x0C,0x00,0x00,0x00,0x00}, // 293
    {0x02,0x00,0x02,0x00,0x3F,0xF8,0x04,0x00,0x09,0x00,0x11,0x00,0x1F,0xF0,0x01,0x00,0x01,0x00,0x7F,0xFC,0x01,0x00,0x01,0x00,0x01,0x00,0x01,0x00,0x00,0x00,0x00,0x00}, // 294
    {0x00,0x70,0x1F,0x80,0x01,0x00,0x7F,0xFC,0x05,0x40,0x3D,0x50,0x05,0x60,0x0D,0x48,0x35,0x38,0x03,0x80,0x05,0x40,0x19,0x30,0x61,0x0C,0x01,0x00,0x00,0x00,0x00,0x00}, // 295
    {0x01,0x00,0x01,0x00,0x01,0x00,0x7F,0xFC,0x03,0x80,0x05,0x40,0x05,0x40,0x09,0x20,0x11,0x10,0x21,0x08,0x41,0x04,0x01,0x00,0x01,0x00,0x01,0x00,0x00,0x00,0x00,0x00}, // 296
    {0x08,0x88,0x2E,0x90,0x28,0xE0,0x28,0x84,0x2E,0x84,0x74,0x7C,0x08,0x40,0x1F,0x80,0x02,0x10,0x3F,0xF8,0x01,0x08,0x11,0x20,0x21,0x10,0x47,0x08,0x00,0x00,0x00,0x00}, // 297
    {0x08,0x40,0x08,0x40,0x17,0xFC,0x10,0x40,0x37,0xFC,0x54,0x44,0x14,0x44,0x17,0xFC,0x12,0x40,0x11,0x40,0x10,0x80,0x11,0x40,0x12,0x30,0x14,0x0C,0x00,0x00,0x00,0x00}, // 298
    {0x3F,0xF0,0x00,0x10,0x00,0x10,0x1F,0xF0,0x00,0x10,0x00,0x10,0x3F,0xF0,0x01,0x00,0x11,0x10,0x11,0x20,0x22,0x80,0x04,0x40,0x18,0x30,0x60,0x0C,0x00,0x00,0x00,0x00}, // 299
    {0x00,0x00,0x3F,0xF8,0x01,0x00,0x01,0x00,0x01,0x00,0x11,0x00,0x11,0x00,0x11,0xF0,0x11,0x00,0x11,0x00,0x11,0x00,0x11,0x00,0x11,0x00,0x7F,0xFC,0x00,0x00,0x00,0x00}, // 300
    {0x1F,0xF0,0x10,0x10,0x1F,0xF0,0x10,0x10,0x1F,0xF0,0x01,0x00,0x7F,0xFC,0x00,0x00,0x1F,0xF0,0x10,0x10,0x1F,0xF0,0x01,0x00,0x11,0x10,0x27,0x08,0x00,0x00,0x00,0x00}, // 301
    {0x01,0x00,0x3F,0xF8,0x01,0x00,0x1F,0xF0,0x02,0x00,0x7F,0xFC,0x08,0x20,0x11,0xD0,0x6F,0x0C,0x01,0x00,0x3F,0xF8,0x05,0x40,0x09,0x20,0x31,0x10,0x00,0x00,0x00,0x00}, // 302
    {0x02,0x00,0x02,0x00,0x02,0x00,0x02,0x00,0x7F,0xFC,0x04,0x20,0x04,0x20,0x08,0x40,0x18,0x40,0x06,0x80,0x01,0x80,0x02,0x60,0x0C,0x10,0x70,0x08,0x00,0x00,0x00,0x00}, // 303
    {0x01,0x00,0x01,0x00,0x09,0x20,0x09,0x10,0x11,0x08,0x21,0x04,0x41,0x04,0x01,0x10,0x01,0x20,0x00,0x40,0x00,0x80,0x03,0x00,0x0C,0x00,0x70,0x00,0x00,0x00,0x00,0x00}, // 304
    {0x22,0x00,0x22,0x7C,0x7F,0x44,0x22,0x44,0x22,0x44,0x3E,0x7C,0x22,0x44,0x3E,0x44,0x22,0x7C,0x22,0x44,0x7F,0x44,0x00,0x84,0x22,0x84,0x41,0x1C,0x00,0x00,0x00,0x00}, // 305
    {0x00,0x88,0x7E,0x48,0x12,0x50,0x12,0xF8,0x7F,0x20,0x12,0x20,0x12,0xF8,0x7E,0x20,0x20,0x20,0x3E,0xFC,0x62,0x20,0x22,0x20,0x3E,0x20,0x22,0x20,0x00,0x00,0x00,0x00}, // 306
    {0x00,0x40,0x00,0x40,0x3E,0x40,0x02,0xFC,0x02,0x84,0x25,0x28,0x14,0x20,0x08,0x20,0x0C,0x20,0x14,0x20,0x12,0x50,0x22,0x50,0x40,0x88,0x01,0x04,0x00,0x00,0x00,0x00}, // 307
    {0x00,0x00,0x23,0xF8,0x12,0x08,0x0A,0x08,0x02,0x08,0x43,0xF8,0x22,0x08,0x0A,0x08,0x0B,0xF8,0x12,0x08,0x12,0x08,0x22,0x08,0x23,0xF8,0x02,0x08,0x00,0x00,0x00,0x00}, // 308
    {0x10,0x80,0x10,0x40,0x17,0xFC,0x10,0x00,0x58,0x00,0x57,0xF8,0x52,0x08,0x52,0x08,0x13,0xF8,0x10,0x40,0x11,0x50,0x12,0x48,0x14,0x44,0x11,0xC0,0x00,0x00,0x00,0x00}, // 309
    {0x04,0x00,0x04,0x00,0x04,0x00,0x0F,0xE0,0x08,0x20,0x10,0x40,0x20,0x40,0x40,0x80,0x01,0x00,0x02,0x80,0x04,0x40,0x08,0x20,0x10,0x10,0x60,0x0C,0x00,0x00,0x00,0x00}, // 310
    {0x00,0x20,0x7C,0x40,0x11,0xF8,0x7D,0x08,0x11,0xF8,0x1D,0x08,0x61,0xF8,0x00,0x00,0x7F,0xFC,0x08,0x00,0x1F,0xF0,0x28,0x10,0x4F,0xF0,0x08,0x10,0x00,0x00,0x00,0x00}, // 311
    {0x00,0x00,0x1F,0xF0,0x10,0x10,0x10,0x10,0x10,0x10,0x1F,0xF0,0x10,0x10,0x10,0x10,0x10,0x10,0x1F,0xF0,0x10,0x10,0x10,0x10,0x10,0x10,0x7F,0xFC,0x00,0x00,0x00,0x00}, // 312
    {0x04,0x40,0x04,0x40,0x08,0x20,0x10,0x10,0x20,0x08,0x5F,0xF4,0x02,0x00,0x04,0x00,0x0F,0xE0,0x00,0x20,0x00,0x20,0x00,0x20,0x00,0x20,0x00,0xC0,0x00,0x00,0x00,0x00}, // 313
    {0x01,0x00,0x02,0x80,0x04,0x40,0x18,0x30,0x60,0x0C,0x0F,0xE0,0x00,0x00,0x00,0x00,0x1F,0xF0,0x10,0x10,0x10,0x10,0x10,0x10,0x1F,0xF0,0x10,0x10,0x00,0x00,0x00,0x00}, // 314
    {0x01,0x00,0x01,0x00,0x01,0x00,0x01,0x00,0x01,0x00,0x7F,0xFC,0x01,0x00,0x01,0x00,0x01,0x00,0x01,0x00,0x01,0x00,0x01,0x00,0x01,0x00,0x01,0x00,0x00,0x00,0x00,0x00}, // 315
    {0x04,0x40,0x7F,0xFC,0x04,0x40,0x01,0x00,0x1F,0xF0,0x01,0x10,0x7F,0xFC,0x01,0x10,0x1F,0xF0,0x01,0x00,0x21,0x08,0x25,0x48,0x29,0x28,0x41,0x08,0x00,0x00,0x00,0x00}, // 316
    {0x04,0x40,0x04,0x40,0x3F,0xF8,0x04,0x40,0x04,0x40,0x7F,0xFC,0x00,0x00,0x1F,0xF0,0x10,0x10,0x10,0x10,0x1F,0xF0,0x10,0x10,0x10,0x10,0x1F,0xF0,0x00,0x00,0x00,0x00}, // 317
    {0x01,0x00,0x02,0x80,0x04,0x40,0x1A,0x30,0x61,0x0C,0x1F,0xE0,0x00,0x20,0x00,0x40,0x1F,0xF0,0x10,0x10,0x10,0x10,0x10,0x10,0x1F,0xF0,0x10,0x10,0x00,0x00,0x00,0x00}, // 318
    {0x10,0x40,0x10,0x40,0x10,0xA0,0x19,0x10,0x56,0x88,0x54,0x44,0x50,0x00,0x13,0xF8,0x10,0x08,0x10,0x10,0x11,0x20,0x10,0xC0,0x10,0x40,0x10,0x20,0x00,0x00,0x00,0x00}, // 319
    {0x10,0x80,0x10,0x80,0x24,0xF8,0x25,0x08,0x7A,0x10,0x09,0xFC,0x11,0x24,0x21,0x24,0x7D,0x24,0x01,0xFC,0x01,0x00,0x0D,0x04,0x71,0x04,0x00,0xFC,0x00,0x00,0x00,0x00}, // 320
    {0x08,0x20,0x08,0x20,0x7F,0xFC,0x08,0x20,0x08,0x20,0x00,0x00,0x3F,0xF8,0x02,0x08,0x02,0x08,0x02,0x08,0x02,0x08,0x02,0x30,0x02,0x00,0x02,0x00,0x00,0x00,0x00,0x00}, // 321
    {0x00,0x00,0x7F,0xFC,0x42,0x04,0x02,0x00,0x3F,0xF8,0x04,0x00,0x09,0x00,0x1F,0xF0,0x01,0x00,0x01,0x00,0x7F,0xFC,0x01,0x00,0x01,0x00,0x01,0x00,0x00,0x00,0x00,0x00}, // 322
    {0x02,0x00,0x01,0x00,0x3F,0xF8,0x01,0x00,0x01,0x00,0x01,0x00,0x01,0x00,0x1F,0xF0,0x01,0x00,0x01,0x00,0x01,0x00,0x01,0x00,0x01,0x00,0x7F,0xFC,0x00,0x00,0x00,0x00}, // 323
    {0x23,0xF8,0x10,0x90,0x10,0x60,0x03,0xF8,0x02,0x48,0x72,0x48,0x13,0xF8,0x12,0x48,0x12,0x48,0x13,0xF8,0x12,0x48,0x12,0x58,0x28,0x00,0x47,0xFC,0x00,0x00,0x00,0x00}, // 324
    {0x01,0x00,0x7F,0xFC,0x44,0x44,0x1F,0xF0,0x04,0x40,0x1F,0xF0,0x04,0x40,0x7F,0xFC,0x08,0x20,0x11,0x10,0x6F,0xEC,0x01,0x00,0x01,0x00,0x7F,0xFC,0x00,0x00,0x00,0x00}, // 325
    {0x00,0x00,0x7E,0xFC,0x02,0x04,0x22,0x44,0x12,0x24,0x12,0x24,0x06,0x0C,0x0A,0x14,0x12,0x24,0x62,0xC4,0x02,0x04,0x02,0x04,0x02,0x04,0x0C,0x18,0x00,0x00,0x00,0x00}, // 326
    {0x3F,0xFC,0x22,0x44,0x22,0x44,0x22,0x44,0x3F,0xFC,0x02,0x00,0x04,0x00,0x0F,0xF8,0x34,0x08,0x02,0x10,0x01,0x20,0x00,0xC0,0x07,0x00,0x78,0x00,0x00,0x00,0x00,0x00}, // 327
    {0x00,0x80,0x00,0x80,0x78,0xB8,0x4B,0xC0,0x48,0x50,0x48,0x24,0x78,0xD4,0x4B,0x0C,0x48,0x00,0x4B,0xF8,0x78,0xA0,0x48,0xA0,0x01,0x24,0x06,0x1C,0x00,0x00,0x00,0x00}, // 328
    {0x01,0x00,0x01,0x00,0x01,0x00,0x01,0x00,0x09,0x20,0x09,0x10,0x11,0x08,0x21,0x04,0x41,0x04,0x01,0x00,0x01,0x00,0x01,0x00,0x01,0x00,0x07,0x00,0x00,0x00,0x00,0x00}, // 329
    {0x08,0x20,0x08,0x20,0x7E,0xFC,0x08,0x20,0x1C,0x70,0x2A,0xA8,0x48,0x24,0x02,0x00,0x07,0xF0,0x0C,0x20,0x32,0x40,0x01,0x80,0x06,0x00,0x38,0x00,0x00,0x00,0x00,0x00}, // 330
    {0x08,0x00,0x08,0x00,0x0B,0xF8,0x08,0x08,0x2C,0x10,0x2A,0x20,0x28,0x40,0x48,0x80,0x09,0x00,0x09,0x00,0x0A,0x00,0x0A,0x04,0x0A,0x04,0x09,0xFC,0x00,0x00,0x00,0x00}, // 331
    {0x00,0x40,0x00,0x40,0x00,0x40,0x7F,0xFC,0x00,0xC0,0x01,0x40,0x01,0x40,0x02,0x40,0x04,0x40,0x08,0x40,0x10,0x40,0x20,0x40,0x40,0x40,0x01,0xC0,0x00,0x00,0x00,0x00}, // 332
    {0x04,0x40,0x04,0x40,0x7F,0xFC,0x04,0x40,0x17,0xD0,0x70,0x14,0x17,0xD8,0x14,0x50,0x74,0x54,0x17,0xCC,0x00,0x00,0x24,0x88,0x22,0x44,0x42,0x44,0x00,0x00,0x00,0x00}, // 333
    {0x04,0x08,0x22,0x08,0x11,0x10,0x09,0x20,0x08,0x40,0x00,0x00,0x7F,0xFC,0x00,0x00,0x04,0x40,0x04,0x20,0x08,0x10,0x10,0x08,0x20,0x04,0x40,0x04,0x00,0x00,0x00,0x00}, // 334
    {0x1F,0xF0,0x10,0x10,0x10,0x10,0x1F,0xF0,0x10,0x10,0x10,0x10,0x1F,0xF0,0x01,0x00,0x01,0x00,0x7F,0xFC,0x01,0x00,0x01,0x00,0x01,0x00,0x01,0x00,0x00,0x00,0x00,0x00}, // 335
    {0x14,0x40,0x14,0x40,0x3E,0x40,0x14,0x7C,0x7E,0x88,0x01,0x48,0x3E,0x48,0x22,0x48,0x3E,0x50,0x22,0x50,0x3E,0x20,0x22,0x50,0x22,0x88,0x27,0x04,0x00,0x00,0x00,0x00}, // 336
    {0x04,0x00,0x07,0xE0,0x08,0x40,0x10,0x80,0x3F,0xF0,0x51,0x10,0x11,0x10,0x1F,0xF0,0x11,0x10,0x11,0x10,0x1F,0xF0,0x00,0x00,0x00,0x00,0x7F,0xFC,0x00,0x00,0x00,0x00}, // 337
    {0x02,0x00,0x01,0x00,0x7F,0xFC,0x48,0x04,0x13,0xF8,0x30,0x40,0x50,0x80,0x13,0xF8,0x12,0x08,0x12,0x08,0x13,0xF8,0x12,0x08,0x12,0x08,0x13,0xF8,0x00,0x00,0x00,0x00}, // 338
    {0x10,0x80,0x10,0xF8,0x11,0x08,0x56,0x90,0x54,0x60,0x55,0x9C,0x54,0x20,0x54,0xF8,0x54,0x20,0x54,0xF8,0x5C,0x20,0x65,0xFC,0x00,0x20,0x00,0x20,0x00,0x00,0x00,0x00}, // 339
    {0x10,0x80,0x7C,0xF0,0x11,0x10,0x7E,0x20,0x11,0xF8,0x7C,0x48,0x00,0x48,0x7D,0xFC,0x44,0x48,0x7C,0x48,0x45,0xF8,0x7C,0x48,0x44,0x40,0x4D,0xC0,0x00,0x00,0x00,0x00}, // 340
    {0x10,0x80,0x08,0x80,0x00,0x80,0x7E,0x80,0x02,0x80,0x04,0x80,0x08,0x80,0x1C,0x80,0x2A,0x80,0x4A,0x80,0x08,0x80,0x08,0x84,0x08,0x84,0x08,0x7C,0x00,0x00,0x00,0x00}, // 341
    {0x10,0x00,0x11,0xF8,0x10,0x08,0x7C,0x10,0x24,0x20,0x24,0x20,0x25,0xFC,0x44,0x20,0x24,0x20,0x18,0x20,0x08,0x20,0x14,0x20,0x24,0x20,0x40,0xE0,0x00,0x00,0x00,0x00}, // 342
    {0x01,0x00,0x01,0xF0,0x01,0x00,0x1F,0xFC,0x11,0x04,0x11,0xE0,0x17,0x08,0x10,0xF8,0x10,0x00,0x11,0x20,0x15,0x28,0x23,0x30,0x21,0x20,0x4F,0xFC,0x00,0x00,0x00,0x00}, // 343
    {0x20,0x00,0x17,0xFC,0x02,0x04,0x23,0xE4,0x24,0x24,0x2A,0x44,0x21,0x84,0x26,0x64,0x38,0x1C,0x27,0xE4,0x24,0x24,0x24,0x24,0x27,0xE4,0x20,0x1C,0x00,0x00,0x00,0x00}, // 344
    {0x06,0x00,0x38,0x00,0x08,0xFC,0x08,0x84,0x7E,0x84,0x08,0x84,0x18,0x84,0x1C,0x84,0x2A,0x84,0x28,0x84,0x48,0xFC,0x08,0x84,0x08,0x00,0x08,0x00,0x00,0x00,0x00,0x00}, // 345
    {0x00,0x00,0x3F,0xF8,0x21,0x08,0x21,0x08,0x21,0x08,0x21,0x08,0x3F,0xF8,0x21,0x08,0x21,0x08,0x21,0x08,0x21,0x08,0x21,0x08,0x3F,0xF8,0x20,0x08,0x00,0x00,0x00,0x00}, // 346
    {0x08,0x08,0x08,0x08,0x14,0x08,0x12,0x48,0x21,0x48,0x5E,0x48,0x00,0x48,0x12,0x48,0x4A,0x48,0x22,0x48,0x24,0x08,0x07,0x08,0x78,0x08,0x00,0x38,0x00,0x00,0x00,0x00}, // 347
    {0x01,0x00,0x00,0x80,0x1F,0xFC,0x12,0x10,0x1F,0xFC,0x12,0x10,0x13,0xF0,0x10,0x00,0x17,0xF8,0x12,0x10,0x11,0x20,0x20,0xC0,0x23,0x30,0x4C,0x0C,0x00,0x00,0x00,0x00}, // 348
    {0x08,0x20,0x7F,0xFC,0x08,0x20,0x01,0x00,0x01,0x00,0x7F,0xFC,0x01,0x00,0x01,0x00,0x1F,0xF0,0x10,0x10,0x10,0x10,0x10,0x10,0x1F,0xF0,0x10,0x10,0x00,0x00,0x00,0x00}, // 349
    {0x00,0x00,0x27,0xFC,0x10,0x80,0x11,0x40,0x06,0x64,0x00,0xA8,0x71,0x30,0x16,0x68,0x10,0xA4,0x11,0x24,0x16,0x20,0x10,0xC0,0x28,0x00,0x47,0xFC,0x00,0x00,0x00,0x00}, // 350
    {0x02,0x00,0x01,0x00,0x7F,0xFC,0x40,0x04,0x08,0x00,0x0E,0xF8,0x08,0x88,0x08,0x88,0x7F,0x50,0x00,0x50,0x2A,0x20,0x49,0x50,0x08,0x88,0x39,0x04,0x00,0x00,0x00,0x00}, // 351
    {0x00,0x40,0x79,0xF8,0x08,0x40,0x28,0xA0,0x29,0x10,0x2B,0xFC,0x28,0x08,0x3D,0xE8,0x05,0x28,0x15,0x28,0x65,0xE8,0x05,0x08,0x04,0x08,0x18,0x38,0x00,0x00,0x00,0x00}, // 352
    {0x08,0x80,0x08,0x40,0x08,0x00,0x17,0xF8,0x10,0x80,0x30,0x80,0x51,0x48,0x13,0x50,0x15,0x20,0x19,0x20,0x11,0x10,0x11,0x48,0x11,0x84,0x11,0x00,0x00,0x00,0x00,0x00}, // 353
    {0x08,0x40,0x08,0x40,0x12,0x7C,0x32,0x88,0x53,0x48,0x12,0x50,0x12,0x20,0x12,0x50,0x10,0x88,0x11,0x04,0x08,0x88,0x28,0x84,0x28,0x24,0x47,0xE0,0x00,0x00,0x00,0x00}, // 354
    {0x00,0x80,0x20,0x80,0x10,0xF0,0x09,0x10,0x02,0xA0,0x40,0x40,0x20,0xA0,0x09,0x10,0x0A,0x0C,0x11,0xF0,0x11,0x10,0x21,0x10,0x21,0xF0,0x01,0x10,0x00,0x00,0x00,0x00}, // 355
    {0x1F,0xFC,0x10,0x80,0x13,0xF8,0x12,0x08,0x13,0xF8,0x12,0x08,0x13,0xF8,0x10,0x40,0x12,0x48,0x14,0xC4,0x10,0x80,0x20,0x48,0x25,0x14,0x48,0xF0,0x00,0x00,0x00,0x00}, // 356
    {0x00,0x00,0x3F,0x78,0x21,0x48,0x21,0x48,0x3F,0x48,0x2A,0x84,0x2A,0x00,0x3F,0xF8,0x2A,0x48,0x2A,0x48,0x3F,0x50,0x20,0x20,0x4A,0x50,0x11,0x8C,0x00,0x00,0x00,0x00}, // 357
    {0x01,0x00,0x09,0x00,0x09,0x00,0x1F,0xF0,0x21,0x00,0x01,0x00,0x01,0x00,0x7F,0xFC,0x04,0x40,0x04,0x40,0x04,0x40,0x08,0x44,0x10,0x44,0x60,0x3C,0x00,0x00,0x00,0x00}, // 358
    {0x01,0x00,0x01,0x00,0x01,0x00,0x01,0x00,0x7F,0xFC,0x01,0x00,0x02,0x80,0x02,0x80,0x04,0x40,0x04,0x40,0x0A,0x20,0x11,0x10,0x21,0x08,0x40,0x04,0x00,0x00,0x00,0x00}, // 359
    {0x10,0x10,0x08,0x20,0x04,0x40,0x3F,0xF8,0x00,0x00,0x00,0x00,0x00,0x00,0x00,0x00,0x1F,0xF0,0x00,0x00,0x00,0x00,0x00,0x00,0x00,0x00,0x7F,0xFC,0x00,0x00,0x00,0x00}, // 360
    {0x01,0x00,0x02,0x80,0x04,0x40,0x08,0x20,0x12,0x10,0x61,0x0C,0x01,0x00,0x1F,0xF0,0x00,0x10,0x00,0x20,0x00,0x40,0x0E,0x80,0x01,0x80,0x00,0x60,0x00,0x00,0x00,0x00}, // 361
    {0x00,0x00,0x3F,0xF8,0x02,0x00,0x02,0x00,0x1F,0xF0,0x04,0x10,0x04,0x10,0x7F,0xFC,0x00,0x00,0x1F,0xF0,0x10,0x10,0x10,0x10,0x1F,0xF0,0x10,0x10,0x00,0x00,0x00,0x00}, // 362
    {0x00,0x80,0x3C,0xF0,0x25,0x10,0x26,0x20,0x29,0xF8,0x28,0x08,0x24,0xF8,0x24,0x08,0x25,0xF8,0x24,0x40,0x38,0x28,0x22,0xA4,0x22,0x94,0x24,0x70,0x00,0x00,0x00,0x00}, // 363
    {0x10,0x40,0x10,0x40,0x10,0x80,0x7C,0x90,0x25,0x08,0x27,0xFC,0x24,0x04,0x44,0x00,0x25,0xF8,0x19,0x08,0x09,0x08,0x15,0x08,0x25,0xF8,0x41,0x08,0x00,0x00,0x00,0x00}, // 364
    {0x00,0x80,0x78,0x40,0x0B,0xFC,0x10,0x40,0x10,0x90,0x51,0x08,0x5B,0xFC,0x50,0x04,0x51,0x50,0x51,0x50,0x51,0x50,0x59,0x50,0x62,0x54,0x04,0x0C,0x00,0x00,0x00,0x00}, // 365
    {0x01,0x00,0x11,0x10,0x09,0x20,0x7F,0xFC,0x40,0x04,0x0F,0xE0,0x08,0x20,0x0F,0xE0,0x01,0x00,0x3F,0xF8,0x21,0x08,0x21,0x08,0x21,0x38,0x01,0x00,0x00,0x00,0x00,0x00}, // 366
    {0x00,0x18,0x01,0xE0,0x79,0x00,0x49,0x00,0x49,0x00,0x49,0xFC,0x49,0x10,0x49,0x10,0x49,0x10,0x79,0x10,0x49,0x10,0x02,0x10,0x02,0x10,0x04,0x10,0x00,0x00,0x00,0x00}, // 367
    {0x00,0x00,0x1F,0xF0,0x10,0x10,0x12,0x10,0x11,0x10,0x11,0x10,0x10,0x10,0x7F,0xFC,0x10,0x10,0x10,0x10,0x10,0x10,0x10,0x10,0x20,0x10,0x40,0x70,0x00,0x00,0x00,0x00}, // 368
    {0x00,0x08,0x7F,0x08,0x08,0x08,0x12,0x48,0x21,0x48,0x7F,0x48,0x09,0x48,0x08,0x48,0x7F,0x48,0x08,0x48,0x08,0x08,0x0F,0x08,0x78,0x08,0x00,0x38,0x00,0x00,0x00,0x00}, // 369
    {0x08,0x40,0x10,0x40,0x23,0xF8,0x48,0x40,0x08,0x40,0x17,0xFC,0x30,0x10,0x50,0x10,0x17,0xFC,0x10,0x10,0x12,0x10,0x11,0x10,0x10,0x10,0x10,0x70,0x00,0x00,0x00,0x00}, // 370
    {0x01,0x00,0x21,0x08,0x11,0x10,0x09,0x20,0x3F,0xF8,0x20,0x08,0x20,0x08,0x27,0xC8,0x24,0x48,0x24,0x48,0x27,0xC8,0x20,0x08,0x20,0x08,0x20,0x38,0x00,0x00,0x00,0x00}, // 371
    {0x3F,0xF0,0x00,0x10,0x00,0x10,0x1F,0xF0,0x00,0x10,0x00,0x10,0x3F,0xF0,0x00,0x20,0x00,0x20,0x7F,0xFC,0x08,0x20,0x04,0x20,0x04,0x20,0x00,0xE0,0x00,0x00,0x00,0x00}, // 372
    {0x09,0x20,0x09,0x20,0x7F,0xFC,0x09,0x20,0x00,0x00,0x7F,0xFC,0x41,0x04,0x01,0x00,0x1F,0xF0,0x11,0x10,0x11,0x10,0x11,0x10,0x11,0x70,0x01,0x00,0x00,0x00,0x00,0x00}, // 373
    {0x3F,0xFC,0x20,0x04,0x21,0x04,0x21,0x04,0x2F,0xF4,0x21,0x04,0x21,0x04,0x22,0x84,0x22,0x44,0x24,0x24,0x28,0x24,0x20,0x04,0x3F,0xFC,0x20,0x04,0x00,0x00,0x00,0x00}, // 374
    {0x00,0x40,0x06,0x40,0x38,0x40,0x08,0x40,0x08,0x40,0x7E,0x40,0x08,0x40,0x08,0x40,0x3E,0x40,0x22,0x40,0x22,0x40,0x22,0x44,0x3E,0x44,0x22,0x3C,0x00,0x00,0x00,0x00}, // 375
    {0x10,0x40,0x10,0x40,0x27,0xFC,0x48,0x40,0x78,0x40,0x13,0xF8,0x20,0x00,0x40,0x00,0x7B,0xF8,0x02,0x08,0x02,0x08,0x1A,0x08,0x63,0xF8,0x02,0x08,0x00,0x00,0x00,0x00}, // 376
    {0x10,0x00,0x11,0xF8,0x24,0x10,0x24,0x20,0x78,0x50,0x08,0x88,0x11,0x04,0x22,0x00,0x7D,0xF8,0x00,0x20,0x00,0x20,0x0C,0x20,0x70,0x20,0x03,0xFC,0x00,0x00,0x00,0x00}, // 377
    {0x08,0x80,0x08,0x40,0x10,0x00,0x23,0xF8,0x48,0x40,0x08,0x40,0x10,0x40,0x30,0x40,0x53,0xF8,0x10,0x40,0x10,0x40,0x10,0x40,0x10,0x40,0x17,0xFC,0x00,0x00,0x00,0x00}, // 378
    {0x01,0x00,0x11,0x10,0x09,0x20,0x7F,0xFC,0x40,0x04,0x0F,0xE0,0x08,0x20,0x08,0x20,0x0F,0xE0,0x01,0x00,0x3F,0xF8,0x01,0x00,0x01,0x00,0x7F,0xFC,0x00,0x00,0x00,0x00}, // 379
    {0x08,0x20,0x08,0x20,0x3F,0xF8,0x08,0x20,0x08,0x20,0x0F,0xE0,0x08,0x20,0x0F,0xE0,0x08,0x20,0x08,0x20,0x7F,0xFC,0x08,0x20,0x10,0x10,0x20,0x08,0x00,0x00,0x00,0x00}, // 380
    {0x00,0x78,0x3F,0x90,0x12,0x10,0x09,0x20,0x7F,0xFC,0x42,0x04,0x3F,0xF8,0x04,0x00,0x0F,0xF0,0x0A,0x20,0x11,0x40,0x20,0x80,0x43,0x60,0x1C,0x1C,0x00,0x00,0x00,0x00}, // 381
    {0x01,0x00,0x21,0x08,0x11,0x08,0x11,0x10,0x01,0x00,0x3F,0xF8,0x01,0x00,0x01,0x00,0x01,0x00,0x7F,0xFC,0x01,0x00,0x01,0x00,0x01,0x00,0x01,0x00,0x00,0x00,0x00,0x00}, // 382
    {0x00,0x00,0x00,0x00,0x3F,0xF8,0x00,0x00,0x00,0x00,0x00,0x00,0x00,0x00,0x00,0x00,0x00,0x00,0x00,0x00,0x00,0x00,0x00,0x00,0x7F,0xFC,0x00,0x00,0x00,0x00,0x00,0x00}, // 383
    {0x01,0x00,0x7F,0xFC,0x40,0x04,0x08,0x20,0x11,0x10,0x22,0x88,0x04,0x40,0x18,0x30,0x60,0x0C,0x1F,0xF0,0x10,0x10,0x10,0x10,0x1F,0xF0,0x10,0x10,0x00,0x00,0x00,0x00}, // 384
    {0x10,0xA0,0x10,0xA0,0x10,0xA4,0x7A,0xA8,0x11,0xB0,0x10,0xA0,0x38,0xA0,0x35,0xB0,0x52,0xA8,0x10,0xA4,0x11,0x20,0x11,0x24,0x12,0x24,0x14,0x1C,0x00,0x00,0x00,0x00}, // 385
    {0x08,0x40,0x08,0x40,0x10,0x40,0x23,0xF8,0x48,0x40,0x08,0x40,0x13,0xFC,0x30,0x40,0x52,0x40,0x12,0x78,0x12,0x40,0x12,0x40,0x15,0x40,0x18,0xFC,0x00,0x00,0x00,0x00}, // 386
    {0x01,0x00,0x7F,0xFC,0x00,0x00,0x1F,0xF0,0x10,0x10,0x1F,0xF0,0x00,0x00,0x7F,0xFC,0x40,0x04,0x5F,0xF4,0x01,0x00,0x01,0x00,0x01,0x00,0x07,0x00,0x00,0x00,0x00,0x00}, // 387
    {0x00,0x80,0x00,0x80,0x7C,0x80,0x11,0xF8,0x10,0x88,0x10,0x88,0x10,0x88,0x10,0x88,0x10,0x88,0x1C,0x88,0x61,0x08,0x01,0x08,0x02,0x08,0x04,0x30,0x00,0x00,0x00,0x00}, // 388
    {0x00,0x00,0x7F,0xFC,0x04,0x40,0x04,0x40,0x3F,0xF8,0x24,0x48,0x24,0x48,0x24,0x48,0x2A,0xA8,0x31,0x18,0x22,0x08,0x20,0x08,0x20,0x08,0x20,0x38,0x00,0x00,0x00,0x00}, // 389
    {0x02,0x00,0x01,0x00,0x3F,0xF8,0x08,0x20,0x04,0x40,0x7F,0xFC,0x01,0x00,0x01,0x00,0x3F,0xF8,0x01,0x00,0x09,0x20,0x11,0x10,0x21,0x08,0x07,0x00,0x00,0x00,0x00,0x00}, // 390
    {0x10,0xA0,0x10,0xA0,0x13,0xF8,0x7C,0xA8,0x10,0xA8,0x13,0xF8,0x16,0xA0,0x1A,0xA0,0x73,0xFC,0x10,0xA4,0x10,0xA4,0x11,0x24,0x11,0x2C,0x72,0x20,0x00,0x00,0x00,0x00}, // 391
    {0x02,0x00,0x01,0x00,0x7F,0xFC,0x44,0x44,0x48,0x24,0x12,0x10,0x02,0x00,0x3F,0xF0,0x02,0x10,0x04,0x10,0x04,0x10,0x08,0x10,0x10,0x10,0x20,0x60,0x00,0x00,0x00,0x00}, // 392
    {0x02,0x00,0x01,0x00,0x7F,0xFC,0x41,0x04,0x1F,0xF0,0x04,0x40,0x08,0x20,0x7F,0xFC,0x00,0x10,0x1F,0x90,0x10,0x90,0x1F,0x90,0x10,0x10,0x00,0x70,0x00,0x00,0x00,0x00}, // 393
    {0x01,0x00,0x02,0x80,0x04,0x40,0x08,0x20,0x10,0x10,0x6F,0xEC,0x00,0x00,0x00,0x00,0x3F,0xF8,0x02,0x00,0x04,0x40,0x08,0x20,0x1F,0xF0,0x00,0x10,0x00,0x00,0x00,0x00}, // 394
    {0x02,0x00,0x42,0x78,0x22,0x48,0x0F,0xC8,0x42,0x48,0x22,0x78,0x07,0x48,0x15,0x48,0x15,0x78,0x25,0x48,0x27,0x48,0x44,0x88,0x40,0x88,0x01,0x38,0x00,0x00,0x00,0x00}, // 395
    {0x04,0x40,0x08,0x20,0x11,0x10,0x21,0x08,0x02,0x80,0x04,0x40,0x08,0x20,0x10,0x10,0x6F,0xEC,0x08,0x20,0x08,0x20,0x08,0x20,0x0F,0xE0,0x08,0x20,0x00,0x00,0x00,0x00}, // 396
    {0x11,0x10,0x11,0x10,0x13,0xF8,0x79,0x10,0x17,0xFC,0x10,0x40,0x3B,0xF8,0x36,0x48,0x53,0xF8,0x12,0x48,0x13,0xF8,0x10,0x00,0x11,0x10,0x12,0x08,0x00,0x00,0x00,0x00}, // 397
    {0x00,0x80,0x00,0x40,0x7B,0xF8,0x48,0x00,0x4A,0x08,0x49,0x10,0x7F,0xFC,0x48,0x00,0x4B,0xF8,0x4A,0x08,0x7B,0xF8,0x4A,0x08,0x03,0xF8,0x02,0x08,0x00,0x00,0x00,0x00}, // 398
    {0x00,0x00,0x3F,0xF8,0x01,0x00,0x01,0x00,0x01,0x00,0x01,0x00,0x7F,0xFC,0x01,0x00,0x01,0x00,0x01,0x00,0x01,0x00,0x01,0x00,0x01,0x00,0x07,0x00,0x00,0x00,0x00,0x00}, // 399
    {0x20,0x00,0x17,0xFC,0x00,0x04,0x28,0xA4,0x25,0x24,0x20,0x34,0x2F,0xD4,0x22,0x04,0x2A,0xA4,0x2A,0xA4,0x2F,0xA4,0x22,0x24,0x24,0x54,0x28,0x9C,0x00,0x00,0x00,0x00}, // 400
    {0x10,0x10,0x08,0x20,0x7F,0xFC,0x02,0x00,0x04,0x00,0x1F,0xF0,0x10,0x10,0x1F,0xF0,0x10,0x10,0x1F,0xF0,0x10,0x10,0x10,0x10,0x1F,0xF0,0x10,0x10,0x00,0x00,0x00,0x00}, // 401
    {0x10,0xA0,0x10,0x90,0x11,0x00,0x11,0xFC,0x5B,0x20,0x55,0x20,0x51,0xF8,0x51,0x20,0x11,0x20,0x11,0xF8,0x11,0x20,0x11,0x20,0x11,0xFC,0x11,0x00,0x00,0x00,0x00,0x00}, // 402
    {0x00,0x40,0x01,0x40,0x7D,0x40,0x11,0xF8,0x12,0x40,0x10,0x40,0x7C,0x40,0x13,0xFC,0x10,0xE0,0x11,0x50,0x1D,0x50,0x72,0x48,0x04,0x44,0x00,0x40,0x00,0x00,0x00,0x00}, // 403
    {0x05,0xF8,0x24,0x88,0x24,0x50,0x24,0x20,0x24,0x50,0x04,0x8C,0x1F,0xF0,0x10,0x10,0x11,0x10,0x11,0x10,0x11,0x10,0x02,0xC0,0x0C,0x30,0x30,0x08,0x00,0x00,0x00,0x00}, // 404
    {0x02,0x00,0x01,0x00,0x7F,0xFC,0x40,0x04,0x1F,0xF0,0x10,0x10,0x10,0x10,0x1F,0xF0,0x10,0x00,0x1F,0xF8,0x10,0x08,0x10,0x08,0x1F,0xF8,0x10,0x08,0x00,0x00,0x00,0x00}, // 405
    {0x00,0x00,0x7E,0xFC,0x08,0x20,0x3E,0xF8,0x08,0x20,0x7E,0xFC,0x01,0x00,0x06,0xC0,0x18,0x30,0x61,0x0C,0x0F,0xE0,0x00,0x40,0x00,0x80,0x01,0x00,0x00,0x00,0x00,0x00}, // 406
    {0x10,0x00,0x13,0xF0,0x11,0x10,0x7D,0x10,0x11,0x20,0x11,0x40,0x39,0x78,0x35,0x08,0x51,0x08,0x11,0x90,0x11,0x50,0x12,0x20,0x12,0x50,0x14,0x8C,0x00,0x00,0x00,0x00}, // 407
    {0x00,0x78,0x3F,0x80,0x01,0x00,0x01,0x00,0x3F,0xF8,0x01,0x00,0x01,0x00,0x01,0x00,0x7F,0xFC,0x01,0x00,0x01,0x00,0x01,0x00,0x01,0x00,0x07,0x00,0x00,0x00,0x00,0x00}, // 408
    {0x01,0x00,0x02,0x80,0x04,0x40,0x18,0x30,0x67,0xCC,0x00,0x00,0x00,0x00,0x3E,0xF8,0x22,0x88,0x22,0x88,0x22,0x88,0x3E,0x88,0x22,0xB8,0x00,0x80,0x00,0x00,0x00,0x00}, // 409
    {0x08,0x20,0x49,0x20,0x2A,0x20,0x7F,0x3C,0x1C,0x48,0x2A,0x48,0x49,0xA8,0x10,0x28,0x7E,0x28,0x12,0x28,0x32,0x10,0x0C,0x10,0x1A,0x28,0x61,0x44,0x00,0x00,0x00,0x00}, // 410
    {0x09,0x00,0x09,0x00,0x09,0xFC,0x12,0x00,0x14,0x80,0x30,0x80,0x53,0xF8,0x10,0x88,0x10,0x88,0x10,0x88,0x11,0x08,0x11,0x08,0x12,0x08,0x14,0x30,0x00,0x00,0x00,0x00}, // 411
    {0x10,0x40,0x13,0xF8,0x19,0x10,0x20,0xA0,0x47,0xFC,0x38,0x00,0x13,0xF8,0x12,0x08,0x7B,0xF8,0x12,0x08,0x13,0xF8,0x18,0xA0,0x11,0x24,0x06,0x1C,0x00,0x00,0x00,0x00}, // 412
    {0x00,0x80,0x20,0x80,0x10,0x80,0x0F,0xF8,0x48,0x88,0x28,0x88,0x01,0x40,0x11,0x40,0x11,0x40,0x22,0x40,0x22,0x40,0x44,0x44,0x48,0x44,0x10,0x3C,0x00,0x00,0x00,0x00}, // 413
    {0x02,0x00,0x02,0x08,0x1F,0xD0,0x02,0x20,0x02,0x40,0x7F,0xFC,0x02,0x00,0x0F,0xF0,0x18,0x10,0x68,0x10,0x0F,0xF0,0x08,0x10,0x08,0x10,0x0F,0xF0,0x00,0x00,0x00,0x00}, // 414
    {0x00,0x1C,0x27,0xE0,0x12,0x88,0x09,0x50,0x00,0x80,0x41,0x10,0x23,0xE0,0x08,0x90,0x0B,0xF8,0x10,0x40,0x17,0xFC,0x20,0xA0,0x21,0x10,0x06,0x0C,0x00,0x00,0x00,0x00}, // 415
    {0x00,0x40,0x06,0x20,0x38,0xF8,0x08,0x00,0x08,0x88,0x7E,0x50,0x08,0xFC,0x08,0x20,0x3E,0x20,0x22,0xF8,0x22,0x20,0x22,0x20,0x3E,0x20,0x22,0x20,0x00,0x00,0x00,0x00}, // 416
    {0x01,0x00,0x21,0x08,0x21,0x08,0x3F,0xF8,0x00,0x00,0x3F,0xF8,0x20,0x00,0x2F,0xF0,0x20,0x80,0x20,0x80,0x3F,0xFC,0x20,0x80,0x20,0x80,0x40,0x80,0x00,0x00,0x00,0x00}, // 417
    {0x10,0x40,0x10,0x40,0x1E,0x7C,0x28,0x90,0x44,0x08,0x00,0x70,0x1F,0x80,0x01,0x00,0x01,0x00,0x7F,0xFC,0x02,0x80,0x04,0x40,0x18,0x30,0x60,0x0C,0x00,0x00,0x00,0x00}, // 418
    {0x00,0x00,0x23,0xF8,0x12,0x08,0x12,0x08,0x02,0x08,0x03,0xF8,0x72,0x00,0x12,0x40,0x12,0x20,0x12,0x10,0x14,0x08,0x10,0x08,0x28,0x00,0x47,0xFC,0x00,0x00,0x00,0x00}, // 419
    {0x00,0x00,0x3F,0xFC,0x20,0x80,0x20,0x80,0x20,0x80,0x3F,0xF8,0x20,0x08,0x20,0x08,0x20,0x08,0x3F,0xF8,0x20,0x80,0x20,0x80,0x20,0x80,0x3F,0xFC,0x00,0x00,0x00,0x00}, // 420
    {0x08,0x20,0x04,0x20,0x04,0x40,0x7F,0xFC,0x08,0x20,0x08,0x20,0x12,0x44,0x22,0x84,0x7C,0xF8,0x08,0x10,0x10,0x20,0x24,0x48,0x7E,0xFC,0x02,0x04,0x00,0x00,0x00,0x00}, // 421
    {0x20,0x00,0x13,0xF8,0x12,0x08,0x02,0x08,0x02,0x08,0x72,0x08,0x12,0x08,0x13,0xF8,0x10,0x00,0x10,0x00,0x15,0x10,0x19,0x08,0x12,0x04,0x04,0x04,0x00,0x00,0x00,0x00}, // 422
    {0x01,0x00,0x01,0x00,0x01,0x00,0x11,0x08,0x11,0x08,0x11,0x10,0x22,0xA0,0x42,0x80,0x02,0x80,0x04,0x40,0x04,0x40,0x08,0x20,0x10,0x10,0x60,0x0C,0x00,0x00,0x00,0x00}, // 423
    {0x10,0x00,0x10,0x00,0x1F,0xFC,0x20,0x04,0x21,0x08,0x41,0x00,0x01,0x00,0x09,0x20,0x09,0x10,0x11,0x08,0x21,0x04,0x41,0x04,0x01,0x00,0x07,0x00,0x00,0x00,0x00,0x00}, // 424
    {0x08,0x00,0x08,0xF8,0x7E,0x20,0x10,0x20,0x28,0x20,0x28,0x20,0x7E,0xFC,0x08,0x20,0x08,0x20,0x0E,0x20,0x78,0x20,0x08,0x20,0x08,0x20,0x08,0x20,0x00,0x00,0x00,0x00}, // 425
    {0x00,0x00,0x21,0x00,0x16,0x7C,0x14,0x44,0x04,0x44,0x04,0x44,0x74,0x44,0x14,0x44,0x15,0x44,0x16,0x5C,0x14,0x40,0x10,0x40,0x28,0x40,0x47,0xFC,0x00,0x00,0x00,0x00}, // 426
    {0x10,0x40,0x10,0x40,0x13,0xF8,0x78,0x40,0x10,0x40,0x17,0xFC,0x38,0x00,0x34,0x40,0x50,0x40,0x13,0xF8,0x10,0x40,0x10,0x40,0x10,0x40,0x17,0xFC,0x00,0x00,0x00,0x00}, // 427
    {0x08,0x00,0x0B,0xFC,0x10,0x40,0x20,0x80,0x4B,0xF8,0x0A,0x08,0x12,0x48,0x22,0x48,0x42,0x48,0x0A,0x88,0x10,0xA0,0x21,0x10,0x42,0x08,0x04,0x08,0x00,0x00,0x00,0x00}, // 428
    {0x11,0x10,0x09,0x20,0x7F,0xFC,0x40,0x04,0x0F,0xE0,0x08,0x20,0x0F,0xE0,0x00,0x00,0x1F,0xF0,0x10,0x10,0x11,0x10,0x11,0x10,0x06,0xE0,0x38,0x18,0x00,0x00,0x00,0x00}, // 429
    {0x01,0x00,0x3F,0xF8,0x01,0x00,0x1F,0xF0,0x10,0x10,0x1F,0xF0,0x10,0x10,0x1F,0xF0,0x10,0x10,0x1F,0xF0,0x10,0x10,0x7F,0xFC,0x08,0x20,0x10,0x10,0x00,0x00,0x00,0x00}, // 430
    {0x08,0x04,0x08,0x84,0x08,0x84,0x08,0x84,0x2C,0xA4,0x2A,0x94,0x2A,0x94,0x48,0x84,0x08,0x84,0x08,0x84,0x08,0x84,0x10,0x84,0x10,0x04,0x20,0x04,0x00,0x00,0x00,0x00}, // 431
    {0x01,0x00,0x01,0x00,0x3F,0xF8,0x01,0x00,0x01,0x00,0x01,0x00,0x7F,0xFC,0x01,0x00,0x02,0x80,0x02,0x80,0x04,0x40,0x08,0x20,0x10,0x10,0x60,0x0C,0x00,0x00,0x00,0x00}, // 432
    {0x08,0x20,0x04,0x40,0x3F,0xF8,0x01,0x00,0x1F,0xF0,0x01,0x00,0x7F,0xFC,0x00,0x00,0x01,0x00,0x3F,0xF8,0x02,0x80,0x04,0x40,0x18,0x30,0x60,0x0C,0x00,0x00,0x00,0x00}, // 433
    {0x10,0x00,0x08,0x7C,0x3F,0x10,0x22,0x20,0x14,0x7C,0x3F,0x44,0x24,0x54,0x28,0x54,0x32,0x54,0x24,0x54,0x39,0x54,0x42,0x28,0x0C,0x44,0x30,0x84,0x00,0x00,0x00,0x00}, // 434
    {0x00,0x00,0x3E,0xF8,0x22,0x20,0x22,0x20,0x3E,0xA0,0x22,0xA0,0x22,0xFC,0x3E,0x20,0x28,0x50,0x24,0x50,0x2A,0x50,0x32,0x90,0x20,0x94,0x01,0x0C,0x00,0x00,0x00,0x00}, // 435
    {0x00,0x70,0x0F,0x80,0x08,0x00,0x08,0x00,0x0F,0xF8,0x08,0x20,0x08,0x20,0x08,0x20,0x7F,0xFC,0x00,0x00,0x08,0x20,0x08,0x10,0x10,0x08,0x20,0x08,0x00,0x00,0x00,0x00}, // 436
    {0x04,0x40,0x7F,0xFC,0x04,0x50,0x03,0xFC,0x20,0x40,0x13,0xF8,0x0A,0x48,0x43,0xF8,0x22,0x48,0x0B,0xF8,0x12,0x48,0x17,0xFC,0x21,0x10,0x20,0xB0,0x00,0x00,0x00,0x00}, // 437
    {0x01,0x00,0x21,0x08,0x21,0x08,0x3F,0xF8,0x00,0x00,0x7F,0xFC,0x04,0x00,0x08,0x00,0x1F,0xF0,0x68,0x10,0x08,0x10,0x08,0x10,0x0F,0xF0,0x08,0x10,0x00,0x00,0x00,0x00}, // 438
    {0x10,0x20,0x11,0x20,0x21,0x10,0x4A,0x10,0x7A,0x08,0x14,0x04,0x23,0xF0,0x41,0x10,0x79,0x10,0x01,0x10,0x01,0x10,0x1A,0x10,0x62,0x10,0x04,0x60,0x00,0x00,0x00,0x00}, // 439
    {0x02,0x04,0x22,0x44,0x12,0x44,0x02,0x44,0x46,0x44,0x2B,0x64,0x02,0xD4,0x12,0x44,0x12,0x44,0x22,0x44,0x22,0x44,0x42,0x44,0x42,0x04,0x04,0x04,0x00,0x00,0x00,0x00}, // 440
    {0x02,0x00,0x01,0x00,0x7F,0xFC,0x40,0x04,0x00,0x00,0x3F,0xF8,0x01,0x00,0x01,0x00,0x01,0x00,0x1F,0xF0,0x01,0x00,0x01,0x20,0x01,0x10,0x7F,0xFC,0x00,0x00,0x00,0x00}, // 441
    {0x10,0x50,0x10,0x48,0x1E,0x48,0x10,0x40,0x10,0x7C,0x11,0xC0,0x7E,0x48,0x42,0x48,0x42,0x50,0x42,0x50,0x42,0x24,0x7E,0x54,0x42,0x8C,0x01,0x04,0x00,0x00,0x00,0x00}, // 442
    {0x20,0x40,0x10,0x40,0x13,0xF8,0x00,0x40,0x00,0x40,0x77,0xFC,0x10,0x10,0x10,0x10,0x17,0xFC,0x10,0x10,0x12,0x10,0x19,0x10,0x10,0x10,0x00,0x70,0x00,0x00,0x00,0x00}, // 443
    {0x08,0x40,0x48,0x40,0x29,0xF8,0x10,0x40,0x2B,0xFC,0x48,0x00,0x09,0xF8,0x19,0x08,0x29,0xF8,0x48,0x44,0x08,0xA8,0x09,0x90,0x0E,0x88,0x30,0xC4,0x00,0x00,0x00,0x00}, // 444
    {0x00,0x00,0x1F,0xE0,0x00,0x40,0x01,0x80,0x39,0x24,0x0B,0xA8,0x09,0x30,0x0B,0xA0,0x11,0x10,0x17,0xD0,0x21,0x08,0x41,0x04,0x01,0x00,0x07,0x00,0x00,0x00,0x00,0x00}, // 445
    {0x0A,0x00,0x0A,0x00,0x13,0xBC,0x25,0x24,0x49,0x24,0x0F,0xA4,0x11,0x24,0x35,0x24,0x55,0xA4,0x15,0x24,0x15,0x24,0x15,0xAC,0x1E,0x20,0x10,0x20,0x00,0x00,0x00,0x00}, // 446
    {0x08,0x40,0x08,0x50,0x3E,0x48,0x08,0x40,0x7F,0xFC,0x10,0x40,0x7F,0x48,0x10,0x48,0x28,0x50,0x3E,0x50,0x08,0x24,0x7F,0x54,0x08,0x8C,0x09,0x04,0x00,0x00,0x00,0x00}, // 447
    {0x1F,0xF0,0x10,0x10,0x10,0x10,0x1F,0xF0,0x00,0x00,0x00,0x00,0x1F,0xF0,0x01,0x00,0x01,0x00,0x7F,0xFC,0x02,0x80,0x04,0x40,0x18,0x30,0x60,0x0C,0x00,0x00,0x00,0x00}, // 448
    {0x1F,0xF0,0x01,0x00,0x7F,0xFC,0x41,0x04,0x1D,0x70,0x00,0x00,0x3E,0xF8,0x22,0x08,0x3E,0xF8,0x20,0x00,0x3E,0xF8,0x20,0x48,0x3E,0x30,0x20,0xCC,0x00,0x00,0x00,0x00}, // 449
    {0x01,0x00,0x3F,0xF8,0x01,0x00,0x1F,0xF0,0x01,0x00,0x7F,0xFC,0x08,0x40,0x1F,0x80,0x02,0x10,0x3F,0xF8,0x01,0x08,0x11,0x20,0x21,0x10,0x47,0x08,0x00,0x00,0x00,0x00}, // 450
    {0x00,0x50,0x20,0x48,0x17,0xFC,0x00,0x40,0x03,0xF8,0x42,0x48,0x22,0x48,0x0B,0xF8,0x0A,0x48,0x12,0x48,0x13,0xF8,0x22,0x48,0x22,0x48,0x02,0x18,0x00,0x00,0x00,0x00}, // 451
    {0x00,0x00,0x7F,0xF8,0x14,0x88,0x7F,0x88,0x55,0x98,0x7F,0xD8,0x00,0xA8,0x3E,0xA8,0x00,0xA8,0x7F,0xD8,0x08,0x88,0x2A,0x88,0x49,0x8C,0x19,0x04,0x00,0x00,0x00,0x00}, // 452
    {0x10,0x00,0x13,0xFC,0x10,0xA0,0x7C,0xA0,0x13,0xF8,0x12,0xA8,0x3A,0xA8,0x36,0xA8,0x52,0xA8,0x13,0x18,0x12,0x08,0x12,0x08,0x13,0xF8,0x12,0x08,0x00,0x00,0x00,0x00}, // 453
    {0x13,0xF8,0x10,0x10,0x10,0x60,0x7C,0x80,0x11,0x00,0x13,0xFC,0x38,0x94,0x35,0x14,0x51,0x24,0x12,0x24,0x14,0x44,0x10,0x84,0x11,0x04,0x12,0x18,0x00,0x00,0x00,0x00}, // 454
    {0x00,0x80,0x20,0x40,0x17,0xFC,0x10,0x00,0x00,0x00,0x03,0xF8,0x02,0x08,0x12,0x08,0x13,0xF8,0x20,0x40,0x22,0x50,0x44,0x48,0x48,0x44,0x01,0xC0,0x00,0x00,0x00,0x00}, // 455
    {0x10,0x80,0x10,0x40,0x13,0xF8,0x7D,0x10,0x10,0xA0,0x17,0xFC,0x10,0x80,0x18,0x80,0x77,0xFC,0x11,0x10,0x13,0x20,0x10,0xC0,0x11,0x30,0x76,0x08,0x00,0x00,0x00,0x00}, // 456
    {0x10,0x00,0x13,0xFC,0x10,0x20,0x7C,0x20,0x10,0x40,0x10,0x40,0x38,0xD0,0x35,0x48,0x52,0x44,0x10,0x44,0x10,0x40,0x10,0x40,0x10,0x40,0x10,0x40,0x00,0x00,0x00,0x00}, // 457
    {0x02,0x00,0x01,0x00,0x7F,0xFC,0x00,0x00,0x08,0x20,0x10,0x10,0x20,0x08,0x08,0x20,0x04,0x40,0x02,0x80,0x01,0x00,0x02,0x80,0x0C,0x60,0x70,0x1C,0x00,0x00,0x00,0x00}, // 458
    {0x00,0x40,0x00,0x40,0x78,0x40,0x4B,0xF8,0x4A,0x48,0x4A,0x48,0x7A,0x48,0x4A,0x48,0x4F,0xFC,0x48,0xA0,0x78,0xA0,0x49,0x10,0x02,0x08,0x04,0x04,0x00,0x00,0x00,0x00}, // 459
    {0x08,0x00,0x0F,0xF0,0x18,0x20,0x24,0x40,0x03,0x80,0x0C,0x60,0x71,0x1C,0x01,0x00,0x3F,0xF8,0x01,0x00,0x09,0x20,0x11,0x10,0x21,0x08,0x07,0x00,0x00,0x00,0x00,0x00}, // 460
    {0x10,0x20,0x10,0x40,0x1C,0xF8,0x20,0x88,0x40,0xF8,0x3C,0x88,0x10,0xF8,0x10,0x20,0x7D,0xFC,0x11,0x24,0x11,0x24,0x15,0x24,0x19,0x2C,0x10,0x20,0x00,0x00,0x00,0x00}, // 461
    {0x00,0x40,0x78,0x20,0x0B,0xFC,0x08,0x40,0x78,0x80,0x40,0x88,0x41,0x08,0x43,0xF0,0x78,0x20,0x08,0x40,0x08,0x90,0x09,0x08,0x0B,0xFC,0x30,0x04,0x00,0x00,0x00,0x00}, // 462
    {0x10,0x38,0x13,0xC0,0x12,0x88,0x79,0x50,0x12,0x00,0x13,0xF8,0x14,0x40,0x18,0x40,0x77,0xFC,0x10,0x40,0x12,0x48,0x12,0x48,0x13,0xF8,0x70,0x08,0x00,0x00,0x00,0x00}, // 463
    {0x00,0x00,0x3E,0xFC,0x20,0x20,0x20,0x40,0x2E,0xF8,0x2A,0x88,0x2A,0xA8,0x2A,0xA8,0x2E,0xA8,0x28,0xA8,0x2A,0xA8,0x2C,0x50,0x28,0x88,0x41,0x08,0x00,0x00,0x00,0x00}, // 464
    {0x08,0x80,0x08,0x40,0x17,0xFC,0x10,0x00,0x33,0xF8,0x50,0x00,0x13,0xF8,0x10,0x00,0x13,0xF8,0x12,0x08,0x12,0x08,0x12,0x08,0x13,0xF8,0x12,0x08,0x00,0x00,0x00,0x00}, // 465
    {0x20,0x00,0x2C,0xF8,0x30,0x08,0x22,0x50,0x1E,0x20,0x20,0xFC,0x3E,0x24,0x48,0x28,0x08,0xA0,0x7E,0xBC,0x08,0xA0,0x14,0xA0,0x22,0xE0,0x41,0x3C,0x00,0x00,0x00,0x00}, // 466
    {0x00,0x20,0x3F,0xA0,0x24,0x20,0x24,0x20,0x24,0x30,0x3F,0x28,0x21,0x24,0x21,0x24,0x3F,0x20,0x24,0x20,0x24,0x20,0x24,0x20,0x3F,0xA0,0x00,0x20,0x00,0x00,0x00,0x00}, // 467
    {0x08,0x20,0x08,0x40,0x7E,0xF8,0x52,0x88,0x20,0xA8,0x28,0x88,0x7E,0xB8,0x28,0x80,0x3E,0xFC,0x28,0x04,0x3E,0xF4,0x28,0x04,0x3E,0x04,0x20,0x18,0x00,0x00,0x00,0x00}, // 468
    {0x01,0x00,0x00,0x80,0x00,0x00,0x1F,0x00,0x01,0x08,0x01,0x10,0x3D,0xA0,0x05,0x40,0x09,0x40,0x09,0x20,0x11,0x10,0x21,0x08,0x41,0x04,0x07,0x00,0x00,0x00,0x00,0x00}, // 469
    {0x02,0x00,0x01,0x00,0x3F,0xF0,0x20,0x10,0x20,0x10,0x3F,0xF0,0x20,0x10,0x20,0x10,0x3F,0xF0,0x22,0x08,0x21,0x10,0x24,0xA0,0x28,0x60,0x30,0x1C,0x00,0x00,0x00,0x00}, // 470
    {0x00,0x80,0x00,0x40,0x7B,0xF8,0x49,0x10,0x48,0xA0,0x4F,0xFC,0x4C,0x04,0x48,0x40,0x4B,0xF8,0x7A,0x48,0x4A,0x48,0x02,0x58,0x00,0x40,0x00,0x40,0x00,0x00,0x00,0x00}, // 471
    {0x10,0x80,0x10,0x80,0x20,0xB8,0x4B,0xC0,0x78,0x50,0x10,0x24,0x20,0xD4,0x43,0x0C,0x78,0x00,0x03,0xF8,0x00,0xA0,0x18,0xA0,0x61,0x24,0x06,0x1C,0x00,0x00,0x00,0x00}, // 472
    {0x27,0xF0,0x10,0x90,0x42,0x98,0x22,0x94,0x04,0x94,0x11,0x10,0x22,0x10,0x44,0x60,0x01,0x00,0x7F,0xFC,0x05,0x40,0x19,0x30,0x61,0x0C,0x01,0x00,0x00,0x00,0x00,0x00}, // 473
    {0x01,0x00,0x01,0x00,0x01,0x00,0x01,0x00,0x01,0x00,0x7F,0xFC,0x01,0x00,0x01,0x00,0x01,0x00,0x01,0x00,0x01,0x00,0x01,0x00,0x01,0x00,0x3F,0xF8,0x00,0x00,0x00,0x00}, // 474
    {0x02,0x00,0x01,0x00,0x3F,0xF8,0x08,0x20,0x04,0x40,0x7F,0xFC,0x00,0x00,0x1F,0xF0,0x10,0x10,0x10,0x10,0x1F,0xF0,0x10,0x10,0x10,0x10,0x1F,0xF0,0x00,0x00,0x00,0x00}, // 475
    {0x00,0x40,0x00,0x40,0x78,0xA0,0x48,0xA0,0x49,0x10,0x4A,0x88,0x4C,0x44,0x48,0x40,0x4B,0xF8,0x78,0x08,0x48,0x10,0x00,0x10,0x00,0x20,0x00,0x40,0x00,0x00,0x00,0x00}, // 476
    {0x11,0x10,0x11,0x10,0x13,0xF8,0x19,0x10,0x55,0x10,0x57,0xFC,0x50,0x00,0x13,0xF8,0x12,0x08,0x12,0x08,0x13,0xF8,0x12,0x08,0x12,0x08,0x13,0xF8,0x00,0x00,0x00,0x00}, // 477
    {0x01,0x00,0x02,0x80,0x04,0x40,0x1A,0x30,0x61,0x0C,0x1F,0xE0,0x00,0x20,0x00,0x40,0x02,0x80,0x01,0x00,0x29,0x08,0x28,0x04,0x48,0x24,0x07,0xE0,0x00,0x00,0x00,0x00}, // 478
    {0x10,0x40,0x10,0x40,0x10,0x40,0x1E,0x7C,0x22,0x84,0x24,0x88,0x51,0x20,0x10,0x20,0x10,0x20,0x10,0x20,0x10,0x50,0x14,0x50,0x18,0x88,0x11,0x04,0x00,0x00,0x00,0x00}, // 479
    {0x00,0x40,0x0C,0x40,0x70,0xF0,0x11,0x10,0x12,0xA0,0x7C,0x40,0x10,0x90,0x1B,0x20,0x34,0x7C,0x30,0x88,0x53,0x50,0x10,0x20,0x10,0xC0,0x13,0x00,0x00,0x00,0x00,0x00}, // 480
    {0x1F,0xF0,0x10,0x10,0x1F,0xF0,0x10,0x10,0x1F,0xF0,0x10,0x10,0x7F,0xFC,0x08,0x20,0x10,0x10,0x3F,0xF8,0x02,0x08,0x29,0x08,0x28,0x24,0x47,0xE4,0x00,0x00,0x00,0x00}, // 481
    {0x00,0x00,0x1F,0xF0,0x10,0x10,0x10,0x10,0x10,0x10,0x1F,0xF0,0x01,0x00,0x01,0x00,0x11,0x00,0x11,0xF8,0x11,0x00,0x11,0x00,0x29,0x00,0x47,0xFC,0x00,0x00,0x00,0x00}, // 482
    {0x00,0x50,0x3F,0x48,0x00,0x48,0x00,0x40,0x7F,0xFC,0x04,0x40,0x04,0x40,0x27,0x40,0x24,0x40,0x24,0x20,0x24,0x24,0x27,0x94,0x78,0x0C,0x00,0x04,0x00,0x00,0x00,0x00}, // 483
    {0x10,0x20,0x10,0x20,0x20,0x40,0x22,0x44,0x42,0x84,0x7C,0xF8,0x04,0x10,0x08,0x20,0x10,0x40,0x20,0x80,0x7E,0xFC,0x00,0x00,0x00,0x00,0x7F,0xFC,0x00,0x00,0x00,0x00}, // 484
    {0x00,0x40,0x3C,0x40,0x25,0xFC,0x24,0x80,0x28,0xA0,0x29,0x20,0x25,0x20,0x25,0xFC,0x24,0x20,0x25,0x28,0x39,0x24,0x22,0x24,0x20,0x20,0x20,0xE0,0x00,0x00,0x00,0x00}, // 485
    {0x01,0x00,0x01,0x00,0x3F,0xF8,0x01,0x00,0x1F,0xF0,0x10,0x10,0x1F,0xF0,0x10,0x10,0x1F,0xF0,0x10,0x10,0x1F,0xF0,0x10,0x10,0x10,0x10,0x7F,0xFC,0x00,0x00,0x00,0x00}, // 486
    {0x08,0x20,0x7F,0xFC,0x08,0x20,0x00,0x00,0x7F,0xFC,0x40,0x04,0x01,0x00,0x01,0x00,0x7F,0xFC,0x03,0x80,0x05,0x40,0x19,0x30,0x61,0x0C,0x01,0x00,0x00,0x00,0x00,0x00}, // 487
    {0x00,0x00,0x7F,0xFC,0x10,0x80,0x10,0x80,0x1E,0x80,0x22,0x88,0x22,0x90,0x52,0xA0,0x0C,0xC0,0x04,0x80,0x08,0x80,0x10,0x84,0x20,0x84,0x40,0x7C,0x00,0x00,0x00,0x00}, // 488
    {0x10,0x20,0x10,0x20,0x1C,0x20,0x21,0xFC,0x41,0x24,0x3D,0x24,0x11,0x24,0x11,0x24,0x7D,0xFC,0x11,0x24,0x10,0x20,0x14,0x20,0x18,0x20,0x10,0x20,0x00,0x00,0x00,0x00}, // 489
    {0x02,0x00,0x01,0x00,0x7F,0xFC,0x00,0x00,0x1F,0xF0,0x10,0x10,0x10,0x10,0x10,0x10,0x1F,0xF0,0x01,0x00,0x09,0x20,0x11,0x10,0x21,0x08,0x07,0x00,0x00,0x00,0x00,0x00}, // 490
    {0x00,0x50,0x7C,0x48,0x10,0x40,0x10,0x78,0x1D,0xC0,0x24,0x40,0x24,0x78,0x25,0xC0,0x54,0x48,0x08,0x50,0x08,0x24,0x10,0xD4,0x27,0x0C,0x40,0x04,0x00,0x00,0x00,0x00}, // 491
    {0x08,0x20,0x08,0x20,0x7F,0xFC,0x08,0x20,0x02,0x00,0x7F,0xFC,0x10,0x00,0x10,0x00,0x1F,0xF0,0x00,0x00,0x09,0x20,0x09,0x20,0x11,0x24,0x21,0x1C,0x00,0x00,0x00,0x00}, // 492
    {0x11,0x00,0x11,0x00,0x11,0xFC,0x7A,0x00,0x15,0xF8,0x11,0x48,0x39,0x28,0x37,0xFC,0x51,0x08,0x12,0x48,0x12,0x28,0x13,0xFC,0x10,0x08,0x10,0x30,0x00,0x00,0x00,0x00}, // 493
    {0x00,0x20,0x3C,0x20,0x25,0x20,0x25,0x20,0x25,0xFC,0x3D,0x20,0x26,0x20,0x24,0x20,0x3D,0xF8,0x24,0x20,0x24,0x20,0x24,0x20,0x24,0x20,0x4D,0xFC,0x00,0x00,0x00,0x00}, // 494
    {0x10,0x00,0x1C,0xF8,0x24,0x48,0x48,0x48,0x3E,0x98,0x2A,0x20,0x2A,0xA0,0x3E,0xF8,0x2B,0x20,0x2A,0x20,0x3F,0xFC,0x2A,0x20,0x2A,0x20,0x46,0x20,0x00,0x00,0x00,0x00}, // 495
    {0x00,0x00,0x03,0xF8,0x7A,0x08,0x0A,0x48,0x0A,0x48,0x0A,0x48,0x4A,0x48,0x2A,0x48,0x12,0x48,0x10,0xA0,0x28,0xA0,0x29,0x24,0x42,0x24,0x04,0x1C,0x00,0x00,0x00,0x00}, // 496
    {0x12,0x10,0x09,0x20,0x00,0x40,0x7F,0xFC,0x40,0x04,0x40,0x04,0x1F,0xF0,0x10,0x10,0x11,0x10,0x11,0x10,0x11,0x10,0x02,0x80,0x0C,0x84,0x30,0x7C,0x00,0x00,0x00,0x00}, // 497
    {0x08,0x08,0x71,0x90,0x10,0x60,0x10,0x90,0x79,0x48,0x13,0xFC,0x10,0x80,0x39,0x20,0x37,0xFC,0x55,0x24,0x11,0x24,0x11,0x24,0x11,0x2C,0x10,0x20,0x00,0x00,0x00,0x00}, // 498
    {0x20,0x88,0x11,0x08,0x13,0xC8,0x02,0x48,0x03,0xDC,0x72,0x48,0x13,0xC8,0x12,0x68,0x17,0xD8,0x10,0xC8,0x11,0x48,0x1A,0x48,0x14,0x48,0x00,0xD8,0x00,0x00,0x00,0x00}, // 499
    {0x00,0x40,0x20,0x20,0x10,0x00,0x13,0xFC,0x00,0x90,0x00,0x90,0x72,0x98,0x12,0x94,0x14,0x94,0x11,0x10,0x11,0x10,0x12,0x70,0x28,0x00,0x47,0xFC,0x00,0x00,0x00,0x00}, // 500
    {0x08,0x80,0x08,0x80,0x08,0x88,0x10,0x90,0x10,0xA0,0x30,0xC0,0x50,0x80,0x11,0x80,0x12,0x80,0x14,0x80,0x10,0x80,0x10,0x84,0x10,0x84,0x10,0x7C,0x00,0x00,0x00,0x00}, // 501
    {0x01,0x00,0x01,0x00,0x1F,0xF0,0x01,0x00,0x7F,0xFC,0x08,0x20,0x04,0x40,0x1F,0xF0,0x01,0x00,0x01,0x00,0x7F,0xFC,0x01,0x00,0x01,0x00,0x01,0x00,0x00,0x00,0x00,0x00}, // 502
    {0x00,0x80,0x20,0x80,0x11,0x40,0x02,0x20,0x44,0x10,0x28,0x0C,0x03,0xE0,0x12,0x20,0x12,0x20,0x22,0x20,0x22,0xC0,0x42,0x08,0x42,0x08,0x01,0xF8,0x00,0x00,0x00,0x00}, // 503
    {0x00,0x48,0x3F,0xFC,0x20,0x40,0x2F,0x48,0x20,0x48,0x2F,0x50,0x29,0x20,0x2F,0x54,0x20,0x8C,0x41,0x04,0x02,0x00,0x29,0x08,0x28,0x24,0x47,0xE4,0x00,0x00,0x00,0x00}, // 504
    {0x11,0x10,0x11,0x10,0x13,0xF8,0x11,0x10,0x79,0xF0,0x11,0x10,0x11,0xF0,0x11,0x10,0x17,0xFC,0x12,0x00,0x1A,0x90,0x63,0x08,0x02,0x00,0x03,0xF8,0x00,0x00,0x00,0x00}, // 505
    {0x02,0x00,0x01,0x00,0x7F,0xFC,0x02,0x00,0x04,0x00,0x08,0x20,0x10,0x40,0x3F,0x80,0x01,0x00,0x02,0x00,0x04,0x20,0x08,0x10,0x3F,0xF8,0x00,0x08,0x00,0x00,0x00,0x00}, // 506
    {0x00,0x00,0x3D,0xFC,0x24,0x00,0x24,0xF8,0x28,0x88,0x28,0xF8,0x24,0x00,0x25,0xFC,0x25,0x54,0x25,0x24,0x39,0xFC,0x21,0x24,0x21,0x24,0x21,0x0C,0x00,0x00,0x00,0x00}, // 507
    {0x07,0x08,0x78,0x08,0x11,0x10,0x49,0x20,0x22,0x48,0x08,0x08,0x08,0x10,0x7F,0x20,0x08,0x44,0x1C,0x04,0x2A,0x08,0x49,0x10,0x08,0x20,0x08,0x40,0x00,0x00,0x00,0x00}, // 508
    {0x00,0x00,0x27,0xFC,0x14,0x04,0x04,0x04,0x45,0xF4,0x24,0x04,0x05,0xF4,0x15,0x14,0x15,0x14,0x25,0x14,0x25,0xF4,0x44,0x04,0x44,0x04,0x04,0x1C,0x00,0x00,0x00,0x00}, // 509
    {0x00,0x00,0x03,0xF8,0x79,0x08,0x49,0x08,0x49,0x08,0x49,0x08,0x49,0x10,0x48,0x90,0x48,0xA0,0x78,0x40,0x48,0xA0,0x01,0x10,0x02,0x08,0x04,0x04,0x00,0x00,0x00,0x00}, // 510
    {0x08,0x00,0x09,0xF8,0x09,0x08,0x09,0x08,0x2D,0xF8,0x2B,0x08,0x29,0x08,0x49,0xF8,0x09,0x24,0x09,0x28,0x09,0x10,0x09,0x50,0x09,0x88,0x09,0x04,0x00,0x00,0x00,0x00}, // 511
    {0x02,0x00,0x01,0x00,0x7F,0xFC,0x48,0x24,0x12,0x10,0x04,0x00,0x3F,0xF8,0x22,0x08,0x27,0xE8,0x2A,0x48,0x21,0x88,0x2E,0x48,0x20,0x08,0x3F,0xF8,0x00,0x00,0x00,0x00}, // 512
    {0x3F,0xF8,0x01,0x00,0x7F,0xFC,0x49,0x24,0x01,0x00,0x1D,0x70,0x08,0x00,0x1F,0xF0,0x68,0x20,0x07,0xC0,0x7A,0x3C,0x0F,0xE0,0x04,0x20,0x18,0xC0,0x00,0x00,0x00,0x00}, // 513
    {0x08,0x00,0x08,0x00,0x08,0x7C,0x3E,0x44,0x08,0x44,0x08,0x44,0x08,0x44,0x7F,0x44,0x10,0x44,0x14,0x44,0x22,0x5C,0x7E,0x40,0x02,0x40,0x00,0x40,0x00,0x00,0x00,0x00}, // 514
    {0x10,0x80,0x10,0x90,0x10,0x88,0x10,0x80,0x5B,0xFC,0x54,0xA0,0x50,0xA0,0x50,0xA0,0x10,0xA0,0x10,0xA0,0x11,0x20,0x11,0x24,0x12,0x24,0x14,0x1C,0x00,0x00,0x00,0x00}, // 515
    {0x10,0x00,0x11,0xF8,0x11,0x08,0x7D,0x08,0x11,0x38,0x11,0x00,0x15,0xF8,0x19,0x48,0x71,0x48,0x11,0x50,0x11,0x20,0x11,0x50,0x11,0x88,0x71,0x04,0x00,0x00,0x00,0x00}, // 516
    {0x7F,0xFC,0x00,0x00,0x00,0x00,0x0F,0xE0,0x29,0x28,0x29,0x28,0x2F,0xE8,0x29,0x28,0x29,0x28,0x29,0x28,0x2F,0xE8,0x20,0x08,0x3F,0xF8,0x00,0x08,0x00,0x00,0x00,0x00}, // 517
    {0x02,0x00,0x04,0x00,0x1F,0xF0,0x10,0x10,0x1F,0xF0,0x10,0x10,0x1F,0xF0,0x10,0x10,0x1F,0xF0,0x01,0x00,0x08,0x88,0x28,0x84,0x28,0x24,0x47,0xE0,0x00,0x00,0x00,0x00}, // 518
    {0x00,0x40,0x03,0xF8,0x78,0x40,0x4B,0xF8,0x48,0x40,0x4F,0xFC,0x78,0x00,0x4B,0xF8,0x4A,0x08,0x4B,0xF8,0x7A,0x08,0x4B,0xF8,0x02,0x08,0x02,0x38,0x00,0x00,0x00,0x00}, // 519
    {0x3F,0xF8,0x24,0x48,0x24,0x48,0x3F,0xF8,0x01,0x00,0x01,0x00,0x1F,0xF0,0x01,0x00,0x01,0x00,0x7F,0xFC,0x04,0x00,0x08,0x20,0x1F,0xF0,0x00,0x10,0x00,0x00,0x00,0x00}, // 520
    {0x01,0x00,0x09,0x00,0x09,0x00,0x0F,0xF0,0x11,0x00,0x21,0x00,0x01,0x00,0x7F,0xFC,0x03,0x80,0x05,0x40,0x09,0x20,0x11,0x10,0x61,0x0C,0x01,0x00,0x00,0x00,0x00,0x00}, // 521
    {0x00,0x00,0x1F,0xFC,0x10,0x84,0x10,0x84,0x10,0x84,0x1F,0xFC,0x10,0x84,0x10,0x84,0x1F,0xFC,0x10,0x84,0x10,0x84,0x20,0x84,0x20,0x84,0x40,0x1C,0x00,0x00,0x00,0x00}, // 522
    {0x27,0xFC,0x10,0x80,0x10,0x80,0x03,0xF8,0x01,0x08,0x71,0x08,0x17,0xFC,0x10,0x00,0x10,0x00,0x13,0xF8,0x16,0x08,0x1A,0x08,0x13,0xF8,0x02,0x08,0x00,0x00,0x00,0x00}, // 523
    {0x01,0x00,0x7F,0xFC,0x40,0x04,0x1F,0xF0,0x10,0x10,0x1F,0xF0,0x10,0x10,0x1F,0xF0,0x02,0x00,0x7F,0xFC,0x04,0x20,0x0C,0x40,0x03,0x80,0x3C,0x70,0x00,0x00,0x00,0x00}, // 524
    {0x04,0x40,0x7F,0xFC,0x05,0x40,0x23,0xF8,0x15,0x10,0x10,0xE0,0x07,0x5C,0x71,0xF0,0x10,0x40,0x13,0xF8,0x10,0x40,0x17,0xFC,0x28,0x40,0x47,0xFC,0x00,0x00,0x00,0x00}, // 525
    {0x00,0x80,0x3C,0xF8,0x25,0x08,0x26,0x90,0x28,0x60,0x28,0x90,0x27,0x0C,0x24,0x20,0x24,0xF8,0x24,0x20,0x39,0x20,0x21,0xFC,0x20,0x20,0x20,0x20,0x00,0x00,0x00,0x00}, // 526
    {0x00,0xA0,0x00,0x90,0x79,0x00,0x49,0xFC,0x4B,0x20,0x4D,0x20,0x49,0xF8,0x49,0x20,0x49,0x20,0x79,0xF8,0x49,0x20,0x01,0x20,0x01,0xFC,0x01,0x00,0x00,0x00,0x00,0x00}, // 527
    {0x00,0x04,0x3F,0x04,0x08,0x04,0x08,0x24,0x0F,0x24,0x11,0x24,0x11,0x24,0x29,0x24,0x46,0x24,0x02,0x24,0x04,0x04,0x08,0x04,0x10,0x04,0x20,0x1C,0x00,0x00,0x00,0x00}, // 528
    {0x00,0x00,0x3F,0xE0,0x08,0x20,0x08,0x40,0x08,0x40,0x08,0xF0,0x08,0x10,0x0A,0x20,0x0A,0x20,0x11,0x40,0x10,0x80,0x21,0x40,0x46,0x30,0x18,0x0C,0x00,0x00,0x00,0x00}, // 529
    {0x20,0x80,0x20,0x88,0x3E,0x90,0x20,0xE4,0x26,0x84,0x3A,0x7C,0x04,0x00,0x1F,0xF0,0x10,0x10,0x10,0x10,0x1F,0xF0,0x10,0x10,0x10,0x10,0x1F,0xF0,0x00,0x00,0x00,0x00}, // 530
    {0x01,0x00,0x01,0x00,0x1F,0xF0,0x01,0x10,0x7F,0xFC,0x01,0x10,0x1F,0xF0,0x01,0x00,0x11,0x08,0x15,0x48,0x15,0x28,0x29,0x28,0x21,0x08,0x41,0x08,0x00,0x00,0x00,0x00}, // 531
    {0x00,0x80,0x20,0x40,0x13,0xF8,0x0A,0x08,0x02,0x08,0x43,0xF8,0x22,0x08,0x0A,0x08,0x0B,0xF8,0x12,0x44,0x12,0x28,0x22,0x90,0x23,0x08,0x02,0x04,0x00,0x00,0x00,0x00}, // 532
    {0x08,0x40,0x08,0x40,0x08,0x40,0x13,0xFC,0x10,0x40,0x30,0xE0,0x50,0xE0,0x11,0x50,0x11,0x50,0x12,0x48,0x14,0x44,0x10,0x40,0x10,0x40,0x10,0x40,0x00,0x00,0x00,0x00}, // 533
    {0x08,0x40,0x08,0x40,0x0B,0xF8,0x10,0x40,0x10,0x40,0x37,0xFC,0x50,0x00,0x10,0x40,0x10,0x40,0x13,0xF8,0x10,0x40,0x10,0x40,0x10,0x40,0x17,0xFC,0x00,0x00,0x00,0x00}, // 534
    {0x06,0x00,0x38,0x6C,0x49,0x24,0x2A,0x24,0x7F,0xB4,0x2A,0x6C,0x49,0x24,0x00,0x24,0x3E,0x6C,0x2A,0xB4,0x3E,0x24,0x2A,0x24,0x3E,0x24,0x22,0x6C,0x00,0x00,0x00,0x00}, // 535
    {0x1F,0xF0,0x10,0x10,0x1F,0xF0,0x10,0x10,0x1F,0xF0,0x00,0x00,0x3F,0xF8,0x20,0x00,0x2F,0xF0,0x20,0x00,0x3F,0xFC,0x28,0x90,0x28,0x60,0x4E,0x1C,0x00,0x00,0x00,0x00}, // 536
    {0x01,0x00,0x1F,0xF0,0x11,0x10,0x1F,0xF0,0x01,0x00,0x7F,0xFC,0x00,0x00,0x1F,0xF0,0x10,0x10,0x11,0x10,0x11,0x10,0x02,0xC0,0x0C,0x30,0x70,0x08,0x00,0x00,0x00,0x00}, // 537
    {0x01,0x00,0x3F,0xF8,0x08,0x20,0x04,0x40,0x7F,0xFC,0x00,0x00,0x1F,0xF0,0x10,0x10,0x1F,0xF0,0x10,0x10,0x1F,0xF0,0x01,0x00,0x7F,0xFC,0x01,0x00,0x00,0x00,0x00,0x00}, // 538
    {0x08,0x40,0x08,0x40,0x08,0x40,0x08,0x40,0x08,0x40,0x08,0x40,0x08,0x40,0x08,0x40,0x08,0x40,0x08,0x40,0x10,0x40,0x10,0x44,0x20,0x44,0x40,0x3C,0x00,0x00,0x00,0x00}, // 539
    {0x08,0x20,0x08,0x20,0x7E,0xFC,0x08,0x20,0x3E,0x20,0x00,0xF8,0x3E,0x48,0x22,0x48,0x3E,0x48,0x02,0x50,0x24,0x50,0x1E,0x20,0x70,0x50,0x00,0x8C,0x00,0x00,0x00,0x00}, // 540
    {0x1F,0xF0,0x10,0x10,0x10,0x10,0x1F,0xF0,0x01,0x00,0x01,0x00,0x3F,0xF8,0x21,0x08,0x21,0x08,0x3F,0xF8,0x01,0x00,0x01,0x08,0x7F,0xFC,0x00,0x04,0x00,0x00,0x00,0x00}, // 541
    {0x00,0x78,0x3F,0x80,0x02,0x10,0x11,0x10,0x08,0x20,0x01,0x00,0x01,0x00,0x7F,0xFC,0x03,0x80,0x05,0x40,0x09,0x20,0x11,0x10,0x61,0x0C,0x01,0x00,0x00,0x00,0x00,0x00}, // 542
    {0x01,0x00,0x11,0x00,0x11,0xF8,0x11,0x00,0x11,0x00,0x7F,0xFC,0x00,0x00,0x09,0x00,0x11,0x10,0x21,0x20,0x01,0x40,0x01,0x80,0x0E,0x00,0x70,0x00,0x00,0x00,0x00,0x00}, // 543
    {0x02,0x00,0x01,0x00,0x7F,0xFC,0x04,0x40,0x14,0x50,0x14,0x48,0x24,0x44,0x40,0x04,0x1F,0xF0,0x08,0x20,0x04,0x40,0x03,0x80,0x0C,0x60,0x70,0x1C,0x00,0x00,0x00,0x00}, // 544
    {0x02,0x00,0x01,0x00,0x3F,0xF8,0x08,0x20,0x04,0x40,0x7F,0xFC,0x00,0x00,0x02,0x00,0x7F,0xFC,0x04,0x20,0x0C,0x40,0x03,0x80,0x0C,0x70,0x70,0x08,0x00,0x00,0x00,0x00}, // 545
    {0x00,0x00,0x20,0x38,0x13,0xC0,0x08,0x00,0x00,0x80,0x40,0x40,0x23,0xF0,0x08,0x10,0x08,0x20,0x10,0x40,0x10,0x80,0x21,0x00,0x22,0x80,0x04,0x7C,0x00,0x00,0x00,0x00}, // 546
    {0x02,0x00,0x22,0x78,0x12,0x48,0x07,0x48,0x42,0x48,0x22,0x78,0x07,0x48,0x16,0xC8,0x1A,0x78,0x22,0x48,0x22,0x48,0x42,0x48,0x42,0x78,0x02,0x48,0x00,0x00,0x00,0x00}, // 547
    {0x08,0x40,0x08,0x20,0x0B,0xFC,0x11,0x08,0x10,0x90,0x33,0xFC,0x52,0x44,0x10,0x20,0x13,0xFC,0x10,0x80,0x10,0xF8,0x10,0x88,0x11,0x08,0x12,0x30,0x00,0x00,0x00,0x00}, // 548
    {0x08,0x00,0x09,0x3C,0x3D,0x24,0x0A,0x24,0x0A,0x24,0x7F,0xA8,0x08,0x28,0x10,0x24,0x3F,0x24,0x51,0x24,0x1F,0x24,0x11,0x38,0x1F,0x20,0x11,0x20,0x00,0x00,0x00,0x00}, // 549
    {0x00,0x90,0x1F,0xF8,0x10,0x80,0x10,0x88,0x1E,0x48,0x12,0x50,0x12,0x24,0x26,0x54,0x20,0x8C,0x5F,0xF4,0x12,0x90,0x12,0x90,0x12,0x90,0x7F,0xFC,0x00,0x00,0x00,0x00}, // 550
    {0x3F,0xF0,0x20,0x10,0x20,0x10,0x3F,0xF0,0x20,0x04,0x20,0x04,0x1F,0xFC,0x00,0x00,0x08,0x20,0x08,0x20,0x7F,0xFC,0x08,0x20,0x10,0x20,0x20,0x20,0x00,0x00,0x00,0x00}, // 551
    {0x02,0x00,0x01,0x00,0x7F,0xFC,0x00,0x00,0x1F,0xF0,0x10,0x10,0x10,0x10,0x1F,0xF0,0x02,0x80,0x04,0x88,0x0C,0x50,0x14,0x20,0x65,0x10,0x06,0x0C,0x00,0x00,0x00,0x00}, // 552
    {0x10,0x40,0x10,0x40,0x10,0xA0,0x55,0x10,0x56,0x88,0x54,0x44,0x54,0x00,0x57,0xF8,0x54,0x08,0x54,0x10,0x5D,0x20,0x64,0xC0,0x00,0x40,0x00,0x20,0x00,0x00,0x00,0x00}, // 553
    {0x1F,0xFC,0x10,0x84,0x10,0x84,0x13,0xE4,0x10,0x84,0x10,0x84,0x17,0xF4,0x10,0x04,0x13,0xE4,0x12,0x24,0x12,0x24,0x23,0xE4,0x20,0x04,0x40,0x1C,0x00,0x00,0x00,0x00}, // 554
    {0x00,0x00,0x3F,0x3C,0x09,0x24,0x09,0x24,0x3F,0xE4,0x09,0x28,0x09,0x28,0x3F,0x24,0x10,0x24,0x1F,0x24,0x31,0x24,0x51,0x38,0x1F,0x20,0x11,0x20,0x00,0x00,0x00,0x00}, // 555
    {0x08,0x20,0x7F,0xFC,0x08,0x20,0x00,0x00,0x0B,0xFC,0x10,0x08,0x30,0x08,0x53,0xE8,0x12,0x28,0x12,0x28,0x13,0xE8,0x12,0x08,0x10,0x08,0x10,0x38,0x00,0x00,0x00,0x00}, // 556
    {0x00,0x40,0x00,0x40,0x04,0x40,0x04,0x40,0x04,0x40,0x04,0x40,0x04,0x20,0x08,0x20,0x08,0x20,0x08,0x20,0x10,0x10,0x10,0x10,0x20,0x08,0x40,0x04,0x00,0x00,0x00,0x00}, // 557
    {0x08,0x20,0x08,0x20,0x7F,0xFC,0x08,0x20,0x00,0x00,0x7F,0xFC,0x42,0x04,0x02,0x00,0x3F,0xF0,0x04,0x10,0x04,0x10,0x08,0x10,0x10,0x10,0x20,0x60,0x00,0x00,0x00,0x00}, // 558
    {0x00,0x00,0x0D,0xF8,0x71,0x08,0x11,0x08,0x11,0x08,0x7D,0x08,0x11,0x08,0x19,0xF8,0x34,0x00,0x30,0x00,0x50,0x90,0x10,0x88,0x11,0x04,0x12,0x04,0x00,0x00,0x00,0x00}, // 559
    {0x7F,0xFC,0x04,0x00,0x1F,0xF0,0x10,0x10,0x1F,0xF0,0x10,0x10,0x1F,0xF0,0x10,0x10,0x1F,0xF0,0x04,0x00,0x1F,0xF0,0x68,0x20,0x07,0xC0,0x78,0x3C,0x00,0x00,0x00,0x00}, // 560
    {0x08,0x00,0x04,0x7C,0x3F,0x44,0x21,0x48,0x21,0x48,0x3F,0x50,0x21,0x48,0x21,0x44,0x3F,0x44,0x28,0x44,0x24,0x44,0x2A,0x58,0x31,0x40,0x20,0x40,0x00,0x00,0x00,0x00}, // 561
    {0x12,0x90,0x79,0x3C,0x12,0x90,0x3A,0xB8,0x55,0x54,0x12,0x90,0x7F,0xFC,0x08,0x20,0x10,0x50,0x6F,0x8C,0x01,0x00,0x3F,0xF0,0x01,0x00,0x07,0x00,0x00,0x00,0x00,0x00}, // 562
    {0x08,0x00,0x0B,0xF8,0x12,0x08,0x12,0x08,0x32,0x08,0x53,0xF8,0x12,0x08,0x12,0x08,0x12,0x08,0x12,0x08,0x13,0xF8,0x10,0x00,0x10,0x00,0x17,0xFC,0x00,0x00,0x00,0x00}, // 563
    {0x08,0x10,0x08,0x90,0x14,0x50,0x22,0x10,0x5C,0x90,0x08,0x50,0x08,0x10,0x7F,0x1C,0x08,0xF0,0x2A,0x10,0x29,0x10,0x49,0x10,0x08,0x10,0x38,0x10,0x00,0x00,0x00,0x00}, // 564
    {0x08,0x20,0x08,0x28,0x7F,0x24,0x08,0x20,0x7F,0x7C,0x41,0x20,0x55,0x20,0x49,0x20,0x5D,0x20,0x49,0x20,0x7F,0x50,0x49,0x50,0x49,0x48,0x43,0x84,0x00,0x00,0x00,0x00}, // 565
    {0x01,0x00,0x00,0x80,0x1F,0xFC,0x10,0x04,0x10,0x04,0x10,0x04,0x1F,0xFC,0x10,0x04,0x10,0x00,0x10,0x00,0x10,0x00,0x20,0x00,0x20,0x00,0x40,0x00,0x00,0x00,0x00,0x00}, // 566
    {0x10,0x40,0x1E,0x7C,0x28,0x90,0x45,0x08,0x00,0x38,0x3D,0xE0,0x08,0x20,0x10,0x38,0x3D,0x20,0x05,0x20,0x29,0x20,0x11,0xFC,0x28,0x00,0x47,0xFC,0x00,0x00,0x00,0x00}, // 567
    {0x10,0x00,0x11,0xF0,0x11,0x10,0x7D,0x10,0x55,0x10,0x55,0x90,0x55,0x50,0x55,0x50,0x55,0x10,0x55,0x10,0x5D,0x10,0x12,0x14,0x12,0x14,0x14,0x0C,0x00,0x00,0x00,0x00}, // 568
    {0x10,0x00,0x13,0xFC,0x56,0x44,0x38,0x40,0x13,0xFC,0x7C,0x80,0x29,0x20,0x29,0xF8,0x28,0x20,0x28,0x20,0x2B,0xFC,0x2C,0x20,0x28,0x20,0x40,0x20,0x00,0x00,0x00,0x00}, // 569
    {0x02,0x00,0x01,0x00,0x7F,0xFC,0x40,0x04,0x40,0x04,0x00,0x00,0x3F,0xF8,0x01,0x00,0x01,0x00,0x01,0x00,0x01,0x00,0x01,0x00,0x01,0x00,0x07,0x00,0x00,0x00,0x00,0x00}, // 570
    {0x00,0x80,0x20,0x40,0x17,0xFC,0x04,0x90,0x47,0xFC,0x24,0x90,0x04,0xF0,0x14,0x00,0x15,0xF0,0x24,0x90,0x24,0xA0,0x48,0x40,0x48,0xB0,0x13,0x0C,0x00,0x00,0x00,0x00}, // 571
    {0x10,0x40,0x10,0x40,0x13,0xFC,0x7D,0x10,0x12,0x48,0x14,0x44,0x13,0xF8,0x1A,0x48,0x73,0xF8,0x12,0x48,0x13,0xF8,0x12,0x44,0x10,0x44,0x70,0x3C,0x00,0x00,0x00,0x00}, // 572
    {0x10,0x80,0x08,0x80,0x00,0xFC,0x7D,0x00,0x22,0x20,0x20,0xA0,0x3C,0xFC,0x25,0x20,0x24,0x20,0x24,0xF8,0x24,0x20,0x24,0x20,0x24,0x20,0x4D,0xFC,0x00,0x00,0x00,0x00}, // 573
    {0x10,0x00,0x08,0x7C,0x7E,0x44,0x00,0x48,0x14,0x48,0x22,0x50,0x45,0x48,0x24,0x44,0x14,0x44,0x08,0x44,0x14,0x44,0x22,0x58,0x42,0x40,0x00,0x40,0x00,0x00,0x00,0x00}, // 574
    {0x10,0x38,0x11,0xC0,0x10,0x40,0x7C,0x40,0x13,0xFC,0x10,0x90,0x39,0x08,0x36,0x04,0x50,0x90,0x10,0x90,0x10,0x90,0x10,0x90,0x11,0x10,0x12,0x10,0x00,0x00,0x00,0x00}, // 575
    {0x01,0x00,0x01,0x00,0x01,0x00,0x7F,0xFC,0x03,0x80,0x05,0x40,0x05,0x40,0x09,0x20,0x11,0x10,0x21,0x08,0x4F,0xE4,0x01,0x00,0x01,0x00,0x01,0x00,0x00,0x00,0x00,0x00}, // 576
    {0x12,0x10,0x09,0x20,0x00,0x40,0x7F,0xFC,0x04,0x40,0x09,0x20,0x11,0x10,0x6F,0xEC,0x01,0x00,0x01,0x00,0x3F,0xF8,0x01,0x00,0x01,0x00,0x01,0x00,0x00,0x00,0x00,0x00}, // 577
    {0x02,0x00,0x01,0x00,0x00,0x80,0x00,0x80,0x7F,0xFC,0x00,0x00,0x00,0x00,0x04,0x40,0x04,0x20,0x08,0x10,0x08,0x08,0x10,0x08,0x20,0x04,0x40,0x04,0x00,0x00,0x00,0x00}, // 578
    {0x02,0x00,0x01,0x00,0x7F,0xFC,0x10,0x00,0x10,0x00,0x10,0x00,0x1F,0xF8,0x00,0x00,0x02,0x00,0x01,0x00,0x29,0x08,0x28,0x04,0x48,0x24,0x07,0xE0,0x00,0x00,0x00,0x00}, // 579
    {0x08,0x00,0x08,0xF8,0x3E,0x88,0x08,0xF8,0x1C,0x88,0x2A,0xF8,0x48,0x88,0x08,0x88,0x08,0xF8,0x01,0x00,0x08,0x88,0x28,0x84,0x28,0x24,0x47,0xE0,0x00,0x00,0x00,0x00}, // 580
    {0x08,0x20,0x7F,0xFC,0x04,0x40,0x3F,0xF8,0x24,0x48,0x28,0x38,0x30,0x08,0x2F,0xE8,0x20,0x08,0x3F,0xF8,0x00,0x20,0x7F,0xFC,0x08,0x20,0x04,0x60,0x00,0x00,0x00,0x00}, // 581
    {0x00,0x20,0x40,0x40,0x2E,0xF8,0x04,0x88,0x44,0xA8,0x24,0x88,0x04,0xB8,0x14,0x80,0x14,0xFC,0x26,0x04,0x2C,0xF4,0x40,0x04,0x40,0x04,0x00,0x18,0x00,0x00,0x00,0x00}, // 582
    {0x01,0x00,0x3F,0xF8,0x01,0x00,0x1F,0xF0,0x00,0x00,0x1F,0xF0,0x10,0x10,0x1F,0xF0,0x08,0x20,0x7F,0xFC,0x00,0x00,0x1F,0xF0,0x10,0x10,0x1F,0xF0,0x00,0x00,0x00,0x00}, // 583
    {0x01,0x00,0x11,0x10,0x09,0x20,0x3F,0xF8,0x02,0x00,0x7F,0xFC,0x08,0x20,0x10,0x10,0x6F,0xEC,0x08,0x20,0x08,0x20,0x08,0xC8,0x08,0x08,0x07,0xF8,0x00,0x00,0x00,0x00}, // 584
    {0x00,0x08,0x3F,0x88,0x00,0x88,0x00,0x88,0x3F,0x88,0x20,0x08,0x20,0x08,0x20,0x08,0x3F,0x88,0x00,0x88,0x00,0x88,0x00,0x88,0x00,0x88,0x03,0x08,0x00,0x00,0x00,0x00}, // 585
    {0x10,0x50,0x10,0x48,0x10,0x80,0x7E,0xFC,0x11,0x90,0x10,0x90,0x24,0xFC,0x24,0x90,0x28,0x90,0x48,0xFC,0x12,0x90,0x3E,0x90,0x02,0xFC,0x00,0x80,0x00,0x00,0x00,0x00}, // 586
    {0x08,0x28,0x08,0x24,0x08,0x20,0x3D,0xFC,0x09,0x20,0x09,0x28,0x7D,0x28,0x09,0x10,0x09,0x94,0x2D,0x34,0x28,0x4C,0x28,0x84,0x58,0x00,0x47,0xFC,0x00,0x00,0x00,0x00}, // 587
    {0x09,0x10,0x09,0x08,0x0A,0x44,0x14,0x44,0x10,0xA0,0x31,0x10,0x52,0x08,0x14,0x04,0x13,0xF8,0x12,0x08,0x12,0x08,0x12,0x08,0x13,0xF8,0x12,0x08,0x00,0x00,0x00,0x00}, // 588
    {0x1F,0xFC,0x10,0x40,0x10,0x80,0x13,0xF8,0x12,0x08,0x13,0xF8,0x12,0x08,0x13,0xF8,0x10,0x40,0x12,0x48,0x12,0x44,0x24,0x44,0x20,0x40,0x41,0xC0,0x00,0x00,0x00,0x00}, // 589
    {0x00,0x20,0x00,0x40,0x3E,0xF8,0x02,0x88,0x02,0xA8,0x24,0x88,0x14,0xB8,0x08,0x80,0x0C,0xFC,0x14,0x04,0x12,0xF4,0x22,0x04,0x40,0x04,0x00,0x18,0x00,0x00,0x00,0x00}, // 590
    {0x01,0x00,0x3F,0xF8,0x01,0x00,0x1F,0xF0,0x02,0x00,0x7F,0xFC,0x08,0x20,0x11,0x10,0x6F,0xEC,0x01,0x00,0x01,0x00,0x3F,0xF8,0x01,0x00,0x01,0x00,0x00,0x00,0x00,0x00}, // 591
    {0x01,0x00,0x3F,0xF8,0x01,0x00,0x1F,0xF0,0x02,0x00,0x7F,0xFC,0x08,0x20,0x10,0x10,0x67,0xCC,0x01,0x00,0x1F,0xF0,0x02,0x40,0x04,0x20,0x18,0x10,0x00,0x00,0x00,0x00}, // 592
    {0x10,0x40,0x10,0x40,0x11,0xF8,0x7C,0x40,0x10,0x40,0x13,0xFC,0x14,0x10,0x18,0x10,0x73,0xFC,0x10,0x10,0x11,0x10,0x10,0x90,0x10,0x10,0x70,0x70,0x00,0x00,0x00,0x00}, // 593
    {0x3F,0xFC,0x20,0x04,0x22,0x04,0x23,0xE4,0x24,0x24,0x2A,0x44,0x21,0x84,0x26,0x64,0x39,0x9C,0x20,0x44,0x26,0x04,0x21,0x84,0x20,0x44,0x3F,0xFC,0x00,0x00,0x00,0x00}, // 594
    {0x00,0x00,0x3F,0xF8,0x01,0x00,0x01,0x00,0x01,0x00,0x01,0x00,0x7F,0xFC,0x01,0x00,0x01,0x00,0x01,0x00,0x01,0x00,0x01,0x00,0x01,0x00,0x01,0x00,0x00,0x00,0x00,0x00}, // 595
    {0x10,0x80,0x08,0x80,0x00,0xFC,0x7D,0x00,0x22,0x88,0x21,0xFC,0x3C,0x88,0x24,0xF8,0x24,0x88,0x24,0xF8,0x24,0x88,0x25,0xFC,0x24,0x88,0x4D,0x04,0x00,0x00,0x00,0x00}, // 596
    {0x20,0x40,0x10,0x40,0x10,0xA0,0x00,0xA0,0x01,0x10,0x72,0x08,0x15,0x04,0x11,0x10,0x11,0x20,0x11,0xC0,0x15,0x00,0x19,0x08,0x11,0x08,0x00,0xF8,0x00,0x00,0x00,0x00}, // 597
    {0x08,0x20,0x08,0x20,0x08,0x20,0x3F,0xF8,0x08,0x20,0x08,0x20,0x08,0x20,0x08,0x20,0x7F,0xFC,0x08,0x20,0x10,0x20,0x10,0x20,0x20,0x20,0x40,0x20,0x00,0x00,0x00,0x00}, // 598
    {0x24,0x18,0x24,0xE0,0x7E,0x80,0x24,0x80,0x24,0x80,0x3C,0xFC,0x24,0x90,0x3C,0x90,0x24,0x90,0x24,0x90,0x7E,0x90,0x00,0x90,0x25,0x10,0x42,0x10,0x00,0x00,0x00,0x00}, // 599
    {0x08,0x00,0x09,0xF8,0x10,0x10,0x20,0x20,0x48,0x50,0x08,0x88,0x11,0x04,0x32,0x00,0x51,0xF8,0x10,0x20,0x10,0x20,0x10,0x20,0x10,0x20,0x13,0xFC,0x00,0x00,0x00,0x00}, // 600
    {0x02,0x00,0x01,0x00,0x7F,0xFC,0x40,0x04,0x40,0x24,0x00,0x20,0x7F,0xFC,0x00,0x20,0x10,0x20,0x08,0x20,0x04,0x20,0x04,0x20,0x00,0x20,0x00,0xE0,0x00,0x00,0x00,0x00}, // 601
    {0x10,0x18,0x11,0xE0,0x11,0x00,0x7D,0x00,0x11,0x00,0x11,0xFC,0x15,0x10,0x19,0x10,0x71,0x10,0x11,0x10,0x11,0x10,0x12,0x10,0x12,0x10,0x74,0x10,0x00,0x00,0x00,0x00}, // 602
    {0x13,0xF8,0x10,0x10,0x10,0x60,0x7C,0x80,0x11,0x00,0x13,0xFC,0x10,0x94,0x19,0x14,0x71,0x24,0x12,0x24,0x14,0x44,0x10,0x84,0x11,0x04,0x72,0x18,0x00,0x00,0x00,0x00}, // 603
    {0x08,0x40,0x0B,0xF8,0x08,0xA0,0x11,0x10,0x12,0x08,0x37,0xFC,0x50,0x08,0x13,0xE8,0x12,0x28,0x12,0x28,0x13,0xE8,0x12,0x08,0x10,0x08,0x10,0x38,0x00,0x00,0x00,0x00}, // 604
    {0x08,0x00,0x09,0xFC,0x14,0x20,0x14,0x40,0x34,0xF8,0x57,0x88,0x14,0xA8,0x14,0xA8,0x15,0xA8,0x16,0xA8,0x14,0xA8,0x10,0x50,0x10,0x88,0x11,0x04,0x00,0x00,0x00,0x00}, // 605
    {0x12,0x10,0x09,0x20,0x00,0x40,0x7F,0xFC,0x40,0x04,0x40,0x04,0x1F,0xE0,0x00,0x40,0x01,0x80,0x7F,0xFC,0x01,0x00,0x01,0x00,0x01,0x00,0x07,0x00,0x00,0x00,0x00,0x00}, // 606
    {0x04,0x00,0x07,0xE0,0x08,0x40,0x10,0x80,0x3F,0xF0,0x00,0x10,0x1F,0xF0,0x00,0x10,0x3F,0xF0,0x01,0x00,0x08,0x88,0x28,0x84,0x28,0x24,0x47,0xE0,0x00,0x00,0x00,0x00}, // 607
    {0x00,0x20,0x04,0x20,0x02,0x20,0x01,0x20,0x10,0x20,0x08,0x20,0x04,0x20,0x00,0x20,0x01,0xFC,0x7E,0x20,0x00,0x20,0x00,0x20,0x00,0x20,0x00,0x20,0x00,0x00,0x00,0x00}, // 608
    {0x00,0x00,0x7E,0xFC,0x42,0x84,0x42,0x84,0x7E,0x84,0x42,0x84,0x42,0x84,0x7E,0x84,0x50,0x84,0x48,0x84,0x54,0x9C,0x62,0x80,0x40,0x80,0x00,0x80,0x00,0x00,0x00,0x00}, // 609
    {0x02,0x00,0x01,0x00,0x7F,0xFC,0x40,0x04,0x1F,0xF0,0x04,0x40,0x08,0x20,0x1F,0xF0,0x01,0x10,0x01,0x00,0x1F,0xF0,0x01,0x00,0x01,0x00,0x7F,0xFC,0x00,0x00,0x00,0x00}, // 610
    {0x01,0x00,0x02,0x80,0x04,0x40,0x1A,0x30,0x61,0x0C,0x1F,0xF0,0x10,0x10,0x1F,0xF0,0x10,0x10,0x1F,0xF0,0x10,0x08,0x11,0xD0,0x14,0x30,0x18,0x08,0x00,0x00,0x00,0x00}, // 611
    {0x10,0x40,0x3F,0x7C,0x44,0x90,0x01,0x00,0x7F,0xFC,0x40,0x04,0x1F,0xE0,0x10,0x20,0x1F,0xE0,0x10,0x00,0x1F,0xF0,0x10,0x10,0x1F,0xF0,0x10,0x10,0x00,0x00,0x00,0x00}, // 612
    {0x1F,0xF0,0x10,0x10,0x1F,0xF0,0x10,0x10,0x1F,0xF0,0x08,0x00,0x08,0x00,0x1F,0xF8,0x22,0x48,0x44,0x48,0x08,0x88,0x31,0x08,0x02,0x08,0x0C,0x30,0x00,0x00,0x00,0x00}, // 613
    {0x08,0x20,0x7F,0xFC,0x08,0x20,0x00,0x00,0x7F,0xFC,0x42,0x04,0x1F,0xE0,0x14,0x20,0x12,0xE0,0x10,0x00,0x1F,0xF8,0x00,0x08,0x7F,0xC8,0x00,0x18,0x00,0x00,0x00,0x00}, // 614
    {0x10,0x00,0x11,0xFC,0x25,0x24,0x25,0x24,0x79,0x24,0x09,0x24,0x11,0xFC,0x21,0x24,0x7D,0x24,0x01,0x24,0x01,0x24,0x0D,0x24,0x71,0xFC,0x01,0x04,0x00,0x00,0x00,0x00}, // 615
    {0x02,0x00,0x01,0x00,0x7F,0xFC,0x40,0x04,0x00,0x00,0x1F,0xF0,0x01,0x00,0x01,0x00,0x11,0x00,0x11,0xF0,0x11,0x00,0x11,0x00,0x29,0x00,0x47,0xFC,0x00,0x00,0x00,0x00}, // 616
    {0x04,0x40,0x04,0x40,0x7F,0xFC,0x04,0x40,0x10,0x00,0x1E,0xF8,0x12,0x88,0x22,0x88,0x32,0x88,0x4C,0xB0,0x04,0x80,0x08,0x84,0x10,0x84,0x60,0x7C,0x00,0x00,0x00,0x00}, // 617
    {0x00,0x00,0x00,0x70,0x1F,0x80,0x10,0x00,0x10,0x00,0x10,0x00,0x1F,0xF8,0x10,0x40,0x10,0x40,0x10,0x40,0x10,0x40,0x10,0x40,0x10,0x40,0x7F,0xFC,0x00,0x00,0x00,0x00}, // 618
    {0x04,0x40,0x04,0x40,0x7F,0xFC,0x04,0x40,0x02,0x00,0x7F,0xFC,0x04,0x00,0x09,0xF8,0x18,0x10,0x68,0x20,0x0B,0xFC,0x08,0x20,0x08,0x20,0x08,0xE0,0x00,0x00,0x00,0x00}, // 619
    {0x00,0x50,0x00,0x48,0x00,0x40,0x7F,0xFC,0x00,0x40,0x08,0x40,0x08,0x48,0x7E,0x48,0x08,0x50,0x08,0x50,0x10,0x24,0x10,0x54,0x20,0x8C,0x43,0x04,0x00,0x00,0x00,0x00}, // 620
    {0x08,0x00,0x09,0xF0,0x08,0x10,0x10,0x10,0x17,0xFC,0x31,0x00,0x51,0xF8,0x12,0x40,0x10,0x40,0x13,0xFC,0x10,0x40,0x10,0xA0,0x11,0x10,0x16,0x0C,0x00,0x00,0x00,0x00}, // 621
    {0x00,0x40,0x23,0xF8,0x12,0x48,0x13,0xF8,0x00,0x40,0x07,0xFC,0x70,0x00,0x13,0xF8,0x12,0x08,0x12,0x48,0x12,0xA8,0x11,0x10,0x2A,0x08,0x47,0xFC,0x00,0x00,0x00,0x00}, // 622
    {0x00,0x00,0x21,0xF0,0x11,0x10,0x09,0x10,0x01,0x10,0x42,0x0C,0x24,0x00,0x0B,0xF8,0x09,0x08,0x11,0x10,0x10,0xA0,0x20,0x40,0x21,0xB0,0x06,0x0C,0x00,0x00,0x00,0x00}, // 623
    {0x00,0x00,0x1F,0xF0,0x00,0x00,0x00,0x00,0x00,0x00,0x7F,0xFC,0x04,0x40,0x04,0x40,0x04,0x40,0x08,0x40,0x08,0x40,0x10,0x44,0x20,0x44,0x40,0x3C,0x00,0x00,0x00,0x00}, // 624
    {0x08,0x20,0x04,0x40,0x3F,0xF8,0x21,0x08,0x29,0x28,0x25,0x48,0x3F,0xF8,0x00,0x00,0x1F,0xF0,0x10,0x10,0x1F,0xF0,0x10,0x10,0x1F,0xF0,0x10,0x10,0x00,0x00,0x00,0x00}, // 625
    {0x08,0x20,0x7F,0xFC,0x08,0x20,0x04,0x00,0x08,0x20,0x10,0x10,0x3F,0xF8,0x00,0x08,0x00,0x00,0x1F,0xF0,0x10,0x10,0x10,0x10,0x1F,0xF0,0x10,0x10,0x00,0x00,0x00,0x00}, // 626
    {0x3F,0xF8,0x01,0x00,0x01,0x00,0x1F,0xF0,0x01,0x00,0x01,0x00,0x7F,0xFC,0x00,0x00,0x08,0x20,0x08,0x20,0x7F,0xFC,0x08,0x20,0x10,0x20,0x20,0x20,0x00,0x00,0x00,0x00}, // 627
    {0x00,0x80,0x3F,0xFC,0x22,0x20,0x22,0x20,0x2F,0xF8,0x22,0x20,0x22,0x20,0x23,0xE0,0x20,0x80,0x2F,0xF8,0x28,0x88,0x28,0x88,0x28,0xB8,0x40,0x80,0x00,0x00,0x00,0x00}, // 628
    {0x00,0x00,0x03,0xFC,0x78,0x84,0x48,0x84,0x48,0x84,0x49,0x04,0x7A,0x18,0x48,0x00,0x49,0xFC,0x49,0x04,0x79,0x04,0x49,0x04,0x01,0xFC,0x01,0x04,0x00,0x00,0x00,0x00}, // 629
    {0x08,0x00,0x10,0xF0,0x3C,0x90,0x24,0x90,0x34,0x90,0x2C,0x90,0x25,0x0C,0x7E,0x00,0x25,0xF8,0x35,0x08,0x2D,0x08,0x25,0x08,0x25,0xF8,0x4D,0x08,0x00,0x00,0x00,0x00}, // 630
    {0x00,0x40,0x20,0x40,0x13,0xF8,0x10,0x40,0x00,0x40,0x07,0xFC,0x01,0x10,0x12,0x88,0x14,0xF4,0x21,0x10,0x22,0xA0,0x40,0x40,0x41,0xB0,0x06,0x0C,0x00,0x00,0x00,0x00}, // 631
    {0x00,0x00,0x00,0x00,0x3F,0xF8,0x20,0x08,0x20,0x08,0x20,0x08,0x20,0x08,0x20,0x08,0x20,0x08,0x20,0x08,0x20,0x08,0x3F,0xF8,0x20,0x08,0x00,0x00,0x00,0x00,0x00,0x00}, // 632
    {0x00,0x40,0x79,0x40,0x21,0x40,0x21,0xF8,0x3A,0x40,0x28,0x40,0x28,0x40,0x5B,0xFC,0x08,0xE0,0x09,0x50,0x11,0x50,0x12,0x48,0x24,0x44,0x40,0x40,0x00,0x00,0x00,0x00}, // 633
    {0x12,0x04,0x12,0x04,0x7F,0x84,0x12,0x24,0x00,0x24,0x3F,0x24,0x12,0x24,0x12,0x24,0x7F,0xA4,0x12,0x24,0x12,0x04,0x12,0x04,0x22,0x04,0x42,0x1C,0x00,0x00,0x00,0x00}, // 634
    {0x09,0x00,0x11,0x1C,0x21,0xC0,0x4A,0x00,0x0C,0x00,0x13,0xBC,0x31,0x08,0x51,0x08,0x17,0xC8,0x11,0x08,0x11,0x48,0x11,0x88,0x11,0x08,0x10,0x38,0x00,0x00,0x00,0x00}, // 635
    {0x04,0x40,0x04,0x40,0x7F,0xFC,0x04,0x40,0x10,0x80,0x08,0x40,0x00,0x00,0x47,0xFC,0x21,0x00,0x09,0x00,0x11,0x00,0x11,0x00,0x21,0x00,0x21,0xF8,0x00,0x00,0x00,0x00}, // 636
    {0x08,0x40,0x0A,0x48,0x0A,0x48,0x13,0xF8,0x11,0x40,0x32,0x20,0x57,0xFC,0x1A,0x40,0x13,0xF8,0x12,0x40,0x13,0xF8,0x12,0x40,0x13,0xFC,0x12,0x00,0x00,0x00,0x00,0x00}, // 637
    {0x01,0x00,0x7F,0xFC,0x08,0x20,0x04,0x40,0x03,0x80,0x0C,0x60,0x70,0x1C,0x08,0x20,0x08,0x20,0x08,0x20,0x08,0x20,0x08,0x20,0x10,0x20,0x20,0x20,0x00,0x00,0x00,0x00}, // 638
    {0x00,0x40,0x20,0x48,0x13,0xE8,0x00,0x50,0x40,0x60,0x27,0xFC,0x00,0x80,0x11,0x00,0x13,0xF8,0x25,0x08,0x21,0xF8,0x41,0x08,0x41,0xF8,0x01,0x08,0x00,0x00,0x00,0x00}, // 639
    {0x01,0x00,0x01,0x00,0x02,0x80,0x04,0x40,0x08,0x20,0x10,0x10,0x68,0x2C,0x08,0x20,0x08,0x20,0x08,0x20,0x14,0x50,0x12,0x50,0x22,0x88,0x41,0x04,0x00,0x00,0x00,0x00}, // 640
    {0x11,0x40,0x11,0xF8,0x13,0x20,0x7B,0xF8,0x15,0x20,0x11,0xF8,0x11,0x20,0x19,0xFC,0x71,0x00,0x13,0xF8,0x10,0x90,0x10,0xBC,0x11,0x04,0x72,0x18,0x00,0x00,0x00,0x00}, // 641
    {0x02,0x00,0x01,0x00,0x7F,0xFC,0x00,0x00,0x1F,0xF0,0x10,0x10,0x7F,0xFC,0x10,0x10,0x1F,0xF4,0x02,0x88,0x04,0x50,0x1C,0x20,0x65,0x10,0x06,0x0C,0x00,0x00,0x00,0x00}, // 642
    {0x20,0x28,0x10,0x24,0x10,0x20,0x03,0xFC,0x72,0x20,0x12,0x24,0x13,0xA4,0x12,0xA8,0x12,0xA8,0x16,0x90,0x1A,0x94,0x15,0xB4,0x04,0x4C,0x08,0x84,0x00,0x00,0x00,0x00}, // 643
    {0x10,0x00,0x7E,0xF8,0x12,0x88,0x22,0x88,0x4C,0xF8,0x00,0x00,0x1F,0xE0,0x00,0x20,0x08,0x20,0x0F,0xF8,0x00,0x08,0x7F,0xC8,0x00,0x08,0x00,0x30,0x00,0x00,0x00,0x00}, // 644
    {0x10,0x20,0x09,0x24,0x09,0x24,0x7D,0x24,0x01,0xFC,0x04,0x00,0x45,0xFC,0x24,0x40,0x29,0xFC,0x29,0x54,0x01,0x54,0x0D,0x54,0x71,0x54,0x01,0x0C,0x00,0x00,0x00,0x00}, // 645
    {0x00,0x00,0x7F,0xFC,0x01,0x00,0x01,0x00,0x11,0x08,0x11,0x08,0x11,0x10,0x21,0x20,0x02,0x80,0x02,0x80,0x04,0x40,0x08,0x20,0x10,0x10,0x60,0x0C,0x00,0x00,0x00,0x00}, // 646
    {0x10,0x08,0x7E,0xF0,0x28,0x80,0x7E,0xFC,0x08,0x90,0x0E,0x90,0x79,0x10,0x0A,0x10,0x00,0x00,0x1F,0xF0,0x10,0x10,0x1F,0xF0,0x10,0x10,0x1F,0xF0,0x00,0x00,0x00,0x00}, // 647
    {0x00,0x40,0x22,0x48,0x11,0x48,0x11,0x50,0x00,0x40,0x07,0xFC,0x70,0x40,0x10,0xE0,0x11,0x50,0x12,0x48,0x14,0x48,0x10,0x40,0x28,0x40,0x47,0xFC,0x00,0x00,0x00,0x00}, // 648
    {0x08,0x00,0x08,0x7C,0x14,0x44,0x12,0x48,0x29,0x48,0x44,0x50,0x00,0x48,0x3E,0x44,0x02,0x44,0x04,0x44,0x14,0x44,0x08,0x58,0x04,0x40,0x04,0x40,0x00,0x00,0x00,0x00}, // 649
    {0x01,0x00,0x00,0x80,0x1F,0xFC,0x10,0x00,0x57,0xFC,0x30,0x40,0x10,0x40,0x17,0xFC,0x34,0x44,0x54,0xA4,0x15,0x14,0x24,0x04,0x24,0x04,0x44,0x1C,0x00,0x00,0x00,0x00}, // 650
    {0x02,0x00,0x01,0x00,0x7F,0xFC,0x40,0x04,0x00,0x00,0x1F,0xF0,0x01,0x00,0x01,0x00,0x01,0x00,0x7F,0xFC,0x01,0x00,0x01,0x00,0x01,0x00,0x07,0x00,0x00,0x00,0x00,0x00}, // 651
    {0x3F,0xF8,0x20,0x08,0x20,0x08,0x20,0x08,0x3F,0xF8,0x20,0x08,0x20,0x08,0x20,0x08,0x3F,0xF8,0x20,0x08,0x20,0x08,0x20,0x08,0x3F,0xF8,0x20,0x08,0x00,0x00,0x00,0x00}, // 652
    {0x02,0x10,0x21,0x20,0x17,0xFC,0x10,0x80,0x01,0x40,0x06,0x64,0x70,0xA8,0x11,0x70,0x16,0xA8,0x11,0x24,0x16,0x24,0x10,0xC0,0x28,0x00,0x47,0xFC,0x00,0x00,0x00,0x00}, // 653
    {0x00,0x88,0x7C,0x50,0x45,0xFC,0x55,0x24,0x55,0xAC,0x55,0x24,0x55,0xFC,0x54,0x00,0x54,0xF8,0x54,0x88,0x10,0xF8,0x28,0x88,0x24,0xF8,0x40,0x88,0x00,0x00,0x00,0x00}, // 654
    {0x02,0x00,0x01,0x00,0x7F,0xFC,0x40,0x04,0x1F,0xF0,0x10,0x10,0x10,0x10,0x1F,0xF0,0x10,0x10,0x10,0x10,0x1F,0xF0,0x10,0x10,0x10,0x10,0x7F,0xFC,0x00,0x00,0x00,0x00}, // 655
    {0x01,0x00,0x01,0x00,0x7F,0xFC,0x05,0x40,0x09,0x20,0x11,0x10,0x60,0x0C,0x0F,0xC0,0x00,0x80,0x01,0x00,0x7F,0xFC,0x01,0x00,0x01,0x00,0x07,0x00,0x00,0x00,0x00,0x00}, // 656
    {0x20,0x00,0x13,0xFC,0x12,0x44,0x02,0x44,0x72,0xF4,0x12,0x44,0x13,0xFC,0x12,0x04,0x12,0xF4,0x16,0x94,0x1A,0x94,0x12,0xF4,0x02,0x04,0x04,0x1C,0x00,0x00,0x00,0x00}, // 657
    {0x00,0x10,0x7C,0xD8,0x44,0x14,0x54,0x10,0x55,0xFC,0x54,0x50,0x55,0x50,0x55,0x70,0x55,0x50,0x55,0x50,0x11,0x54,0x29,0x74,0x27,0x8C,0x40,0x04,0x00,0x00,0x00,0x00}, // 658
    {0x00,0x40,0x20,0x40,0x13,0xF8,0x00,0x48,0x07,0xFC,0x40,0x48,0x23,0xF8,0x08,0x40,0x0B,0xF8,0x10,0x40,0x17,0xFC,0x20,0x40,0x20,0x40,0x00,0x40,0x00,0x00,0x00,0x00}, // 659
    {0x08,0x00,0x1F,0xE0,0x20,0x40,0x7F,0xF8,0x21,0x08,0x3F,0xF8,0x02,0x00,0x0D,0x10,0x72,0xA0,0x0D,0xC0,0x32,0xA0,0x0C,0x90,0x70,0x8C,0x03,0x00,0x00,0x00,0x00,0x00}, // 660
    {0x08,0x20,0x04,0x40,0x3F,0xF8,0x01,0x00,0x1F,0xF0,0x01,0x00,0x7F,0xFC,0x00,0x00,0x1F,0xF0,0x12,0x90,0x12,0x90,0x12,0x90,0x12,0x90,0x7F,0xFC,0x00,0x00,0x00,0x00}, // 661
    {0x00,0x00,0x03,0xF8,0x7A,0x48,0x12,0x48,0x13,0xF8,0x12,0x48,0x7A,0x48,0x13,0xF8,0x10,0x40,0x10,0x40,0x1B,0xF8,0x60,0x40,0x00,0x40,0x07,0xFC,0x00,0x00,0x00,0x00}, // 662
    {0x01,0x00,0x01,0x20,0x01,0x10,0x7F,0xFC,0x01,0x00,0x21,0x08,0x11,0x10,0x13,0xA0,0x05,0x40,0x09,0x20,0x11,0x10,0x61,0x0C,0x01,0x00,0x07,0x00,0x00,0x00,0x00,0x00}, // 663
    {0x01,0x00,0x01,0x00,0x01,0x00,0x3F,0xF8,0x21,0x08,0x21,0x08,0x21,0x08,0x21,0x08,0x3F,0xF8,0x21,0x08,0x21,0x08,0x21,0x08,0x21,0x08,0x3F,0xF8,0x00,0x00,0x00,0x00}, // 664
    {0x00,0x40,0x20,0x40,0x10,0x40,0x08,0x7C,0x00,0x40,0x40,0x40,0x20,0x40,0x0B,0xF8,0x0A,0x08,0x12,0x08,0x12,0x08,0x22,0x08,0x23,0xF8,0x02,0x08,0x00,0x00,0x00,0x00}, // 665
    {0x10,0x40,0x11,0xF8,0x24,0x40,0x24,0xA0,0x79,0x10,0x0B,0xFC,0x10,0x08,0x21,0xE8,0x7D,0x28,0x01,0x28,0x01,0xE8,0x0D,0x08,0x70,0x08,0x00,0x38,0x00,0x00,0x00,0x00}, // 666
    {0x00,0x00,0x3F,0xF0,0x04,0x10,0x04,0x20,0x04,0x20,0x04,0x40,0x04,0xFC,0x08,0x04,0x08,0x04,0x08,0x04,0x10,0x04,0x10,0x04,0x20,0x08,0x40,0x70,0x00,0x00,0x00,0x00}, // 667
    {0x00,0x00,0x7F,0xFC,0x40,0x04,0x00,0x10,0x3E,0x10,0x00,0xFC,0x00,0x10,0x7E,0x90,0x14,0x50,0x14,0x10,0x14,0x10,0x14,0x74,0x24,0x04,0x43,0xFC,0x00,0x00,0x00,0x00}, // 668
    {0x04,0x40,0x04,0x40,0x7F,0xFC,0x04,0x40,0x01,0x00,0x1F,0xF0,0x11,0x10,0x11,0x10,0x11,0x10,0x7F,0xFC,0x02,0x80,0x04,0x40,0x18,0x30,0x60,0x0C,0x00,0x00,0x00,0x00}, // 669
    {0x11,0x00,0x11,0x08,0x11,0x10,0x19,0x20,0x55,0x40,0x51,0x00,0x57,0xFC,0x11,0x20,0x11,0x20,0x11,0x10,0x11,0x10,0x11,0x48,0x11,0x84,0x11,0x00,0x00,0x00,0x00,0x00}, // 670
    {0x02,0x00,0x01,0x00,0x00,0x00,0x3F,0xF8,0x00,0x00,0x00,0x00,0x00,0x10,0x10,0x10,0x08,0x20,0x08,0x20,0x04,0x40,0x04,0x40,0x00,0x80,0x7F,0xFC,0x00,0x00,0x00,0x00}, // 671
    {0x00,0x00,0x23,0xF8,0x11,0x10,0x08,0xA0,0x00,0x40,0x40,0xB0,0x23,0x0C,0x08,0x40,0x09,0xF0,0x10,0x40,0x10,0x40,0x27,0xFC,0x20,0x40,0x00,0x40,0x00,0x00,0x00,0x00}, // 672
    {0x20,0x00,0x17,0xFC,0x00,0x04,0x20,0x44,0x20,0x44,0x2F,0xF4,0x20,0xC4,0x21,0x44,0x22,0x44,0x24,0x44,0x28,0x44,0x21,0xC4,0x20,0x04,0x20,0x1C,0x00,0x00,0x00,0x00}, // 673
    {0x01,0x00,0x00,0x80,0x1F,0xFC,0x10,0x00,0x10,0x00,0x10,0x00,0x10,0x00,0x10,0x00,0x10,0x00,0x10,0x00,0x10,0x00,0x20,0x00,0x20,0x00,0x40,0x00,0x00,0x00,0x00,0x00}, // 674
    {0x3F,0xF0,0x08,0x10,0x0B,0xA0,0x0A,0xF8,0x11,0x08,0x22,0x88,0x44,0xB0,0x00,0x00,0x1F,0xF0,0x12,0x90,0x12,0x90,0x12,0x90,0x12,0x90,0x7F,0xFC,0x00,0x00,0x00,0x00}, // 675
    {0x10,0x40,0x11,0xF8,0x54,0x40,0x39,0xF8,0x10,0x40,0x7B,0xFC,0x10,0x00,0x39,0xF8,0x35,0x08,0x51,0xF8,0x51,0x08,0x11,0xF8,0x11,0x08,0x11,0x38,0x00,0x00,0x00,0x00}, // 676
    {0x00,0x80,0x00,0x40,0x7B,0xFC,0x4A,0x04,0x48,0x00,0x49,0xF8,0x48,0x00,0x49,0xF8,0x49,0x08,0x49,0xF8,0x79,0x08,0x49,0xF8,0x00,0x00,0x03,0xFC,0x00,0x00,0x00,0x00}, // 677
    {0x08,0x00,0x08,0x38,0x0B,0xE0,0x12,0x20,0x12,0x20,0x32,0x20,0x53,0xFC,0x12,0x20,0x12,0x20,0x12,0x20,0x12,0x90,0x13,0x14,0x12,0x4C,0x10,0x24,0x00,0x00,0x00,0x00}, // 678
    {0x02,0x00,0x21,0x7C,0x10,0x04,0x0A,0x04,0x02,0xF4,0x42,0x94,0x22,0x94,0x0A,0xF4,0x0A,0x94,0x12,0x94,0x12,0xF4,0x22,0x04,0x22,0x04,0x02,0x1C,0x00,0x00,0x00,0x00}, // 679
    {0x00,0x38,0x03,0xC0,0x7A,0x88,0x11,0x50,0x12,0x00,0x13,0xF8,0x7C,0x40,0x10,0x40,0x17,0xFC,0x10,0x40,0x1A,0x48,0x62,0x48,0x03,0xF8,0x00,0x08,0x00,0x00,0x00,0x00}, // 680
    {0x10,0x20,0x10,0x20,0x11,0xFC,0x54,0x20,0x55,0x24,0x54,0xA8,0x54,0x20,0x57,0xFC,0x54,0x20,0x54,0x50,0x5C,0x50,0x64,0x88,0x01,0x08,0x02,0x04,0x00,0x00,0x00,0x00}, // 681
    {0x08,0x80,0x08,0x40,0x0B,0xF8,0x12,0x08,0x12,0x08,0x33,0xF8,0x52,0x00,0x13,0xF8,0x16,0xA8,0x16,0xA8,0x1B,0xF8,0x12,0xA8,0x12,0xA8,0x12,0x18,0x00,0x00,0x00,0x00}, // 682
    {0x00,0x40,0x20,0x40,0x10,0x44,0x17,0x48,0x01,0x50,0x01,0x60,0x01,0x60,0x12,0x50,0x12,0x50,0x24,0x48,0x28,0x44,0x40,0x40,0x40,0x40,0x01,0xC0,0x00,0x00,0x00,0x00}, // 683
    {0x04,0x40,0x7F,0xFC,0x04,0x40,0x20,0x80,0x17,0xF8,0x11,0x00,0x02,0x40,0x77,0xF8,0x10,0x40,0x10,0x40,0x17,0xFC,0x10,0x40,0x28,0x40,0x47,0xFC,0x00,0x00,0x00,0x00}, // 684
    {0x08,0x00,0x0F,0xE0,0x10,0x40,0x20,0x80,0x5F,0xF0,0x01,0x10,0x01,0x10,0x7F,0xFC,0x01,0x10,0x01,0x10,0x1F,0xF0,0x01,0x10,0x01,0x00,0x07,0x00,0x00,0x00,0x00,0x00}, // 685
    {0x01,0x00,0x00,0x80,0x3F,0xFC,0x20,0x00,0x22,0x10,0x22,0x10,0x25,0xFC,0x2C,0x10,0x35,0x10,0x24,0x90,0x24,0x90,0x24,0x10,0x24,0x10,0x44,0x70,0x00,0x00,0x00,0x00}, // 686
    {0x04,0x00,0x45,0x78,0x26,0x08,0x25,0x50,0x03,0x20,0x04,0xF8,0x07,0x28,0x2A,0x20,0x22,0xA0,0x2F,0xB8,0x42,0xA0,0x42,0xA0,0x45,0x60,0x09,0x18,0x00,0x00,0x00,0x00}, // 687
    {0x04,0x40,0x7F,0xFC,0x04,0x40,0x10,0x00,0x1F,0xF8,0x22,0x08,0x52,0x48,0x0A,0x88,0x3F,0xE8,0x07,0x08,0x0A,0x88,0x12,0x48,0x22,0x10,0x02,0x60,0x00,0x00,0x00,0x00}, // 688
    {0x01,0x00,0x01,0xF0,0x01,0x00,0x1F,0xFC,0x11,0x04,0x11,0xE0,0x17,0x08,0x10,0xF8,0x10,0x00,0x13,0xE0,0x12,0x20,0x22,0x20,0x24,0x24,0x48,0x1C,0x00,0x00,0x00,0x00}, // 689
    {0x3E,0x20,0x22,0xFC,0x22,0x88,0x3E,0x50,0x20,0xFC,0x3E,0x20,0x62,0xF8,0x22,0x20,0x3E,0x20,0x01,0x00,0x3F,0xF8,0x01,0x00,0x01,0x00,0x7F,0xFC,0x00,0x00,0x00,0x00}, // 690
    {0x00,0x00,0x7E,0x00,0x25,0xF8,0x24,0x88,0x3C,0x88,0x24,0x88,0x24,0x88,0x3C,0x50,0x24,0x50,0x27,0x20,0x7C,0x20,0x04,0x50,0x04,0x88,0x05,0x04,0x00,0x00,0x00,0x00}, // 691
    {0x10,0x80,0x10,0x80,0x11,0xF8,0x7D,0x08,0x12,0x08,0x15,0xE8,0x11,0x28,0x19,0x28,0x71,0xE8,0x11,0x08,0x11,0x30,0x11,0x04,0x11,0x04,0x70,0xFC,0x00,0x00,0x00,0x00}, // 692
    {0x00,0x40,0x38,0x80,0x03,0xF8,0x02,0x48,0x02,0x48,0x7B,0xF8,0x12,0x48,0x12,0x88,0x23,0xF8,0x28,0xD0,0x45,0x68,0x7D,0x7C,0x02,0x44,0x04,0x3C,0x00,0x00,0x00,0x00}, // 693
    {0x20,0x80,0x20,0x40,0x27,0xFC,0x3C,0x04,0x4B,0xF0,0x12,0x10,0x22,0x10,0x23,0xF0,0x22,0x00,0x23,0xF8,0x22,0x08,0x2A,0x08,0x33,0xF8,0x22,0x08,0x00,0x00,0x00,0x00}, // 694
    {0x01,0x00,0x01,0x00,0x7F,0xFC,0x01,0x00,0x01,0x00,0x3F,0xF8,0x21,0x08,0x21,0x08,0x3F,0xF8,0x11,0x00,0x0A,0x00,0x06,0x00,0x19,0xC0,0x60,0x3C,0x00,0x00,0x00,0x00}, // 695
    {0x01,0x00,0x21,0x1C,0x17,0xD4,0x01,0x14,0x47,0xD4,0x24,0x5C,0x07,0xD4,0x14,0x54,0x17,0xDC,0x21,0x14,0x2F,0xD4,0x41,0x14,0x41,0x14,0x01,0x2C,0x00,0x00,0x00,0x00}, // 696
    {0x00,0x00,0x3F,0x7C,0x09,0x44,0x09,0x48,0x3F,0x48,0x09,0x50,0x09,0x48,0x3F,0x44,0x09,0x44,0x11,0x44,0x11,0x44,0x21,0x58,0x46,0x40,0x00,0x40,0x00,0x00,0x00,0x00}, // 697
    {0x01,0x00,0x09,0x00,0x09,0x00,0x0F,0xF0,0x11,0x00,0x21,0x00,0x01,0x00,0x7F,0xFC,0x02,0x80,0x02,0x80,0x04,0x40,0x08,0x20,0x10,0x10,0x60,0x0C,0x00,0x00,0x00,0x00}, // 698
    {0x00,0x00,0x7F,0xFC,0x40,0x04,0x1F,0xF0,0x10,0x10,0x1F,0xF0,0x10,0x10,0x1F,0xF0,0x02,0x00,0x01,0x00,0x7F,0xFC,0x08,0x20,0x10,0x10,0x20,0x08,0x00,0x00,0x00,0x00}, // 699
    {0x01,0x00,0x01,0x00,0x79,0xFC,0x4A,0x80,0x4A,0x80,0x4C,0x80,0x78,0xF8,0x48,0x80,0x48,0x80,0x48,0x80,0x78,0xFC,0x48,0x80,0x00,0x80,0x00,0x80,0x00,0x00,0x00,0x00}, // 700
    {0x00,0x00,0x1F,0xFC,0x10,0x80,0x10,0x80,0x10,0x80,0x17,0xFC,0x10,0x84,0x10,0x84,0x10,0x84,0x11,0x04,0x11,0x04,0x22,0x04,0x24,0x08,0x48,0x30,0x00,0x00,0x00,0x00}, // 701
    {0x02,0x00,0x0F,0xF0,0x09,0x10,0x08,0x90,0x7F,0xFC,0x09,0x10,0x08,0x90,0x10,0x30,0x20,0x00,0x1F,0xF0,0x12,0x90,0x12,0x90,0x12,0x90,0x7F,0xFC,0x00,0x00,0x00,0x00}, // 702
    {0x01,0x00,0x7F,0xFC,0x40,0x04,0x3C,0xF8,0x24,0x48,0x15,0x28,0x26,0xC8,0x18,0x60,0x61,0x1C,0x0E,0x40,0x01,0x90,0x0E,0x60,0x01,0x80,0x1E,0x00,0x00,0x00,0x00,0x00}, // 703
    {0x10,0x00,0x1E,0xF8,0x12,0x88,0x22,0x88,0x24,0x88,0x54,0xB0,0x08,0x84,0x10,0x84,0x20,0x7C,0x41,0x00,0x08,0x88,0x28,0x84,0x28,0x24,0x47,0xE0,0x00,0x00,0x00,0x00}, // 704
    {0x08,0x00,0x0B,0xF8,0x10,0x88,0x10,0x88,0x30,0x90,0x50,0x90,0x10,0x9C,0x10,0x84,0x10,0x84,0x10,0x84,0x11,0x04,0x11,0x04,0x12,0x04,0x14,0x38,0x00,0x00,0x00,0x00}, // 705
    {0x00,0xF0,0x3F,0x00,0x21,0x00,0x21,0x78,0x3F,0x80,0x20,0x44,0x30,0x34,0x20,0x0C,0x1F,0xF0,0x10,0x10,0x1F,0xF0,0x10,0x10,0x1F,0xF0,0x10,0x10,0x00,0x00,0x00,0x00}, // 706
    {0x07,0xFC,0x20,0xA0,0x17,0xFC,0x04,0xA4,0x07,0xFC,0x40,0x00,0x23,0xF8,0x0A,0x08,0x0B,0xF8,0x12,0x08,0x13,0xF8,0x20,0x40,0x27,0xFC,0x00,0x40,0x00,0x00,0x00,0x00}, // 707
    {0x02,0x00,0x04,0x00,0x1F,0xE0,0x10,0x20,0x10,0x20,0x10,0xE0,0x10,0x00,0x1F,0xF8,0x00,0x08,0x00,0x08,0x7F,0xE8,0x00,0x08,0x00,0x08,0x00,0x30,0x00,0x00,0x00,0x00}, // 708
    {0x10,0x00,0x11,0xF8,0x1D,0x08,0x21,0x08,0x41,0xF8,0x3D,0x08,0x11,0x08,0x11,0xF8,0x7D,0x24,0x11,0x28,0x11,0x10,0x15,0x50,0x19,0x88,0x11,0x04,0x00,0x00,0x00,0x00}, // 709
    {0x00,0x40,0x27,0xFC,0x10,0x40,0x13,0xF8,0x00,0x48,0x07,0xFC,0x00,0x48,0x13,0xF8,0x10,0x80,0x27,0xFC,0x21,0x10,0x43,0x90,0x40,0x60,0x03,0x98,0x00,0x00,0x00,0x00}, // 710
    {0x00,0x40,0x00,0x40,0x78,0x80,0x4B,0xFC,0x4A,0x04,0x4A,0x04,0x4A,0xF4,0x4A,0x94,0x4A,0x94,0x7A,0x94,0x4A,0xF4,0x02,0x04,0x02,0x04,0x02,0x1C,0x00,0x00,0x00,0x00}, // 711
    {0x00,0x80,0x3C,0x90,0x24,0x88,0x24,0x80,0x2B,0xFC,0x28,0xA0,0x24,0xA0,0x24,0xA8,0x24,0xA8,0x24,0xB0,0x39,0x20,0x21,0x64,0x22,0xA4,0x24,0x1C,0x00,0x00,0x00,0x00}, // 712
    {0x01,0x00,0x02,0x80,0x04,0x40,0x18,0x30,0x6F,0xEC,0x01,0x00,0x01,0x00,0x7F,0xFC,0x01,0x00,0x01,0x00,0x1F,0xF0,0x10,0x10,0x10,0x10,0x1F,0xF0,0x00,0x00,0x00,0x00}, // 713
    {0x10,0x40,0x10,0x40,0x13,0xFC,0x7A,0x44,0x12,0x48,0x12,0x40,0x13,0xF8,0x1A,0x88,0x72,0x88,0x12,0x50,0x12,0x50,0x12,0x20,0x14,0x50,0x79,0x8C,0x00,0x00,0x00,0x00}, // 714
    {0x20,0x80,0x10,0x40,0x10,0x00,0x07,0xFC,0x01,0x00,0x71,0x00,0x11,0xF8,0x11,0x08,0x11,0x08,0x11,0x08,0x15,0x08,0x1A,0x08,0x12,0x08,0x04,0x30,0x00,0x00,0x00,0x00}, // 715
    {0x08,0x40,0x08,0x40,0x48,0x40,0x28,0x40,0x29,0xFC,0x08,0x88,0x08,0x88,0x18,0x88,0x29,0x90,0x48,0x50,0x08,0x20,0x08,0x50,0x08,0x88,0x09,0x04,0x00,0x00,0x00,0x00}, // 716
    {0x02,0x00,0x02,0x00,0x02,0x00,0x02,0x00,0x02,0x3C,0x03,0xC0,0x7E,0x00,0x02,0x00,0x02,0x00,0x02,0x00,0x02,0x00,0x02,0x04,0x02,0x04,0x01,0xFC,0x00,0x00,0x00,0x00}, // 717
    {0x0F,0xE0,0x04,0x40,0x03,0x80,0x1C,0x60,0x00,0x00,0x3E,0xF8,0x12,0x48,0x0C,0x30,0x32,0xC8,0x01,0x00,0x7F,0xFC,0x05,0x40,0x19,0x30,0x61,0x0C,0x00,0x00,0x00,0x00}, // 718
    {0x04,0x00,0x05,0xFC,0x24,0x20,0x24,0x20,0x25,0xFC,0x25,0x24,0x25,0x24,0x25,0x24,0x25,0x24,0x05,0x24,0x09,0x2C,0x08,0x20,0x10,0x20,0x20,0x20,0x00,0x00,0x00,0x00}, // 719
    {0x1F,0xF0,0x10,0x10,0x10,0x10,0x1F,0xF0,0x00,0x00,0x3F,0xF8,0x21,0x08,0x21,0x08,0x21,0x08,0x3F,0xF8,0x20,0x00,0x20,0x04,0x20,0x04,0x1F,0xFC,0x00,0x00,0x00,0x00}, // 720
    {0x1F,0xFC,0x10,0x84,0x10,0x84,0x1F,0xFC,0x10,0x00,0x17,0xFC,0x14,0x04,0x17,0xFC,0x14,0x04,0x17,0xFC,0x24,0x04,0x24,0x04,0x47,0xFC,0x04,0x04,0x00,0x00,0x00,0x00}, // 721
    {0x00,0x00,0x01,0xF8,0x3D,0x08,0x25,0x08,0x25,0xF8,0x3D,0x08,0x25,0x08,0x25,0xF8,0x3D,0x24,0x25,0x28,0x25,0x10,0x3D,0x50,0x25,0x88,0x01,0x04,0x00,0x00,0x00,0x00}, // 722
    {0x04,0x40,0x04,0x40,0x04,0x40,0x44,0x48,0x24,0x48,0x24,0x48,0x14,0x50,0x14,0x50,0x14,0x60,0x04,0x40,0x04,0x40,0x04,0x40,0x04,0x40,0x7F,0xFC,0x00,0x00,0x00,0x00}, // 723
    {0x04,0x00,0x08,0x20,0x1F,0xF0,0x02,0x10,0x7F,0xFC,0x08,0x20,0x10,0x90,0x63,0x0C,0x1C,0x40,0x00,0x80,0x07,0x10,0x38,0x60,0x03,0x80,0x7C,0x00,0x00,0x00,0x00,0x00}, // 724
    {0x08,0x80,0x08,0x90,0x08,0x88,0x10,0x88,0x10,0x9C,0x37,0xE0,0x50,0x80,0x10,0x80,0x10,0x40,0x10,0x40,0x10,0x24,0x10,0x14,0x10,0x0C,0x10,0x04,0x00,0x00,0x00,0x00}, // 725
    {0x08,0x40,0x08,0x40,0x0A,0x48,0x12,0x58,0x12,0xE8,0x37,0x48,0x52,0x48,0x12,0x48,0x12,0x48,0x12,0x58,0x12,0x40,0x12,0x04,0x12,0x04,0x11,0xFC,0x00,0x00,0x00,0x00}, // 726
    {0x04,0x40,0x04,0x40,0x7F,0xFC,0x04,0x40,0x00,0x00,0x13,0xF0,0x08,0x60,0x40,0x80,0x21,0xF8,0x08,0xA8,0x11,0x28,0x16,0x48,0x20,0x88,0x23,0x30,0x00,0x00,0x00,0x00}, // 727
    {0x0F,0x00,0x08,0x7C,0x7F,0xA4,0x40,0xA4,0x3F,0x24,0x12,0x28,0x29,0x28,0x1E,0x10,0x33,0x28,0x1E,0x44,0x01,0x00,0x3F,0xF8,0x01,0x00,0x7F,0xFC,0x00,0x00,0x00,0x00}, // 728
    {0x04,0x40,0x04,0x50,0x3F,0x48,0x04,0x48,0x04,0x40,0x7F,0xFC,0x00,0x40,0x00,0x48,0x3F,0x48,0x21,0x50,0x21,0x24,0x3F,0x54,0x20,0x8C,0x01,0x04,0x00,0x00,0x00,0x00}, // 729
    {0x00,0x00,0x06,0xF8,0x38,0x20,0x08,0x20,0x08,0xF8,0x3E,0x20,0x08,0x20,0x08,0xF8,0x7E,0x20,0x08,0x20,0x11,0xFC,0x10,0x20,0x20,0x20,0x40,0x20,0x00,0x00,0x00,0x00}, // 730
    {0x01,0x00,0x01,0x00,0x01,0x00,0x01,0x00,0x01,0x00,0x3F,0xF8,0x01,0x00,0x01,0x00,0x01,0x00,0x01,0x00,0x01,0x00,0x01,0x00,0x01,0x00,0x7F,0xFC,0x00,0x00,0x00,0x00}, // 731
    {0x01,0x00,0x21,0xF0,0x12,0x10,0x02,0x20,0x47,0xF8,0x2A,0x48,0x02,0x48,0x13,0xF8,0x12,0x48,0x22,0x48,0x23,0xF8,0x40,0x00,0x40,0x00,0x0F,0xFC,0x00,0x00,0x00,0x00}, // 732
    {0x08,0x40,0x08,0x40,0x1E,0x7C,0x10,0x84,0x21,0x04,0x5E,0x04,0x08,0x44,0x08,0x24,0x3E,0x24,0x08,0x04,0x08,0x04,0x0A,0x04,0x0C,0x04,0x08,0x18,0x00,0x00,0x00,0x00}, // 733
    {0x00,0x00,0x23,0xFC,0x12,0x20,0x0A,0x40,0x02,0xF8,0x42,0x88,0x22,0xF8,0x0A,0x88,0x0A,0xF8,0x12,0x20,0x12,0xA8,0x24,0xA4,0x25,0x24,0x08,0x60,0x00,0x00,0x00,0x00}, // 734
    {0x03,0xF8,0x02,0xA8,0x7B,0xF8,0x48,0x44,0x49,0xF8,0x48,0x50,0x7B,0xFC,0x48,0x40,0x49,0xF8,0x4B,0x08,0x79,0xF8,0x49,0x08,0x01,0xF8,0x01,0x08,0x00,0x00,0x00,0x00}, // 735
    {0x01,0x08,0x00,0x90,0x7B,0xFC,0x48,0x40,0x49,0xF8,0x48,0x40,0x4B,0xFC,0x48,0x80,0x49,0x00,0x79,0xF8,0x4A,0x20,0x04,0x20,0x00,0x20,0x03,0xFC,0x00,0x00,0x00,0x00}, // 736
    {0x01,0x00,0x3F,0xF8,0x08,0x20,0x04,0x40,0x7F,0xFC,0x00,0x00,0x1F,0xF0,0x10,0x10,0x1F,0xF0,0x10,0x10,0x1F,0xF0,0x04,0x40,0x08,0x44,0x30,0x3C,0x00,0x00,0x00,0x00}, // 737
    {0x10,0x10,0x10,0x10,0x10,0x10,0x7D,0xFC,0x10,0x10,0x10,0x10,0x39,0x10,0x34,0x90,0x50,0x90,0x10,0x10,0x10,0x10,0x10,0x10,0x10,0x10,0x10,0x70,0x00,0x00,0x00,0x00}, // 738
    {0x08,0x00,0x09,0xFC,0x08,0x10,0x2A,0x10,0x2A,0x10,0x2C,0x10,0x48,0x10,0x08,0x10,0x08,0x10,0x08,0x10,0x14,0x10,0x12,0x10,0x22,0x10,0x40,0x70,0x00,0x00,0x00,0x00}, // 739
    {0x04,0x40,0x04,0x40,0x7F,0xFC,0x04,0x40,0x10,0x80,0x10,0x80,0x24,0xF8,0x79,0x08,0x12,0x08,0x20,0x88,0x7C,0x48,0x00,0x08,0x0C,0x08,0x70,0x30,0x00,0x00,0x00,0x00}, // 740
    {0x3F,0xFC,0x02,0x40,0x12,0x48,0x0A,0x48,0x0A,0x50,0x02,0x40,0x1F,0xFC,0x10,0x00,0x10,0x00,0x10,0x00,0x10,0x00,0x20,0x00,0x20,0x00,0x40,0x00,0x00,0x00,0x00,0x00}, // 741
    {0x08,0x20,0x08,0x20,0x7E,0xFC,0x08,0x20,0x1C,0x70,0x2A,0xA8,0x48,0x24,0x00,0x00,0x1F,0xF0,0x00,0x00,0x7F,0xFC,0x01,0x00,0x11,0x10,0x27,0x08,0x00,0x00,0x00,0x00}, // 742
    {0x00,0x80,0x0C,0x80,0x70,0x80,0x10,0xFC,0x11,0x04,0x7E,0x08,0x10,0x20,0x18,0x20,0x35,0x28,0x31,0x24,0x52,0x24,0x10,0x20,0x10,0x20,0x10,0xE0,0x00,0x00,0x00,0x00}, // 743
    {0x10,0x00,0x11,0xF0,0x11,0x10,0x7D,0x10,0x11,0x10,0x12,0x0C,0x14,0x00,0x1B,0xF8,0x71,0x08,0x11,0x10,0x10,0xA0,0x10,0x40,0x11,0xB0,0x76,0x0C,0x00,0x00,0x00,0x00}, // 744
    {0x01,0x00,0x00,0x80,0x1F,0xFC,0x10,0x04,0x1F,0xFC,0x10,0x80,0x10,0x40,0x17,0xFC,0x11,0x00,0x11,0xF8,0x11,0x08,0x22,0x08,0x24,0x08,0x48,0x30,0x00,0x00,0x00,0x00}, // 745
    {0x00,0x00,0x27,0xF8,0x14,0x08,0x04,0x08,0x47,0xF8,0x24,0x08,0x04,0x08,0x17,0xF8,0x11,0x20,0x29,0x24,0x25,0x28,0x43,0x30,0x41,0x20,0x0F,0xFC,0x00,0x00,0x00,0x00}, // 746
    {0x08,0x00,0x0F,0xF0,0x10,0x20,0x20,0x40,0x5F,0xFC,0x10,0x00,0x13,0xF0,0x12,0x10,0x12,0x10,0x12,0x10,0x12,0x60,0x22,0x04,0x22,0x04,0x41,0xFC,0x00,0x00,0x00,0x00}, // 747
    {0x00,0x00,0x3D,0xFC,0x24,0x20,0x24,0x40,0x29,0xFC,0x29,0x04,0x25,0x04,0x25,0x04,0x25,0xFC,0x25,0x04,0x39,0x04,0x21,0x04,0x21,0xFC,0x21,0x04,0x00,0x00,0x00,0x00}, // 748
    {0x01,0x00,0x01,0x00,0x1F,0xF0,0x01,0x00,0x01,0x00,0x7F,0xFC,0x04,0x40,0x04,0x40,0x24,0x48,0x24,0x44,0x48,0x44,0x08,0x40,0x10,0x40,0x21,0xC0,0x00,0x00,0x00,0x00}, // 749
    {0x10,0x80,0x10,0xF0,0x21,0x10,0x49,0xE0,0x78,0x20,0x17,0xFC,0x20,0x80,0x41,0x44,0x7A,0xA8,0x01,0x70,0x02,0xA8,0x19,0x28,0x62,0x24,0x00,0xC0,0x00,0x00,0x00,0x00}, // 750
    {0x12,0x08,0x14,0x70,0x7F,0x04,0x12,0x78,0x3F,0x00,0x01,0x00,0x3F,0xF8,0x20,0x08,0x0F,0xE0,0x08,0x00,0x0F,0xF8,0x08,0x40,0x7F,0xFC,0x10,0x20,0x00,0x00,0x00,0x00}, // 751
    {0x08,0x00,0x08,0x40,0x0B,0xBC,0x12,0x24,0x12,0x24,0x32,0x24,0x52,0x24,0x12,0x24,0x12,0x24,0x12,0xA4,0x13,0x2C,0x12,0x20,0x10,0x20,0x10,0x20,0x00,0x00,0x00,0x00}, // 752
    {0x01,0x00,0x3F,0xF8,0x08,0x20,0x7F,0xFC,0x00,0x00,0x1F,0xF0,0x11,0x10,0x1F,0xF0,0x11,0x10,0x1F,0xF0,0x01,0x00,0x3F,0xF8,0x01,0x00,0x7F,0xFC,0x00,0x00,0x00,0x00}, // 753
    {0x08,0x10,0x08,0x10,0x3E,0x10,0x08,0xFC,0x08,0x10,0x7E,0x10,0x00,0x90,0x08,0x50,0x3E,0x50,0x08,0x10,0x08,0x10,0x0E,0x10,0x70,0x10,0x00,0x70,0x00,0x00,0x00,0x00}, // 754
    {0x1F,0xF0,0x10,0x10,0x10,0x10,0x1F,0xF0,0x10,0x10,0x10,0x10,0x1F,0xF0,0x10,0x10,0x10,0x10,0x7F,0xFC,0x08,0x00,0x10,0x10,0x3F,0xF8,0x00,0x08,0x00,0x00,0x00,0x00}, // 755
    {0x21,0x00,0x11,0x00,0x13,0xF8,0x02,0x40,0x04,0x40,0x70,0x40,0x10,0x40,0x17,0xFC,0x10,0x40,0x10,0x40,0x14,0x40,0x18,0x40,0x10,0x40,0x00,0x40,0x00,0x00,0x00,0x00}, // 756
    {0x00,0x00,0x3F,0xF0,0x08,0x10,0x08,0x10,0x08,0x10,0x04,0x20,0x04,0x20,0x02,0x40,0x02,0x80,0x01,0x00,0x02,0x80,0x04,0x40,0x18,0x30,0x60,0x0C,0x00,0x00,0x00,0x00}, // 757
    {0x7F,0xFC,0x01,0x00,0x02,0x00,0x3F,0xF8,0x24,0x48,0x24,0x48,0x27,0xC8,0x24,0x48,0x24,0x48,0x27,0xC8,0x24,0x48,0x24,0x48,0x3F,0xF8,0x20,0x08,0x00,0x00,0x00,0x00}, // 758
    {0x02,0x00,0x01,0x00,0x7F,0xFC,0x44,0x44,0x49,0x24,0x11,0x10,0x01,0x00,0x1F,0xF0,0x11,0x10,0x11,0x10,0x11,0x10,0x11,0x10,0x11,0x70,0x01,0x00,0x00,0x00,0x00,0x00}, // 759
    {0x20,0x00,0x13,0xF8,0x12,0x48,0x03,0xF8,0x02,0x48,0x73,0xF8,0x10,0x40,0x17,0xFC,0x14,0x54,0x15,0xF4,0x14,0x14,0x14,0x0C,0x28,0x00,0x47,0xFC,0x00,0x00,0x00,0x00}, // 760
    {0x00,0x00,0x3F,0xFC,0x20,0x00,0x20,0x00,0x2F,0xF0,0x20,0x00,0x20,0x00,0x3F,0xFC,0x24,0x80,0x24,0x88,0x24,0x50,0x24,0x20,0x25,0x10,0x46,0x0C,0x00,0x00,0x00,0x00}, // 761
    {0x02,0x00,0x01,0x00,0x7F,0xFC,0x40,0x04,0x00,0x70,0x1F,0x80,0x10,0x00,0x1F,0xF8,0x10,0x40,0x10,0x40,0x7F,0xFC,0x00,0x00,0x10,0x20,0x20,0x10,0x00,0x00,0x00,0x00}, // 762
    {0x08,0x40,0x08,0x40,0x48,0x40,0x28,0x40,0x28,0x40,0x0B,0xFC,0x08,0x40,0x18,0x40,0x28,0x40,0x48,0x40,0x08,0x40,0x08,0x40,0x08,0x40,0x0B,0xF8,0x00,0x00,0x00,0x00}, // 763
    {0x00,0x00,0x3D,0xF8,0x25,0x08,0x25,0x08,0x25,0x38,0x3D,0x00,0x25,0xF8,0x25,0x48,0x3D,0x48,0x25,0x50,0x25,0x20,0x25,0x50,0x25,0x88,0x4D,0x04,0x00,0x00,0x00,0x00}, // 764
    {0x11,0x00,0x11,0x18,0x11,0xE0,0x7D,0x04,0x11,0x04,0x10,0xFC,0x14,0x00,0x19,0xF8,0x71,0x08,0x11,0x08,0x11,0xF8,0x11,0x08,0x11,0x08,0x71,0xF8,0x00,0x00,0x00,0x00}, // 765
    {0x20,0x40,0x10,0xA0,0x11,0x10,0x06,0x0C,0x01,0xF0,0x70,0x40,0x10,0x40,0x17,0xFC,0x11,0x50,0x12,0x48,0x14,0x48,0x11,0xC0,0x28,0x00,0x47,0xFC,0x00,0x00,0x00,0x00}, // 766
    {0x00,0x40,0x3C,0x40,0x24,0xA0,0x24,0x90,0x29,0x08,0x2A,0x04,0x24,0x90,0x24,0x90,0x24,0x90,0x24,0x90,0x38,0x90,0x21,0x10,0x21,0x10,0x22,0x10,0x00,0x00,0x00,0x00}, // 767
    {0x04,0x40,0x7F,0xFC,0x04,0x40,0x3F,0xF8,0x20,0x08,0x0F,0xE0,0x00,0x00,0x3F,0xF8,0x0A,0x00,0x33,0x08,0x0C,0xD0,0x33,0xB0,0x0C,0x8C,0x31,0x80,0x00,0x00,0x00,0x00}, // 768
    {0x01,0x00,0x79,0x08,0x09,0x10,0x09,0x20,0x79,0x40,0x41,0x00,0x47,0xFC,0x41,0x20,0x79,0x20,0x09,0x10,0x09,0x10,0x09,0x48,0x09,0x84,0x31,0x00,0x00,0x00,0x00,0x00}, // 769
    {0x00,0x00,0x3D,0xF8,0x24,0x10,0x24,0x60,0x24,0x80,0x3D,0xFC,0x24,0x54,0x24,0x54,0x3C,0x94,0x25,0x24,0x24,0x44,0x24,0x84,0x25,0x04,0x4C,0x18,0x00,0x00,0x00,0x00}, // 770
    {0x10,0x40,0x10,0x40,0x10,0x40,0x7B,0xF8,0x12,0x48,0x12,0x48,0x38,0x40,0x34,0xA0,0x50,0xA0,0x10,0xA0,0x11,0x20,0x11,0x24,0x12,0x24,0x14,0x1C,0x00,0x00,0x00,0x00}, // 771
    {0x08,0x20,0x7F,0xFC,0x08,0x20,0x00,0x00,0x7F,0xFC,0x40,0x04,0x1F,0xF0,0x10,0x10,0x1F,0xF0,0x00,0x00,0x3F,0xF8,0x20,0x08,0x20,0x08,0x3F,0xF8,0x00,0x00,0x00,0x00}, // 772
    {0x10,0x40,0x10,0x40,0x7C,0xA0,0x20,0xA0,0x21,0x10,0x52,0x08,0x7D,0x04,0x11,0x10,0x11,0x20,0x1D,0xC0,0x71,0x00,0x11,0x08,0x11,0x08,0x10,0xF8,0x00,0x00,0x00,0x00}, // 773
    {0x00,0x50,0x00,0x48,0x00,0x40,0x3F,0xFC,0x20,0x40,0x20,0x48,0x30,0x48,0x28,0x48,0x24,0x50,0x24,0x50,0x20,0x24,0x20,0x54,0x20,0x8C,0x41,0x04,0x00,0x00,0x00,0x00}, // 774
    {0x08,0x20,0x08,0x20,0x08,0x20,0x08,0x20,0x08,0x20,0x08,0x20,0x14,0x50,0x12,0x50,0x22,0x88,0x20,0x88,0x41,0x04,0x00,0x00,0x00,0x00,0x7F,0xFC,0x00,0x00,0x00,0x00}, // 775
    {0x00,0x00,0x27,0xF8,0x14,0x08,0x14,0x08,0x04,0x08,0x04,0x08,0x07,0xF8,0x11,0x20,0x11,0x20,0x21,0x20,0x22,0x20,0x42,0x24,0x44,0x24,0x08,0x1C,0x00,0x00,0x00,0x00}, // 776
    {0x01,0x00,0x21,0xF0,0x12,0x10,0x14,0x20,0x03,0xF8,0x00,0x48,0x00,0x48,0x17,0xFC,0x10,0x48,0x20,0x48,0x23,0xF8,0x40,0x48,0x40,0x40,0x01,0xC0,0x00,0x00,0x00,0x00}, // 777
    {0x00,0x50,0x00,0x48,0x3F,0xFC,0x20,0x40,0x3F,0x40,0x24,0x48,0x24,0x48,0x3F,0x50,0x29,0x50,0x29,0x20,0x26,0x24,0x29,0x54,0x50,0x8C,0x01,0x04,0x00,0x00,0x00,0x00}, // 778
    {0x02,0x00,0x7F,0xFC,0x04,0x40,0x14,0x50,0x24,0x48,0x42,0x04,0x1F,0xE0,0x14,0x20,0x12,0xE0,0x10,0x00,0x1F,0xF8,0x00,0x08,0x7F,0xC8,0x00,0x18,0x00,0x00,0x00,0x00}, // 779
    {0x10,0x40,0x08,0x40,0x00,0x7C,0x7E,0x80,0x11,0x18,0x10,0xE0,0x1C,0xA0,0x14,0xA4,0x14,0xA8,0x14,0x90,0x14,0x90,0x24,0x88,0x24,0xA8,0x4C,0xC4,0x00,0x00,0x00,0x00}, // 780
    {0x00,0x00,0x27,0xF8,0x11,0x08,0x11,0x08,0x02,0x08,0x04,0x30,0x70,0x00,0x13,0xF8,0x12,0x08,0x12,0x08,0x12,0x08,0x13,0xF8,0x28,0x00,0x47,0xFC,0x00,0x00,0x00,0x00}, // 781
    {0x10,0x40,0x10,0x40,0x14,0x40,0x5B,0xF8,0x52,0x48,0x52,0x48,0x52,0x48,0x12,0x48,0x13,0xF8,0x10,0x40,0x28,0x48,0x28,0x44,0x27,0xFC,0x40,0x04,0x00,0x00,0x00,0x00}, // 782
    {0x1F,0xFC,0x10,0x04,0x1F,0xFC,0x10,0x00,0x13,0xF8,0x10,0x40,0x13,0xF8,0x12,0x48,0x13,0xF8,0x10,0x40,0x27,0xFC,0x24,0x54,0x45,0xF4,0x04,0x1C,0x00,0x00,0x00,0x00}, // 783
    {0x1F,0xF0,0x10,0x10,0x1F,0x90,0x10,0x90,0x7F,0xFC,0x40,0x04,0x1F,0xF0,0x10,0x10,0x1F,0xF0,0x10,0x10,0x1F,0xF0,0x10,0x10,0x10,0x10,0x10,0x70,0x00,0x00,0x00,0x00}, // 784
    {0x01,0x00,0x7F,0xFC,0x01,0x00,0x3F,0xF8,0x00,0x00,0x1F,0xF0,0x10,0x10,0x1F,0xF0,0x08,0x20,0x7F,0xFC,0x08,0x00,0x3F,0x7C,0x11,0x44,0x66,0x7C,0x00,0x00,0x00,0x00}, // 785
    {0x20,0x40,0x10,0x44,0x11,0xF4,0x00,0x48,0x00,0x50,0x77,0xFC,0x10,0x80,0x11,0xF8,0x13,0x08,0x15,0x08,0x11,0xF8,0x19,0x08,0x11,0x08,0x01,0xF8,0x00,0x00,0x00,0x00}, // 786
    {0x07,0x20,0x38,0x20,0x08,0x20,0x08,0x20,0x08,0x20,0x08,0x20,0x7F,0xFC,0x08,0x20,0x08,0x20,0x08,0x20,0x10,0x20,0x10,0x20,0x20,0x20,0x40,0x20,0x00,0x00,0x00,0x00}, // 787
    {0x7F,0xFC,0x01,0x00,0x01,0x00,0x3F,0xF8,0x21,0x08,0x21,0x08,0x3F,0xF8,0x21,0x08,0x21,0x08,0x7F,0xFC,0x20,0x08,0x20,0x08,0x20,0x08,0x20,0x38,0x00,0x00,0x00,0x00}, // 788
    {0x10,0x00,0x1F,0xFC,0x20,0x00,0x4F,0xF0,0x00,0x00,0x3F,0xF0,0x09,0x10,0x10,0x90,0x20,0x50,0x5F,0xB0,0x08,0x90,0x08,0x94,0x10,0x8C,0x23,0x04,0x00,0x00,0x00,0x00}, // 789
    {0x04,0x40,0x04,0x40,0x24,0x40,0x24,0x7C,0x24,0x88,0x25,0x48,0x24,0x48,0x2C,0x48,0x34,0x50,0x24,0x50,0x04,0x20,0x04,0x50,0x04,0x88,0x05,0x04,0x00,0x00,0x00,0x00}, // 790
    {0x00,0x40,0x20,0x40,0x10,0xA0,0x11,0x10,0x02,0x88,0x04,0x44,0x00,0x00,0x0B,0xF8,0x08,0x08,0x10,0x10,0x11,0x20,0x20,0xC0,0x20,0x40,0x00,0x20,0x00,0x00,0x00,0x00}, // 791
    {0x08,0x00,0x08,0xF8,0x10,0x08,0x14,0x08,0x35,0xFC,0x54,0x80,0x14,0xFC,0x15,0x20,0x14,0x20,0x15,0xFC,0x14,0x20,0x14,0x50,0x10,0x88,0x11,0x04,0x00,0x00,0x00,0x00}, // 792
    {0x10,0x40,0x10,0x40,0x13,0xF8,0x7C,0x40,0x10,0x40,0x17,0xFC,0x10,0x00,0x18,0x40,0x70,0x40,0x13,0xF8,0x10,0x40,0x10,0x40,0x10,0x40,0x77,0xFC,0x00,0x00,0x00,0x00}, // 793
    {0x00,0x20,0x7E,0x20,0x42,0x20,0x7E,0x3C,0x42,0x24,0x7E,0x48,0x20,0x10,0x7F,0x10,0x09,0x10,0x55,0x10,0x41,0x28,0x7D,0x28,0x01,0x28,0x06,0x44,0x00,0x00,0x00,0x00}, // 794
    {0x20,0x00,0x13,0xFC,0x10,0x04,0x00,0x04,0x07,0xF4,0x70,0x04,0x10,0x04,0x13,0xE4,0x12,0x24,0x12,0x24,0x13,0xE4,0x1A,0x04,0x10,0x04,0x00,0x1C,0x00,0x00,0x00,0x00}, // 795
    {0x08,0x00,0x0F,0xF0,0x10,0x10,0x20,0x20,0x40,0x40,0x3F,0xF8,0x20,0x08,0x21,0x08,0x21,0x08,0x21,0x08,0x22,0x88,0x04,0x60,0x18,0x18,0x60,0x04,0x00,0x00,0x00,0x00}, // 796
    {0x00,0x00,0x1F,0xF8,0x10,0x08,0x10,0x08,0x10,0x08,0x10,0x08,0x10,0x08,0x1F,0xF8,0x00,0x00,0x04,0x20,0x04,0x10,0x08,0x08,0x10,0x04,0x20,0x04,0x00,0x00,0x00,0x00}, // 797
    {0x04,0x40,0x7F,0xFC,0x04,0x48,0x00,0x24,0x0F,0xFC,0x28,0x20,0x2B,0xE8,0x3A,0xA8,0x0B,0xE8,0x7A,0x68,0x2B,0xD0,0x4A,0x94,0x13,0xEC,0x20,0x44,0x00,0x00,0x00,0x00}, // 798
    {0x01,0x00,0x01,0xF0,0x01,0x00,0x1F,0xFC,0x11,0x04,0x11,0xE0,0x17,0x08,0x10,0xF8,0x11,0x00,0x17,0xF8,0x11,0x08,0x22,0x08,0x24,0x08,0x48,0x30,0x00,0x00,0x00,0x00}, // 799
    {0x01,0x00,0x01,0x00,0x3F,0xF8,0x01,0x00,0x01,0x00,0x7F,0xFC,0x01,0x00,0x01,0x00,0x11,0x00,0x11,0xF0,0x11,0x00,0x11,0x00,0x29,0x00,0x47,0xFC,0x00,0x00,0x00,0x00}, // 800
    {0x00,0x00,0x3F,0xF8,0x01,0x00,0x01,0x00,0x09,0x20,0x09,0x20,0x09,0x20,0x15,0x50,0x13,0x48,0x21,0x88,0x01,0x00,0x01,0x00,0x01,0x00,0x7F,0xFC,0x00,0x00,0x00,0x00}, // 801
    {0x00,0x40,0x7D,0x9C,0x29,0x54,0x29,0x54,0x39,0x54,0x29,0x54,0x29,0x54,0x39,0x54,0x29,0x54,0x29,0xD4,0x2D,0x5C,0x78,0x50,0x08,0x90,0x09,0x10,0x00,0x00,0x00,0x00}, // 802
    {0x08,0x20,0x3E,0xF8,0x08,0x20,0x7E,0xFC,0x14,0x50,0x22,0x88,0x44,0x04,0x7F,0xF8,0x11,0x00,0x3F,0xF0,0x01,0x00,0x7F,0xFC,0x01,0x00,0x01,0x00,0x00,0x00,0x00,0x00}, // 803
    {0x7E,0xFC,0x22,0x44,0x1A,0x34,0x62,0xC4,0x1F,0xF0,0x11,0x10,0x1F,0xF0,0x11,0x10,0x1F,0xF0,0x08,0x20,0x3F,0xF8,0x08,0x20,0x7F,0xFC,0x10,0x10,0x00,0x00,0x00,0x00}, // 804
    {0x01,0x20,0x21,0x10,0x12,0x00,0x03,0xFC,0x46,0x20,0x2A,0x20,0x03,0xF8,0x12,0x20,0x12,0x20,0x23,0xF8,0x22,0x20,0x42,0x20,0x43,0xFC,0x02,0x00,0x00,0x00,0x00,0x00}, // 805
    {0x10,0x00,0x11,0xF0,0x11,0x10,0x7D,0x10,0x11,0x10,0x11,0x10,0x39,0x10,0x35,0x10,0x51,0x10,0x11,0x10,0x11,0x10,0x12,0x14,0x12,0x14,0x14,0x0C,0x00,0x00,0x00,0x00}, // 806
    {0x21,0x10,0x11,0x10,0x07,0xBC,0x71,0x10,0x13,0xB8,0x25,0x54,0x29,0x10,0x73,0xF8,0x28,0x00,0x27,0xFC,0x20,0x40,0x22,0x48,0x24,0x44,0x21,0xC0,0x00,0x00,0x00,0x00}, // 807
    {0x12,0x00,0x12,0x0C,0x17,0xB0,0x1A,0x20,0x54,0x20,0x55,0x20,0x57,0xBC,0x11,0x28,0x11,0x28,0x11,0xA8,0x17,0x28,0x11,0x28,0x11,0x28,0x11,0x48,0x00,0x00,0x00,0x00}, // 808
    {0x02,0x00,0x22,0x0C,0x17,0xB0,0x02,0x20,0x44,0x20,0x25,0x20,0x07,0xBC,0x11,0x28,0x11,0x28,0x21,0xA8,0x27,0x28,0x41,0x28,0x41,0x28,0x01,0x48,0x00,0x00,0x00,0x00}, // 809
    {0x20,0x80,0x10,0x40,0x13,0xF8,0x02,0x08,0x03,0xF8,0x72,0x00,0x13,0xF8,0x16,0xA8,0x17,0xF8,0x1A,0xA8,0x12,0xA8,0x12,0x18,0x28,0x00,0x47,0xFC,0x00,0x00,0x00,0x00}, // 810
    {0x1F,0xFC,0x10,0x04,0x1F,0xFC,0x12,0x48,0x11,0x50,0x17,0xFC,0x11,0x50,0x12,0x48,0x10,0x80,0x17,0xFC,0x21,0x10,0x23,0x20,0x40,0xE0,0x07,0x1C,0x00,0x00,0x00,0x00}, // 811
    {0x10,0x80,0x10,0x80,0x10,0xF0,0x7D,0x10,0x12,0x20,0x11,0xF8,0x7D,0x48,0x11,0x48,0x11,0x48,0x7D,0xF8,0x11,0x00,0x11,0x04,0x11,0x04,0x10,0xFC,0x00,0x00,0x00,0x00}, // 812
    {0x20,0x40,0x10,0x40,0x00,0x40,0x7B,0xFC,0x0A,0x44,0x12,0x44,0x16,0x44,0x3B,0xFC,0x56,0x44,0x12,0x44,0x12,0x44,0x12,0x44,0x13,0xFC,0x12,0x04,0x00,0x00,0x00,0x00}, // 813
    {0x08,0x00,0x0B,0xF8,0x0A,0x08,0x13,0xF8,0x12,0x08,0x33,0xF8,0x52,0x08,0x13,0xF8,0x12,0x08,0x17,0xFC,0x10,0x00,0x11,0x10,0x12,0x08,0x14,0x04,0x00,0x00,0x00,0x00}, // 814
    {0x0E,0x50,0x70,0x48,0x52,0x84,0x2D,0x24,0x10,0x20,0x24,0x50,0x78,0x88,0x15,0x04,0x7E,0xF8,0x08,0x88,0x7E,0x88,0x08,0x88,0x14,0xF8,0x22,0x88,0x00,0x00,0x00,0x00}, // 815
    {0x00,0x20,0x7F,0x28,0x49,0x40,0x49,0x7C,0x5D,0xD0,0x49,0x50,0x7F,0x7C,0x41,0x50,0x5D,0x50,0x55,0x7C,0x55,0x50,0x5D,0x50,0x41,0x7C,0x07,0x40,0x00,0x00,0x00,0x00}, // 816
    {0x00,0x40,0x3C,0x40,0x04,0x40,0x08,0x7C,0x7E,0x88,0x25,0x48,0x3C,0x48,0x24,0x48,0x3C,0x50,0x24,0x50,0x2E,0x20,0x74,0x50,0x04,0x88,0x05,0x04,0x00,0x00,0x00,0x00}, // 817
    {0x00,0x00,0x7C,0xFC,0x04,0x80,0x24,0x80,0x24,0xC8,0x24,0xA8,0x24,0xA8,0x3E,0x90,0x02,0x90,0x02,0xA8,0x1A,0xA8,0x62,0xC8,0x02,0x80,0x0C,0xFC,0x00,0x00,0x00,0x00}, // 818
    {0x02,0x00,0x02,0x00,0x02,0x00,0x02,0x00,0x7F,0xF8,0x02,0x08,0x04,0x08,0x04,0x08,0x04,0x08,0x08,0x08,0x08,0x08,0x10,0x08,0x20,0x10,0x40,0x60,0x00,0x00,0x00,0x00}, // 819
    {0x02,0x00,0x02,0x00,0x7F,0xFC,0x04,0x00,0x08,0x00,0x09,0xF8,0x18,0x10,0x28,0x20,0x48,0x20,0x0B,0xFC,0x08,0x20,0x08,0x20,0x08,0x20,0x08,0xE0,0x00,0x00,0x00,0x00}, // 820
    {0x01,0xF8,0x21,0x08,0x11,0xF8,0x09,0x08,0x01,0xF8,0x40,0x00,0x23,0xFC,0x0A,0x94,0x0B,0xFC,0x10,0x00,0x11,0xF8,0x20,0x90,0x20,0x60,0x03,0x9C,0x00,0x00,0x00,0x00}, // 821
    {0x01,0x00,0x00,0x80,0x1F,0xFC,0x10,0x04,0x1F,0xFC,0x10,0x00,0x17,0xBC,0x10,0x84,0x12,0x94,0x11,0x8C,0x12,0x94,0x24,0xA4,0x20,0x84,0x43,0x18,0x00,0x00,0x00,0x00}, // 822
    {0x02,0x00,0x01,0x00,0x7F,0xFC,0x41,0x04,0x11,0x10,0x09,0x20,0x3F,0xF8,0x20,0x08,0x3F,0xF8,0x20,0x08,0x3F,0xF8,0x20,0x08,0x20,0x08,0x20,0x38,0x00,0x00,0x00,0x00}, // 823
    {0x01,0x00,0x00,0x80,0x3F,0xFC,0x20,0x00,0x20,0x80,0x20,0x80,0x20,0x80,0x2F,0xFC,0x20,0x80,0x21,0x40,0x21,0x40,0x22,0x20,0x24,0x10,0x48,0x0C,0x00,0x00,0x00,0x00}, // 824
    {0x00,0x00,0x23,0xF8,0x12,0x08,0x0A,0x08,0x03,0xF8,0x42,0x00,0x22,0x80,0x0A,0x88,0x0A,0xB0,0x12,0xC0,0x12,0x80,0x24,0x84,0x24,0x84,0x08,0x7C,0x00,0x00,0x00,0x00}, // 825
    {0x00,0x00,0x03,0xFC,0x7A,0x44,0x48,0x40,0x49,0xFC,0x48,0x80,0x79,0x20,0x49,0xF8,0x48,0x20,0x48,0x20,0x7B,0xFC,0x48,0x20,0x00,0x20,0x00,0x20,0x00,0x00,0x00,0x00}, // 826
    {0x00,0x40,0x20,0x40,0x10,0x40,0x17,0xFC,0x00,0x40,0x00,0x40,0x70,0xA0,0x10,0x90,0x11,0x08,0x12,0x04,0x14,0x04,0x10,0x00,0x28,0x00,0x47,0xFC,0x00,0x00,0x00,0x00}, // 827
    {0x08,0x40,0x04,0x80,0x3F,0xF8,0x04,0x80,0x3F,0xF0,0x04,0x90,0x7F,0xFC,0x04,0x90,0x3F,0xF0,0x0C,0xC0,0x14,0xA0,0x24,0x90,0x44,0x8C,0x04,0x80,0x00,0x00,0x00,0x00}, // 828
    {0x3F,0xF8,0x24,0x48,0x24,0x48,0x3F,0xF8,0x08,0x00,0x1F,0xF8,0x22,0x08,0x5F,0xC8,0x12,0x48,0x12,0x48,0x1F,0xC8,0x02,0x48,0x3F,0xE8,0x00,0x30,0x00,0x00,0x00,0x00}, // 829
    {0x01,0x00,0x01,0x00,0x3F,0xF8,0x02,0x00,0x1F,0xF0,0x02,0x00,0x7F,0xFC,0x04,0x20,0x0F,0xF8,0x10,0x20,0x24,0x20,0x42,0x20,0x00,0x20,0x00,0xE0,0x00,0x00,0x00,0x00}, // 830
    {0x00,0x40,0x3C,0x20,0x25,0xF8,0x24,0x00,0x29,0x08,0x28,0x90,0x27,0xFC,0x24,0x00,0x24,0x00,0x25,0xF8,0x39,0x08,0x21,0x08,0x21,0xF8,0x21,0x08,0x00,0x00,0x00,0x00}, // 831
    {0x10,0x40,0x1E,0x7C,0x28,0x90,0x45,0x08,0x01,0x00,0x7F,0xFC,0x01,0x00,0x3F,0xF8,0x21,0x08,0x23,0xB8,0x05,0x40,0x19,0x30,0x61,0x0C,0x01,0x00,0x00,0x00,0x00,0x00}, // 832
    {0x20,0x20,0x3F,0x20,0x40,0x3C,0x3E,0x48,0x2A,0xA8,0x7F,0x10,0x2A,0x28,0x3F,0x44,0x04,0x40,0x0F,0x80,0x02,0x10,0x3F,0xF8,0x11,0x20,0x23,0x10,0x00,0x00,0x00,0x00}, // 833
    {0x3F,0xF8,0x20,0x08,0x20,0x08,0x3F,0xF8,0x20,0x00,0x2F,0xF8,0x22,0x00,0x24,0x10,0x2F,0xF8,0x20,0x80,0x2F,0xF8,0x20,0x80,0x20,0x80,0x5F,0xFC,0x00,0x00,0x00,0x00}, // 834
    {0x00,0x40,0x7C,0x20,0x04,0x00,0x25,0xFC,0x24,0x20,0x24,0x20,0x24,0x20,0x3E,0x20,0x02,0xF8,0x02,0x20,0x1A,0x20,0x62,0x20,0x02,0x20,0x0D,0xFC,0x00,0x00,0x00,0x00}, // 835
    {0x02,0x00,0x01,0x00,0x04,0x90,0x04,0x90,0x04,0x20,0x24,0x20,0x24,0x48,0x24,0x84,0x25,0x04,0x46,0x04,0x04,0x00,0x0C,0x10,0x14,0x10,0x63,0xF0,0x00,0x00,0x00,0x00}, // 836
    {0x22,0x00,0x14,0x7C,0x00,0x44,0x7F,0x44,0x08,0x44,0x2A,0x7C,0x2A,0x44,0x2A,0x44,0x3E,0x7C,0x0A,0x44,0x10,0x44,0x10,0x84,0x20,0x84,0x41,0x1C,0x00,0x00,0x00,0x00}, // 837
    {0x01,0x00,0x01,0x00,0x3F,0xF8,0x01,0x00,0x1F,0xF0,0x01,0x00,0x7F,0xFC,0x02,0x80,0x04,0x88,0x0C,0x50,0x14,0x20,0x65,0x10,0x06,0x0C,0x04,0x00,0x00,0x00,0x00,0x00}, // 838
    {0x01,0x00,0x01,0x00,0x01,0x00,0x3F,0xFC,0x21,0x04,0x21,0x04,0x22,0x84,0x24,0x44,0x28,0x24,0x30,0x14,0x20,0x04,0x20,0x04,0x20,0x04,0x20,0x1C,0x00,0x00,0x00,0x00}, // 839
    {0x01,0x00,0x01,0x00,0x02,0x80,0x04,0x40,0x08,0x20,0x10,0x10,0x6F,0xEC,0x01,0x00,0x01,0x00,0x0F,0xE0,0x01,0x00,0x01,0x00,0x01,0x00,0x7F,0xFC,0x00,0x00,0x00,0x00}, // 840
    {0x00,0x20,0x7E,0x20,0x02,0x20,0x04,0x20,0x08,0x20,0x08,0xB0,0x0E,0xA8,0x19,0x28,0x69,0x24,0x0A,0x24,0x08,0x20,0x08,0x20,0x08,0x20,0x38,0xE0,0x00,0x00,0x00,0x00}, // 841
    {0x01,0x00,0x00,0x80,0x3F,0xFC,0x20,0x00,0x20,0x80,0x20,0x80,0x2F,0xFC,0x21,0xC0,0x22,0xA0,0x22,0xA0,0x24,0x90,0x28,0x88,0x30,0x84,0x40,0x80,0x00,0x00,0x00,0x00}, // 842
    {0x08,0x00,0x08,0x38,0x0B,0xC0,0x10,0x40,0x10,0x40,0x30,0x40,0x50,0x40,0x17,0xFC,0x10,0x40,0x10,0x40,0x10,0x40,0x10,0x40,0x10,0x40,0x13,0xF8,0x00,0x00,0x00,0x00}, // 843
    {0x00,0x80,0x20,0x40,0x13,0xFC,0x01,0x10,0x40,0xA0,0x20,0x40,0x01,0xB0,0x16,0x0C,0x11,0x10,0x21,0x10,0x21,0x10,0x41,0x10,0x42,0x10,0x04,0x10,0x00,0x00,0x00,0x00}, // 844
    {0x01,0x00,0x01,0x00,0x7F,0xFC,0x01,0x00,0x1F,0xF0,0x00,0x00,0x3F,0xF8,0x20,0x08,0x04,0x40,0x24,0x48,0x14,0x48,0x14,0x50,0x04,0x40,0x7F,0xFC,0x00,0x00,0x00,0x00}, // 845
    {0x00,0x00,0x3F,0xF8,0x21,0x08,0x21,0x08,0x21,0x08,0x21,0x08,0x21,0x08,0x3F,0xF8,0x20,0x00,0x20,0x00,0x20,0x04,0x20,0x04,0x20,0x04,0x1F,0xFC,0x00,0x00,0x00,0x00}, // 846
    {0x00,0x08,0x3F,0x08,0x12,0x10,0x12,0x20,0x12,0x48,0x12,0x08,0x7F,0x90,0x12,0x20,0x12,0x44,0x12,0x04,0x12,0x08,0x12,0x10,0x22,0x20,0x42,0x40,0x00,0x00,0x00,0x00}, // 847
    {0x10,0x80,0x10,0x88,0x10,0x88,0x7C,0x90,0x54,0xA0,0x54,0x80,0x55,0xFC,0x54,0xA0,0x54,0xA0,0x54,0x90,0x5C,0x90,0x10,0xA8,0x10,0xC4,0x10,0x80,0x00,0x00,0x00,0x00}, // 848
    {0x01,0x00,0x06,0xC0,0x19,0x30,0x6F,0xEC,0x04,0x40,0x13,0x90,0x14,0x50,0x1F,0xF0,0x01,0x00,0x3F,0xF8,0x24,0x48,0x2F,0xE8,0x20,0x08,0x20,0x38,0x00,0x00,0x00,0x00}, // 849
    {0x09,0x00,0x08,0x80,0x1F,0xFC,0x30,0x80,0x5F,0xF8,0x10,0x80,0x1F,0xF8,0x10,0x80,0x1F,0xFC,0x11,0x00,0x7F,0xFC,0x05,0x40,0x19,0x30,0x61,0x0C,0x00,0x00,0x00,0x00}, // 850
    {0x00,0x00,0x00,0x38,0x79,0xE0,0x08,0x20,0x10,0x20,0x11,0x38,0x21,0x20,0x39,0x20,0x09,0x20,0x29,0x20,0x11,0xF8,0x10,0x00,0x28,0x00,0x47,0xFC,0x00,0x00,0x00,0x00}, // 851
    {0x0B,0xF8,0x08,0x08,0x09,0xF8,0x10,0x08,0x13,0xF8,0x30,0x00,0x57,0xFC,0x14,0x04,0x11,0xF0,0x11,0x10,0x10,0xA0,0x10,0x40,0x11,0xB0,0x16,0x0C,0x00,0x00,0x00,0x00}, // 852
    {0x00,0x40,0x7F,0x40,0x14,0x7C,0x14,0x84,0x7F,0x04,0x55,0x04,0x55,0x44,0x63,0x24,0x41,0x24,0x7F,0x04,0x41,0x04,0x41,0x04,0x7F,0x04,0x41,0x18,0x00,0x00,0x00,0x00}, // 853
    {0x00,0x00,0x23,0xFC,0x12,0x04,0x12,0x04,0x02,0xF4,0x02,0x94,0x72,0x94,0x12,0x94,0x12,0xF4,0x12,0x04,0x12,0x04,0x12,0x1C,0x28,0x00,0x47,0xFC,0x00,0x00,0x00,0x00}, // 854
    {0x00,0x20,0x7C,0x20,0x04,0xA8,0x24,0xB8,0x24,0xE8,0x25,0xA8,0x24,0xA8,0x3E,0xA8,0x02,0xA8,0x02,0xB8,0x1A,0xA0,0x62,0x84,0x02,0x84,0x0C,0x7C,0x00,0x00,0x00,0x00}, // 855
    {0x08,0x00,0x08,0x7C,0x3F,0x44,0x10,0x48,0x10,0x48,0x3F,0x50,0x31,0x48,0x51,0x44,0x1F,0x44,0x11,0x44,0x1F,0x44,0x11,0x58,0x11,0x40,0x13,0x40,0x00,0x00,0x00,0x00}, // 856
    {0x09,0x10,0x09,0x10,0x13,0xF8,0x11,0x10,0x31,0x10,0x57,0xFC,0x10,0x00,0x13,0xF8,0x12,0x08,0x12,0x08,0x13,0xF8,0x12,0x08,0x12,0x08,0x13,0xF8,0x00,0x00,0x00,0x00}, // 857
    {0x00,0x38,0x23,0xC0,0x12,0x00,0x12,0x00,0x03,0xF8,0x02,0x08,0x72,0x90,0x12,0x50,0x12,0x20,0x12,0x50,0x14,0x88,0x11,0x08,0x28,0x00,0x47,0xFC,0x00,0x00,0x00,0x00}, // 858
    {0x01,0x00,0x21,0x08,0x3F,0xF8,0x02,0x00,0x01,0x00,0x7F,0xFC,0x40,0x04,0x1F,0xF0,0x00,0x00,0x3F,0xF8,0x01,0x00,0x09,0x20,0x11,0x10,0x27,0x08,0x00,0x00,0x00,0x00}, // 859
    {0x00,0x00,0x7F,0xFC,0x00,0x00,0x00,0x00,0x3E,0xF8,0x22,0x88,0x22,0x88,0x32,0xC8,0x2A,0xA8,0x2A,0xA8,0x22,0x88,0x22,0x88,0x22,0x88,0x2E,0xB8,0x00,0x00,0x00,0x00}, // 860
    {0x10,0x00,0x10,0x00,0x1F,0xF8,0x20,0x00,0x5F,0xF0,0x12,0x10,0x11,0x10,0x7F,0xFC,0x10,0x10,0x22,0x10,0x21,0x10,0x3F,0xF8,0x00,0x10,0x00,0x60,0x00,0x00,0x00,0x00}, // 861
    {0x01,0x00,0x00,0x80,0x1F,0xFC,0x10,0x04,0x1F,0xFC,0x10,0x00,0x11,0x20,0x1F,0x3C,0x11,0x20,0x17,0x38,0x11,0x20,0x2F,0x3C,0x21,0x20,0x41,0x20,0x00,0x00,0x00,0x00}, // 862
    {0x00,0x80,0x20,0x40,0x10,0x40,0x0B,0xF8,0x00,0x00,0x40,0x10,0x22,0x10,0x02,0x10,0x09,0x10,0x09,0x20,0x11,0x20,0x10,0x20,0x20,0x40,0x27,0xFC,0x00,0x00,0x00,0x00}, // 863
    {0x00,0x00,0x23,0xFC,0x12,0x00,0x0A,0x20,0x02,0xF8,0x42,0x20,0x22,0x20,0x0B,0xFC,0x0A,0x00,0x12,0x20,0x12,0xF8,0x24,0x20,0x24,0x20,0x09,0xFC,0x00,0x00,0x00,0x00}, // 864
    {0x04,0x40,0x18,0x30,0x6F,0xEC,0x04,0x20,0x08,0x20,0x30,0xC0,0x00,0x00,0x1F,0xF0,0x10,0x10,0x11,0x10,0x11,0x10,0x02,0xC0,0x0C,0x30,0x70,0x08,0x00,0x00,0x00,0x00}, // 865
    {0x00,0x20,0x23,0xA8,0x10,0x90,0x02,0x94,0x41,0x08,0x22,0x08,0x05,0xF4,0x10,0x00,0x13,0xF8,0x22,0x08,0x23,0xF8,0x41,0x10,0x40,0xA0,0x07,0xFC,0x00,0x00,0x00,0x00}, // 866
    {0x01,0x00,0x01,0x00,0x7F,0xFC,0x01,0x00,0x01,0x00,0x01,0x00,0x3F,0xF8,0x00,0x00,0x02,0x00,0x01,0x00,0x29,0x08,0x28,0x04,0x48,0x24,0x07,0xE0,0x00,0x00,0x00,0x00}, // 867
    {0x3F,0xFC,0x20,0x04,0x27,0xE4,0x24,0x24,0x27,0xE4,0x20,0x04,0x2F,0xF4,0x28,0x14,0x28,0x94,0x28,0x94,0x21,0x44,0x22,0x24,0x2C,0x14,0x3F,0xFC,0x00,0x00,0x00,0x00}, // 868
    {0x00,0x20,0x7C,0x20,0x11,0xFC,0x11,0x24,0x21,0x28,0x3D,0x20,0x65,0xF8,0x25,0x48,0x25,0x48,0x25,0x48,0x3D,0x50,0x25,0x20,0x02,0x50,0x04,0x8C,0x00,0x00,0x00,0x00}, // 869
    {0x10,0x10,0x10,0x90,0x54,0x90,0x39,0x08,0x11,0x08,0x7E,0x04,0x11,0xF8,0x30,0x88,0x38,0x88,0x54,0x88,0x50,0x88,0x11,0x08,0x11,0x08,0x12,0x30,0x00,0x00,0x00,0x00}, // 870
    {0x01,0x10,0x78,0xA0,0x0B,0xF8,0x0A,0x48,0x7A,0x48,0x43,0xF8,0x42,0x48,0x42,0x48,0x7B,0xF8,0x08,0x40,0x08,0x40,0x0B,0xFC,0x08,0x40,0x30,0x40,0x00,0x00,0x00,0x00}, // 871
    {0x01,0x00,0x00,0x80,0x1F,0xFC,0x10,0x00,0x10,0x40,0x10,0x40,0x17,0xFC,0x14,0x44,0x14,0x44,0x17,0xFC,0x14,0x44,0x24,0x44,0x27,0xFC,0x44,0x04,0x00,0x00,0x00,0x00}, // 872
    {0x08,0x20,0x7F,0xFC,0x08,0x20,0x1F,0xF0,0x10,0x10,0x1F,0xF0,0x10,0x10,0x1F,0xF0,0x04,0x00,0x7F,0xFC,0x11,0x10,0x6F,0xEC,0x09,0x20,0x09,0x60,0x00,0x00,0x00,0x00}, // 873
    {0x04,0x40,0x04,0x40,0x7F,0xFC,0x04,0x40,0x00,0x00,0x3F,0xF0,0x06,0x40,0x01,0x80,0x7F,0xFC,0x02,0x88,0x04,0x90,0x18,0x80,0x60,0x80,0x03,0x80,0x00,0x00,0x00,0x00}, // 874
    {0x20,0x00,0x13,0xF8,0x00,0x00,0x79,0xF0,0x09,0x10,0x11,0x10,0x11,0xF0,0x38,0x00,0x57,0xF8,0x12,0x48,0x13,0xF8,0x12,0x48,0x13,0xF8,0x12,0x08,0x00,0x00,0x00,0x00}, // 875
    {0x7F,0xFC,0x04,0x40,0x3F,0xF8,0x24,0x48,0x3F,0xF8,0x12,0x00,0x27,0xFC,0x4A,0x48,0x13,0xF8,0x31,0x00,0x53,0xF8,0x15,0x10,0x10,0xE0,0x17,0x1C,0x00,0x00,0x00,0x00}, // 876
    {0x18,0x10,0x06,0x60,0x01,0x80,0x02,0x60,0x0C,0x10,0x31,0x08,0x01,0x00,0x7F,0xFC,0x01,0x00,0x09,0x20,0x09,0x10,0x11,0x08,0x21,0x08,0x07,0x00,0x00,0x00,0x00,0x00}, // 877
    {0x00,0x00,0x1F,0xF8,0x10,0x08,0x10,0x08,0x10,0x08,0x1F,0xF8,0x10,0x80,0x10,0x80,0x10,0x80,0x10,0x40,0x10,0x40,0x20,0x20,0x20,0x10,0x40,0x0C,0x00,0x00,0x00,0x00}, // 878
    {0x00,0x00,0x2F,0xFC,0x11,0x20,0x01,0x20,0x47,0xF8,0x25,0x28,0x05,0x28,0x15,0x28,0x15,0x28,0x26,0x18,0x24,0x08,0x44,0x08,0x47,0xF8,0x04,0x08,0x00,0x00,0x00,0x00}, // 879
    {0x01,0x00,0x11,0x00,0x11,0x00,0x1F,0xF8,0x21,0x00,0x21,0x00,0x41,0x00,0x01,0x00,0x7F,0xFC,0x01,0x00,0x01,0x00,0x01,0x00,0x01,0x00,0x01,0x00,0x00,0x00,0x00,0x00}, // 880
    {0x1F,0xF0,0x01,0x00,0x7F,0xFC,0x41,0x04,0x1D,0x70,0x00,0x00,0x09,0x20,0x3F,0xF8,0x20,0x08,0x3F,0xF8,0x20,0x08,0x3F,0xF8,0x20,0x08,0x20,0x38,0x00,0x00,0x00,0x00}, // 881
    {0x01,0x00,0x7F,0xFC,0x08,0x20,0x04,0x40,0x03,0x80,0x0C,0x60,0x70,0x1C,0x0F,0xE0,0x02,0x00,0x3F,0xF8,0x24,0x48,0x24,0x48,0x24,0x48,0x20,0x18,0x00,0x00,0x00,0x00}, // 882
    {0x08,0x20,0x04,0x40,0x3F,0xF8,0x01,0x00,0x1F,0xF0,0x02,0x00,0x7F,0xFC,0x04,0x00,0x0F,0xF0,0x11,0x10,0x67,0xF0,0x02,0x10,0x02,0x10,0x3F,0xFC,0x00,0x00,0x00,0x00}, // 883
    {0x10,0x40,0x10,0x20,0x13,0xFC,0x12,0x20,0x7A,0xF8,0x12,0x28,0x13,0xFC,0x12,0x28,0x12,0xF8,0x12,0x20,0x1A,0xF8,0x62,0x88,0x02,0x88,0x04,0xF8,0x00,0x00,0x00,0x00}, // 884
    {0x00,0x40,0x10,0x40,0x10,0x40,0x10,0x40,0x1F,0xF8,0x10,0x00,0x10,0x00,0x10,0x00,0x1F,0xE0,0x10,0x20,0x10,0x20,0x10,0x20,0x20,0x20,0x40,0x20,0x00,0x00,0x00,0x00}, // 885
    {0x04,0x40,0x7F,0xFC,0x04,0x40,0x01,0x10,0x1F,0xE0,0x01,0x40,0x7F,0xFC,0x01,0x00,0x0F,0xF0,0x18,0x10,0x6F,0xF0,0x08,0x10,0x0F,0xF0,0x08,0x10,0x00,0x00,0x00,0x00}, // 886
    {0x04,0x00,0x7F,0xBC,0x00,0x24,0x3F,0x24,0x21,0x24,0x3F,0x28,0x00,0x28,0x3F,0x24,0x02,0x24,0x07,0xA4,0x7C,0x24,0x04,0x38,0x04,0x20,0x1C,0x20,0x00,0x00,0x00,0x00}, // 887
    {0x08,0x00,0x09,0xFC,0x2E,0x20,0x28,0x40,0x28,0xF8,0x7E,0x88,0x00,0xA8,0x08,0xA8,0x2A,0xA8,0x4A,0xA8,0x04,0xA8,0x08,0x50,0x10,0x88,0x61,0x08,0x00,0x00,0x00,0x00}, // 888
    {0x08,0x80,0x08,0x40,0x08,0x00,0x13,0xF8,0x10,0x40,0x30,0x40,0x50,0x40,0x10,0x40,0x13,0xF8,0x10,0x40,0x10,0x40,0x10,0x40,0x10,0x40,0x17,0xFC,0x00,0x00,0x00,0x00}, // 889
    {0x00,0x00,0x1F,0xF0,0x11,0x10,0x1F,0xF0,0x11,0x10,0x1F,0xF0,0x00,0x00,0x7F,0xFC,0x12,0x00,0x11,0x10,0x10,0xA0,0x14,0x40,0x18,0x30,0x10,0x0C,0x00,0x00,0x00,0x00}, // 890
    {0x10,0x40,0x10,0x80,0x13,0xF8,0x1A,0x48,0x56,0x48,0x53,0xF8,0x52,0x48,0x12,0x88,0x13,0xF8,0x10,0xD0,0x11,0x68,0x11,0x7C,0x12,0x44,0x14,0x3C,0x00,0x00,0x00,0x00}, // 891
    {0x00,0x80,0x20,0x80,0x20,0x80,0x20,0x88,0x20,0x90,0x3E,0xA0,0x20,0xC0,0x20,0x80,0x20,0x80,0x20,0x80,0x24,0x80,0x28,0x84,0x30,0x84,0x20,0x7C,0x00,0x00,0x00,0x00}, // 892
    {0x00,0x50,0x20,0x48,0x10,0x40,0x08,0x78,0x03,0xC0,0x40,0x40,0x20,0x7C,0x03,0xC0,0x08,0x48,0x08,0x50,0x10,0x24,0x10,0xD4,0x27,0x0C,0x20,0x04,0x00,0x00,0x00,0x00}, // 893
    {0x02,0x00,0x01,0x00,0x7F,0xFC,0x48,0x24,0x10,0x10,0x08,0xF8,0x3C,0x88,0x08,0xA8,0x08,0xA8,0x7E,0xA8,0x08,0xA8,0x14,0x30,0x12,0x54,0x21,0x8C,0x00,0x00,0x00,0x00}, // 894
    {0x00,0xF0,0x1F,0x00,0x01,0x00,0x7F,0xFC,0x05,0x40,0x19,0x30,0x60,0x0C,0x1F,0xE0,0x04,0x20,0x04,0x78,0x04,0x08,0x08,0x08,0x10,0x08,0x60,0x70,0x00,0x00,0x00,0x00}, // 895
    {0x04,0x00,0x04,0x00,0x07,0xE0,0x08,0x20,0x14,0x40,0x22,0x80,0x01,0x00,0x06,0xC0,0x18,0x30,0x63,0x0C,0x00,0xC0,0x0E,0x00,0x01,0x80,0x00,0x40,0x00,0x00,0x00,0x00}, // 896
    {0x00,0x00,0x7B,0xF8,0x48,0x00,0x48,0x00,0x50,0x00,0x57,0xFC,0x48,0x40,0x49,0x50,0x49,0x48,0x4A,0x48,0x72,0x44,0x44,0x44,0x40,0x40,0x41,0xC0,0x00,0x00,0x00,0x00}, // 897
    {0x08,0x40,0x08,0x40,0x0B,0xF8,0x10,0x40,0x10,0x40,0x37,0xFC,0x50,0x10,0x10,0x10,0x17,0xFC,0x10,0x10,0x12,0x10,0x11,0x10,0x10,0x10,0x10,0x70,0x00,0x00,0x00,0x00}, // 898
    {0x01,0x10,0x21,0x10,0x17,0xFC,0x01,0x10,0x03,0xF8,0x42,0x08,0x23,0xF8,0x0A,0x08,0x0B,0xF8,0x10,0x40,0x17,0xFC,0x20,0xA0,0x21,0x10,0x06,0x0C,0x00,0x00,0x00,0x00}, // 899
    {0x00,0x70,0x1F,0x80,0x10,0x00,0x10,0x00,0x1F,0xF8,0x10,0x40,0x10,0x40,0x10,0x40,0x7F,0xFC,0x01,0x00,0x21,0x08,0x21,0x08,0x21,0x08,0x3F,0xF8,0x00,0x00,0x00,0x00}, // 900
    {0x00,0x40,0x00,0x20,0x7D,0xFC,0x10,0x00,0x10,0xF8,0x10,0x88,0x7C,0x88,0x10,0x88,0x10,0xF8,0x10,0x20,0x1D,0x28,0x71,0x24,0x02,0x24,0x00,0xE0,0x00,0x00,0x00,0x00}, // 901
    {0x02,0x00,0x01,0x00,0x7F,0xFC,0x40,0x04,0x10,0x00,0x1E,0xF8,0x12,0x88,0x22,0x88,0x32,0x88,0x4C,0xB0,0x04,0x80,0x08,0x84,0x10,0x84,0x60,0x7C,0x00,0x00,0x00,0x00}, // 902
    {0x20,0x40,0x10,0x40,0x17,0xFC,0x00,0x40,0x00,0x40,0x73,0xF8,0x10,0x40,0x10,0x40,0x17,0xFC,0x10,0x44,0x10,0x44,0x10,0x58,0x28,0x40,0x47,0xFC,0x00,0x00,0x00,0x00}, // 903
    {0x04,0x00,0x0F,0xF0,0x18,0x20,0x24,0x40,0x03,0x80,0x0C,0x60,0x70,0x1C,0x1F,0xF0,0x11,0x10,0x11,0x10,0x1F,0xF0,0x11,0x10,0x11,0x10,0x1F,0xF0,0x00,0x00,0x00,0x00}, // 904
    {0x00,0x00,0x1C,0x00,0x10,0x00,0x10,0x00,0x10,0x00,0x10,0x00,0x10,0x00,0x10,0x00,0x10,0x00,0x10,0x00,0x10,0x00,0x10,0x00,0x10,0x00,0x1C,0x00,0x00,0x00,0x00,0x00}, // 905
    {0x00,0x00,0x78,0x00,0x08,0x00,0x08,0x00,0x08,0x00,0x08,0x00,0x08,0x00,0x08,0x00,0x08,0x00,0x08,0x00,0x08,0x00,0x08,0x00,0x08,0x00,0x78,0x00,0x00,0x00,0x00,0x00}, // 906
    {0x10,0x00,0x11,0xFC,0x10,0x04,0x7C,0x04,0x24,0x04,0x24,0x04,0x24,0xFC,0x44,0x04,0x24,0x04,0x18,0x04,0x08,0x04,0x14,0x04,0x25,0xFC,0x40,0x04,0x00,0x00,0x00,0x00}, // 907
    {0x00,0x00,0x7D,0xF0,0x11,0x10,0x11,0x90,0x11,0x50,0x11,0x10,0x1D,0x14,0x72,0x14,0x04,0x0C,0x01,0x00,0x08,0x88,0x28,0x84,0x28,0x24,0x47,0xE0,0x00,0x00,0x00,0x00}, // 908
    {0x03,0xFC,0x7A,0x04,0x4A,0x04,0x4B,0xFC,0x7A,0x20,0x4A,0x20,0x4A,0x20,0x7B,0xFC,0x4A,0x20,0x4A,0x20,0x7A,0x14,0x4A,0x14,0x03,0x0C,0x02,0x04,0x00,0x00,0x00,0x00}, // 909
    {0x10,0x20,0x10,0x20,0x10,0x40,0x7D,0xFC,0x11,0x04,0x11,0x04,0x39,0x04,0x35,0xFC,0x51,0x04,0x11,0x04,0x11,0x04,0x11,0x04,0x11,0xFC,0x11,0x04,0x00,0x00,0x00,0x00}, // 910
    {0x00,0x20,0x0C,0x20,0x70,0x20,0x11,0xFC,0x11,0x24,0x7D,0x24,0x11,0x24,0x19,0x24,0x35,0xFC,0x31,0x24,0x50,0x20,0x10,0x20,0x10,0x20,0x10,0x20,0x00,0x00,0x00,0x00}, // 911
    {0x10,0x00,0x11,0xF8,0x11,0x08,0x7D,0x08,0x11,0xF8,0x11,0x08,0x39,0x08,0x35,0xF8,0x51,0x24,0x11,0x28,0x11,0x10,0x11,0x50,0x11,0x88,0x11,0x04,0x00,0x00,0x00,0x00}, // 912
    {0x01,0x00,0x01,0x00,0x3F,0xF8,0x21,0x08,0x21,0x08,0x21,0x08,0x21,0x08,0x3F,0xF8,0x01,0x00,0x11,0x00,0x0A,0x00,0x06,0x00,0x19,0xC0,0x60,0x3C,0x00,0x00,0x00,0x00}, // 913
    {0x02,0x00,0x01,0x00,0x7F,0xFC,0x42,0x04,0x02,0x40,0x02,0x20,0x7F,0xFC,0x04,0x80,0x08,0x88,0x08,0x90,0x10,0xA0,0x10,0xC4,0x21,0x84,0x46,0x7C,0x00,0x00,0x00,0x00}, // 914
    {0x08,0x20,0x04,0x40,0x3F,0xF0,0x01,0x10,0x01,0x10,0x3F,0xF0,0x21,0x00,0x21,0x00,0x3F,0xF8,0x03,0x08,0x05,0x08,0x19,0x08,0x61,0x30,0x01,0x00,0x00,0x00,0x00,0x00}, // 915
    {0x00,0x40,0x00,0x20,0x79,0xFC,0x49,0x00,0x49,0x00,0x49,0x00,0x79,0x00,0x49,0x00,0x49,0x00,0x49,0x00,0x79,0x00,0x4A,0x00,0x02,0x00,0x04,0x00,0x00,0x00,0x00,0x00}, // 916
    {0x08,0x80,0x08,0x40,0x08,0x48,0x12,0x08,0x12,0x08,0x31,0x10,0x51,0x10,0x10,0xA0,0x10,0xA0,0x10,0x40,0x10,0xA0,0x11,0x10,0x12,0x08,0x14,0x04,0x00,0x00,0x00,0x00}, // 917
    {0x00,0x40,0x20,0x40,0x10,0x40,0x03,0xF8,0x40,0x40,0x20,0x40,0x00,0x40,0x17,0xFC,0x10,0x80,0x20,0x80,0x21,0x10,0x42,0x08,0x47,0xFC,0x00,0x04,0x00,0x00,0x00,0x00}, // 918
    {0x00,0x0C,0x03,0xF0,0x79,0x44,0x48,0xA8,0x49,0xF8,0x48,0x40,0x7B,0xFC,0x48,0x80,0x48,0xF8,0x49,0x88,0x79,0x50,0x4A,0x20,0x00,0x50,0x01,0x8C,0x00,0x00,0x00,0x00}, // 919
    {0x10,0x80,0x1C,0x80,0x24,0xFC,0x49,0x00,0x3E,0xF8,0x2A,0x10,0x2A,0x20,0x3E,0xFC,0x2A,0x54,0x2A,0x94,0x3F,0x24,0x2A,0x44,0x2A,0x84,0x47,0x18,0x00,0x00,0x00,0x00}, // 920
    {0x02,0x00,0x01,0x00,0x7F,0xFC,0x04,0x40,0x14,0x50,0x14,0x48,0x24,0x44,0x44,0x44,0x02,0x00,0x01,0x00,0x29,0x08,0x28,0x04,0x48,0x24,0x07,0xE0,0x00,0x00,0x00,0x00}, // 921
    {0x02,0x00,0x01,0x00,0x1F,0xF8,0x10,0x08,0x10,0x08,0x1F,0xF8,0x10,0x00,0x10,0x00,0x17,0xF8,0x14,0x08,0x24,0x08,0x24,0x08,0x47,0xF8,0x04,0x08,0x00,0x00,0x00,0x00}, // 922
    {0x01,0x00,0x7F,0xFC,0x40,0x04,0x02,0x20,0x29,0x48,0x28,0x84,0x49,0x14,0x07,0xF0,0x18,0x00,0x61,0x00,0x11,0x10,0x11,0x10,0x1F,0xF0,0x00,0x10,0x00,0x00,0x00,0x00}, // 923
    {0x00,0x00,0x1F,0xFC,0x10,0x00,0x10,0x90,0x10,0x88,0x10,0x80,0x1F,0xFC,0x10,0x80,0x11,0x40,0x11,0x40,0x12,0x20,0x24,0x10,0x28,0x08,0x50,0x04,0x00,0x00,0x00,0x00}, // 924
    {0x02,0x00,0x01,0x00,0x7F,0xFC,0x40,0x04,0x40,0x04,0x0F,0xE0,0x00,0x00,0x00,0x00,0x3F,0xF8,0x01,0x00,0x09,0x20,0x11,0x10,0x21,0x08,0x07,0x00,0x00,0x00,0x00,0x00}, // 925
    {0x00,0x40,0x78,0x40,0x48,0xA0,0x49,0x10,0x52,0x08,0x55,0xF4,0x48,0x00,0x48,0x88,0x48,0x48,0x4A,0x48,0x71,0x10,0x41,0x10,0x40,0x20,0x47,0xFC,0x00,0x00,0x00,0x00}, // 926
    {0x00,0x00,0x27,0xFC,0x14,0x44,0x07,0xFC,0x44,0x44,0x27,0xFC,0x00,0x00,0x13,0xF8,0x12,0x08,0x23,0xF8,0x22,0x08,0x43,0xF8,0x42,0x08,0x02,0x38,0x00,0x00,0x00,0x00}, // 927
    {0x10,0x00,0x0B,0xFC,0x00,0x04,0x21,0x04,0x2F,0xE4,0x21,0x04,0x3F,0xF4,0x20,0x04,0x21,0x04,0x2F,0xE4,0x21,0x04,0x21,0x04,0x3F,0xF4,0x20,0x0C,0x00,0x00,0x00,0x00}, // 928
    {0x08,0x40,0x0A,0x48,0x09,0x48,0x11,0x50,0x10,0x40,0x33,0xF8,0x50,0x40,0x10,0x40,0x10,0x40,0x17,0xFC,0x10,0x40,0x10,0x40,0x10,0x40,0x10,0x40,0x00,0x00,0x00,0x00}, // 929
    {0x00,0x00,0x27,0xFC,0x14,0x04,0x07,0xFC,0x44,0x00,0x27,0xFC,0x04,0x20,0x15,0xFC,0x15,0x24,0x25,0xAC,0x25,0x24,0x45,0xAC,0x45,0x24,0x09,0x0C,0x00,0x00,0x00,0x00}, // 930
    {0x10,0x00,0x10,0x38,0x11,0xC0,0x7C,0x40,0x10,0x40,0x10,0x40,0x10,0x7C,0x1B,0xC0,0x70,0x40,0x10,0x40,0x10,0x40,0x10,0x44,0x10,0x44,0x70,0x3C,0x00,0x00,0x00,0x00}, // 931
    {0x21,0x10,0x10,0xA0,0x03,0xF8,0x7A,0x48,0x0A,0x48,0x13,0xF8,0x12,0x48,0x3A,0x48,0x57,0xF8,0x10,0x40,0x10,0x40,0x17,0xFC,0x10,0x40,0x10,0x40,0x00,0x00,0x00,0x00}, // 932
    {0x08,0x00,0x0B,0xF8,0x08,0x88,0x10,0x88,0x17,0xFC,0x30,0x88,0x50,0x88,0x13,0xF8,0x10,0x88,0x10,0x80,0x11,0x00,0x11,0x00,0x12,0x00,0x14,0x00,0x00,0x00,0x00,0x00}, // 933
    {0x00,0x00,0x7F,0xFC,0x01,0x00,0x02,0x00,0x3F,0xF8,0x24,0x48,0x24,0x48,0x24,0x48,0x24,0x48,0x24,0x48,0x24,0x48,0x24,0x48,0x24,0x48,0x20,0x18,0x00,0x00,0x00,0x00}, // 934
    {0x01,0x00,0x11,0x08,0x11,0x10,0x22,0xC0,0x04,0x20,0x18,0x10,0x60,0x08,0x01,0x00,0x11,0x08,0x11,0x10,0x22,0xA0,0x04,0x40,0x18,0x30,0x60,0x0C,0x00,0x00,0x00,0x00}, // 935
    {0x10,0x20,0x10,0x20,0x10,0x20,0x7D,0xFC,0x10,0x20,0x10,0x20,0x38,0x20,0x35,0xFC,0x51,0x04,0x11,0x04,0x11,0x04,0x11,0x04,0x11,0xFC,0x11,0x04,0x00,0x00,0x00,0x00}, // 936
    {0x01,0x00,0x00,0x80,0x3F,0xFC,0x20,0x80,0x20,0x40,0x27,0xFC,0x24,0x04,0x24,0x04,0x27,0xFC,0x24,0x04,0x24,0x00,0x24,0x00,0x24,0x00,0x48,0x00,0x00,0x00,0x00,0x00}, // 937
    {0x02,0x00,0x01,0x00,0x7F,0xFC,0x40,0x04,0x00,0xF0,0x1F,0x00,0x02,0x00,0x02,0x00,0x03,0xFC,0x7E,0x00,0x02,0x00,0x02,0x04,0x02,0x04,0x01,0xFC,0x00,0x00,0x00,0x00}, // 938
    {0x01,0x00,0x01,0x00,0x3F,0xF8,0x01,0x00,0x01,0x00,0x01,0x00,0x1F,0xF0,0x01,0x00,0x01,0x00,0x01,0x00,0x7F,0xFC,0x01,0x00,0x01,0x00,0x01,0x00,0x00,0x00,0x00,0x00}, // 939
    {0x01,0x00,0x09,0x10,0x09,0x28,0x11,0xC4,0x23,0x00,0x04,0x80,0x1F,0xFC,0x68,0x40,0x0F,0xF8,0x08,0x40,0x0F,0xF8,0x08,0x40,0x0F,0xFC,0x08,0x00,0x00,0x00,0x00,0x00}, // 940
    {0x00,0x38,0x23,0xC0,0x10,0x40,0x10,0x40,0x07,0xFC,0x00,0x40,0x70,0x40,0x13,0xF8,0x12,0x08,0x12,0x08,0x13,0xF8,0x10,0x00,0x28,0x00,0x47,0xFC,0x00,0x00,0x00,0x00}, // 941
    {0x02,0x00,0x02,0x00,0x3F,0xC0,0x04,0x40,0x08,0x48,0x10,0x38,0x61,0x00,0x01,0x00,0x7F,0xFC,0x01,0x00,0x09,0x20,0x11,0x10,0x21,0x08,0x07,0x00,0x00,0x00,0x00,0x00}, // 942
    {0x10,0x30,0x11,0xC0,0x20,0x40,0x4B,0xF8,0x78,0xE0,0x11,0x50,0x22,0x4C,0x40,0x00,0x7B,0xF0,0x00,0x90,0x00,0xB8,0x19,0x08,0x61,0x08,0x02,0x30,0x00,0x00,0x00,0x00}, // 943
    {0x10,0x40,0x1E,0x7C,0x28,0x90,0x45,0x08,0x1F,0xF0,0x01,0x10,0x7F,0xFC,0x01,0x10,0x1F,0xF0,0x01,0x00,0x21,0x08,0x25,0x48,0x29,0x28,0x41,0x08,0x00,0x00,0x00,0x00}, // 944
    {0x10,0x00,0x13,0xFC,0x12,0x44,0x7A,0x44,0x12,0x44,0x13,0xFC,0x12,0x44,0x1A,0x44,0x73,0xFC,0x12,0x44,0x12,0x44,0x12,0x44,0x12,0x44,0x74,0x1C,0x00,0x00,0x00,0x00}, // 945
    {0x04,0x00,0x0F,0xF0,0x18,0x20,0x24,0x40,0x03,0x80,0x0C,0x60,0x70,0x1C,0x00,0x00,0x1F,0xF0,0x10,0x10,0x10,0x10,0x10,0x10,0x1F,0xF0,0x10,0x10,0x00,0x00,0x00,0x00}, // 946
    {0x1F,0xF0,0x01,0x00,0x7F,0xFC,0x41,0x04,0x5D,0x74,0x01,0x00,0x1D,0x70,0x00,0x00,0x3F,0xF8,0x21,0x08,0x3F,0xF8,0x21,0x08,0x3F,0xF8,0x20,0x08,0x00,0x00,0x00,0x00}, // 947
    {0x02,0x00,0x01,0x00,0x7F,0xFC,0x40,0x04,0x1F,0xF0,0x10,0x00,0x17,0xE0,0x10,0x00,0x1F,0xF8,0x15,0x10,0x14,0xA0,0x24,0x40,0x25,0x30,0x46,0x0C,0x00,0x00,0x00,0x00}, // 948
    {0x1F,0xF8,0x10,0x08,0x10,0x08,0x1F,0xF8,0x10,0x40,0x20,0x30,0x20,0x0C,0x5F,0xF0,0x10,0x10,0x1F,0xF0,0x10,0x10,0x1F,0xF0,0x00,0x00,0x7F,0xFC,0x00,0x00,0x00,0x00}, // 949
    {0x00,0x40,0x00,0x20,0x78,0x00,0x4B,0xC0,0x48,0x48,0x48,0x50,0x4B,0x60,0x49,0x60,0x49,0x50,0x7A,0x50,0x4A,0x48,0x04,0x44,0x00,0x40,0x01,0xC0,0x00,0x00,0x00,0x00}, // 950
    {0x00,0x00,0x3F,0xFC,0x20,0x04,0x21,0x14,0x29,0x94,0x25,0x54,0x22,0x24,0x22,0x24,0x25,0x54,0x25,0x54,0x28,0x84,0x31,0x04,0x20,0x04,0x20,0x1C,0x00,0x00,0x00,0x00}, // 951
    {0x11,0x10,0x22,0x20,0x11,0x10,0x00,0x00,0x3F,0xF8,0x21,0x08,0x3F,0xF8,0x21,0x08,0x3F,0xF8,0x01,0x00,0x7F,0xFC,0x05,0x40,0x19,0x30,0x61,0x0C,0x00,0x00,0x00,0x00}, // 952
    {0x10,0x40,0x08,0x50,0x7F,0x48,0x00,0x40,0x3E,0xFC,0x22,0x50,0x22,0x50,0x3E,0x50,0x08,0x50,0x2C,0x50,0x2A,0x50,0x4A,0x54,0x08,0x94,0x39,0x0C,0x00,0x00,0x00,0x00}, // 953
    {0x02,0x10,0x11,0x10,0x11,0x10,0x08,0x20,0x08,0x20,0x04,0x40,0x04,0x40,0x02,0x80,0x01,0x00,0x02,0x80,0x04,0x40,0x08,0x20,0x10,0x10,0x60,0x0C,0x00,0x00,0x00,0x00}, // 954
    {0x20,0x00,0x11,0xF8,0x01,0x08,0x79,0x08,0x09,0x08,0x11,0xF8,0x11,0x08,0x39,0x08,0x55,0x08,0x11,0xF8,0x11,0x08,0x11,0x08,0x11,0x08,0x13,0xFC,0x00,0x00,0x00,0x00}, // 955
    {0x08,0x20,0x7F,0xFC,0x08,0x20,0x21,0xF0,0x11,0x10,0x09,0xF0,0x40,0x00,0x23,0xB8,0x02,0xA8,0x0B,0xB8,0x10,0x40,0x17,0xFC,0x21,0x50,0x26,0x4C,0x00,0x00,0x00,0x00}, // 956
    {0x01,0x00,0x01,0x00,0x7F,0xFC,0x05,0x40,0x09,0x20,0x11,0x10,0x60,0x0C,0x1F,0xF0,0x10,0x10,0x10,0x10,0x1F,0xF0,0x10,0x10,0x10,0x10,0x1F,0xF0,0x00,0x00,0x00,0x00}, // 957
    {0x08,0x20,0x04,0x40,0x3F,0xF8,0x01,0x00,0x1F,0xF8,0x01,0x00,0x7F,0xFC,0x00,0x00,0x21,0x00,0x13,0xF8,0x04,0x48,0x10,0xA0,0x21,0x10,0x46,0x0C,0x00,0x00,0x00,0x00}, // 958
    {0x01,0x00,0x01,0x00,0x7F,0xFC,0x01,0x00,0x3F,0xF0,0x01,0x10,0x3F,0xF0,0x21,0x00,0x3F,0xF8,0x01,0x08,0x02,0xB0,0x04,0x40,0x18,0x30,0x60,0x0C,0x00,0x00,0x00,0x00}, // 959
    {0x08,0x04,0x0F,0xC4,0x14,0x44,0x15,0x54,0x35,0x54,0x55,0x54,0x15,0x54,0x15,0x54,0x15,0x54,0x15,0x54,0x11,0x04,0x12,0x84,0x12,0x44,0x14,0x1C,0x00,0x00,0x00,0x00}, // 960
    {0x10,0x10,0x10,0x10,0x10,0x10,0x7F,0xFC,0x10,0x10,0x10,0x10,0x10,0x10,0x1F,0xF0,0x10,0x10,0x10,0x10,0x10,0x10,0x10,0x10,0x1F,0xF0,0x10,0x10,0x00,0x00,0x00,0x00}, // 961
    {0x10,0x40,0x1E,0x7C,0x28,0x90,0x45,0x08,0x08,0x10,0x08,0x10,0x13,0xFC,0x10,0x10,0x31,0x10,0x50,0x90,0x10,0x10,0x10,0x10,0x10,0x10,0x10,0x70,0x00,0x00,0x00,0x00}, // 962
    {0x1F,0xF0,0x01,0x00,0x7F,0xFC,0x41,0x04,0x5D,0x74,0x01,0x00,0x1C,0x70,0x01,0x00,0x7F,0xFC,0x08,0x20,0x07,0xC0,0x78,0x3C,0x08,0x20,0x10,0x20,0x00,0x00,0x00,0x00}, // 963
    {0x08,0x10,0x08,0x10,0x08,0x10,0x7E,0xFC,0x08,0x10,0x18,0x10,0x1C,0x90,0x2A,0x90,0x2A,0x50,0x48,0x50,0x08,0x20,0x08,0x50,0x08,0x88,0x09,0x04,0x00,0x00,0x00,0x00}, // 964
    {0x10,0x00,0x11,0xF8,0x10,0x00,0x10,0x00,0x7C,0x00,0x13,0xFC,0x10,0x40,0x10,0x40,0x10,0x40,0x10,0x80,0x1C,0x88,0x71,0x04,0x03,0xFC,0x00,0x04,0x00,0x00,0x00,0x00}, // 965
    {0x04,0x40,0x04,0x20,0x04,0x20,0x04,0xFC,0x7F,0x00,0x04,0x08,0x04,0x10,0x02,0x20,0x02,0x40,0x01,0x80,0x06,0x84,0x18,0x44,0x60,0x34,0x00,0x0C,0x00,0x00,0x00,0x00}, // 966
    {0x10,0x80,0x08,0x80,0x00,0xFC,0x7D,0x00,0x22,0x00,0x20,0xF8,0x3C,0x28,0x24,0xA0,0x24,0xA0,0x24,0xB8,0x24,0xA0,0x24,0xA0,0x25,0x60,0x4E,0x3C,0x00,0x00,0x00,0x00}, // 967
    {0x02,0x00,0x01,0x00,0x7F,0xFC,0x40,0x04,0x04,0x40,0x02,0x40,0x10,0x40,0x08,0x40,0x00,0x80,0x7F,0xFC,0x01,0x40,0x02,0x20,0x0C,0x10,0x30,0x08,0x00,0x00,0x00,0x00}, // 968
    {0x04,0x40,0x7F,0xFC,0x04,0x40,0x00,0x00,0x3F,0xF8,0x24,0x48,0x3F,0xF8,0x02,0x00,0x07,0xF0,0x0C,0x20,0x32,0x40,0x01,0x80,0x06,0x00,0x78,0x00,0x00,0x00,0x00,0x00}, // 969
    {0x10,0x50,0x10,0x48,0x1C,0x40,0x20,0x78,0x41,0xC0,0x3C,0x40,0x10,0x5C,0x11,0xE0,0x7C,0x48,0x10,0x50,0x10,0x24,0x14,0x54,0x19,0x8C,0x10,0x04,0x00,0x00,0x00,0x00}, // 970
    {0x01,0x00,0x01,0x00,0x01,0x00,0x3F,0xFC,0x02,0x00,0x02,0x00,0x04,0x00,0x07,0xF0,0x0A,0x10,0x12,0x20,0x21,0x40,0x40,0x80,0x03,0x60,0x1C,0x1C,0x00,0x00,0x00,0x00}, // 971
    {0x09,0x00,0x31,0x38,0x27,0xC8,0x22,0x08,0x3D,0x38,0x27,0xC8,0x21,0x08,0x39,0x38,0x27,0xC8,0x21,0x08,0x7F,0xFC,0x10,0x10,0x20,0x08,0x40,0x04,0x00,0x00,0x00,0x00}, // 972
    {0x01,0x00,0x01,0x00,0x3F,0xF8,0x04,0x40,0x08,0x20,0x7F,0xFC,0x00,0x10,0x1F,0x90,0x10,0x90,0x10,0x90,0x10,0x90,0x1F,0x90,0x10,0x10,0x00,0x70,0x00,0x00,0x00,0x00}, // 973
    {0x00,0x80,0x00,0x80,0x00,0x80,0x7F,0xFC,0x00,0x80,0x10,0x80,0x10,0x80,0x08,0x80,0x09,0x00,0x05,0x00,0x02,0x00,0x05,0x80,0x18,0x60,0x60,0x1C,0x00,0x00,0x00,0x00}, // 974
    {0x00,0x80,0x0D,0xF8,0x71,0x08,0x11,0xF8,0x11,0x08,0x7D,0xF8,0x11,0x48,0x1A,0x64,0x34,0x40,0x31,0x90,0x50,0x60,0x11,0x88,0x10,0x30,0x13,0xC0,0x00,0x00,0x00,0x00}, // 975
    {0x10,0x38,0x11,0xC0,0x10,0x40,0x78,0x40,0x2B,0xFC,0x28,0x90,0x29,0x08,0x2A,0x04,0x48,0x90,0x28,0x90,0x10,0x90,0x28,0x90,0x29,0x10,0x42,0x10,0x00,0x00,0x00,0x00}, // 976
    {0x20,0x00,0x21,0xF8,0x3C,0x00,0x50,0x00,0x11,0xF8,0x11,0x08,0x11,0x08,0x7D,0x08,0x11,0xF8,0x10,0x00,0x29,0x08,0x24,0x90,0x24,0x00,0x43,0xFC,0x00,0x00,0x00,0x00}, // 977
    {0x04,0x40,0x3C,0x78,0x04,0x40,0x1C,0x70,0x04,0x40,0x3C,0x78,0x06,0x40,0x01,0x00,0x7F,0xFC,0x05,0x10,0x0C,0xA0,0x14,0x40,0x65,0x30,0x06,0x0C,0x00,0x00,0x00,0x00}, // 978
    {0x00,0x40,0x22,0x40,0x13,0xF8,0x04,0x40,0x00,0x40,0x47,0xFC,0x20,0x00,0x08,0x00,0x0B,0xF8,0x12,0x08,0x12,0x08,0x22,0x08,0x23,0xF8,0x02,0x08,0x00,0x00,0x00,0x00}, // 979
    {0x00,0x40,0x20,0x80,0x17,0xF8,0x14,0x08,0x04,0x08,0x07,0xF8,0x74,0x00,0x14,0x00,0x17,0xFC,0x14,0x04,0x14,0x04,0x17,0xFC,0x28,0x00,0x47,0xFC,0x00,0x00,0x00,0x00}, // 980
    {0x00,0x50,0x00,0x48,0x00,0x40,0x3F,0xFC,0x20,0x40,0x2F,0x48,0x20,0x48,0x2F,0x48,0x29,0x50,0x29,0x50,0x2F,0x24,0x20,0x54,0x20,0x8C,0x41,0x04,0x00,0x00,0x00,0x00}, // 981
    {0x10,0x00,0x13,0xFC,0x12,0x04,0x7A,0x04,0x12,0xF4,0x12,0x04,0x3A,0xF4,0x36,0x94,0x52,0x94,0x12,0x94,0x12,0xF4,0x12,0x04,0x12,0x04,0x12,0x1C,0x00,0x00,0x00,0x00}, // 982
    {0x00,0x00,0x7F,0xF8,0x04,0x08,0x04,0x08,0x04,0x08,0x04,0x08,0x04,0x08,0x04,0x08,0x04,0x08,0x08,0x08,0x08,0x08,0x10,0x08,0x20,0x10,0x40,0x60,0x00,0x00,0x00,0x00}, // 983
    {0x22,0x20,0x7F,0x20,0x22,0x20,0x3E,0x7C,0x08,0x24,0x7F,0x24,0x49,0x24,0x7F,0x24,0x08,0x24,0x7F,0x24,0x08,0x24,0x7F,0x44,0x08,0x44,0x7F,0x98,0x00,0x00,0x00,0x00}, // 984
    {0x01,0x00,0x11,0x10,0x09,0x20,0x7F,0xFC,0x40,0x04,0x40,0x04,0x0F,0xE0,0x00,0x00,0x00,0x00,0x3F,0xF8,0x04,0x00,0x08,0x20,0x1F,0xF0,0x00,0x10,0x00,0x00,0x00,0x00}, // 985
    {0x20,0x20,0x10,0x20,0x01,0xFC,0x79,0x24,0x09,0x28,0x11,0x20,0x15,0xF8,0x39,0x48,0x55,0x48,0x11,0x48,0x11,0x50,0x11,0x20,0x12,0x50,0x14,0x8C,0x00,0x00,0x00,0x00}, // 986
    {0x00,0x80,0x00,0x80,0x00,0x80,0x08,0x80,0x08,0x80,0x08,0xF8,0x08,0x80,0x08,0x80,0x08,0x80,0x08,0x80,0x08,0x80,0x08,0x80,0x08,0x80,0x7F,0xFC,0x00,0x00,0x00,0x00}, // 987
    {0x00,0x20,0x7E,0x40,0x40,0xF8,0x40,0x88,0x64,0xA8,0x54,0x88,0x54,0xB0,0x48,0x80,0x48,0xFC,0x54,0x04,0x55,0xF4,0x64,0x04,0x40,0x04,0x7E,0x18,0x00,0x00,0x00,0x00}, // 988
    {0x10,0x00,0x13,0xFC,0x12,0x00,0x7E,0x00,0x12,0xF8,0x12,0x00,0x16,0x00,0x1B,0xFC,0x72,0xA0,0x12,0xA4,0x12,0x98,0x12,0x90,0x12,0xC8,0x74,0x84,0x00,0x00,0x00,0x00}, // 989
    {0x04,0x00,0x04,0x00,0x03,0xF8,0x3E,0x20,0x01,0x40,0x00,0x88,0x07,0x68,0x38,0x18,0x00,0x00,0x7F,0xFC,0x04,0x40,0x04,0x40,0x08,0x44,0x70,0x3C,0x00,0x00,0x00,0x00}, // 990
    {0x04,0x40,0x3C,0x58,0x04,0x60,0x0C,0x44,0x74,0x3C,0x00,0x00,0x1F,0xF0,0x10,0x10,0x1F,0xF0,0x10,0x10,0x1F,0xF0,0x10,0x10,0x10,0x10,0x10,0x70,0x00,0x00,0x00,0x00}, // 991
    {0x20,0x00,0x11,0xF8,0x01,0x08,0x79,0x08,0x09,0x08,0x11,0x08,0x11,0xF8,0x39,0x00,0x55,0x00,0x11,0x00,0x11,0x00,0x11,0x04,0x11,0x04,0x10,0xFC,0x00,0x00,0x00,0x00}, // 992
    {0x10,0x20,0x10,0x20,0x11,0x20,0x19,0x20,0x55,0xFC,0x51,0x20,0x52,0x20,0x10,0x20,0x11,0xF8,0x10,0x20,0x10,0x20,0x10,0x20,0x10,0x20,0x13,0xFC,0x00,0x00,0x00,0x00}, // 993
    {0x00,0x00,0x3D,0xFC,0x24,0x50,0x25,0xFC,0x25,0x54,0x3D,0x54,0x25,0xFC,0x24,0x20,0x3D,0xFC,0x24,0x48,0x24,0xD0,0x24,0x30,0x24,0x48,0x4D,0x84,0x00,0x00,0x00,0x00}, // 994
    {0x11,0x10,0x13,0xFC,0x10,0xA0,0x7B,0xF8,0x12,0xA8,0x13,0x18,0x3A,0xE8,0x36,0x08,0x53,0xF8,0x10,0x10,0x13,0xFC,0x11,0x10,0x10,0x90,0x10,0x30,0x00,0x00,0x00,0x00}, // 995
    {0x02,0x00,0x01,0x00,0x7F,0xFC,0x08,0x20,0x10,0x10,0x3F,0xF8,0x08,0x28,0x08,0x20,0x7F,0xFC,0x08,0x20,0x08,0x20,0x10,0x20,0x20,0x20,0x40,0x20,0x00,0x00,0x00,0x00}, // 996
    {0x11,0x10,0x09,0x20,0x7F,0xFC,0x40,0x04,0x0F,0xE0,0x08,0x20,0x0F,0xE0,0x01,0x00,0x7F,0xFC,0x05,0x10,0x0C,0xA0,0x14,0x40,0x65,0x30,0x06,0x0C,0x00,0x00,0x00,0x00}, // 997
    {0x00,0x00,0x01,0xF8,0x79,0x08,0x49,0xF8,0x49,0x08,0x49,0xF8,0x48,0x00,0x4B,0xFC,0x4A,0x04,0x4B,0xFC,0x7A,0x04,0x4A,0x04,0x03,0xFC,0x02,0x04,0x00,0x00,0x00,0x00}, // 998
    {0x00,0x20,0x0D,0x24,0x70,0xA8,0x10,0x20,0x11,0xFC,0x7D,0x04,0x11,0x04,0x19,0xFC,0x35,0x04,0x31,0x04,0x51,0xFC,0x11,0x04,0x11,0x04,0x11,0x1C,0x00,0x00,0x00,0x00}, // 999
    {0x10,0x00,0x13,0xFC,0x10,0x40,0x10,0x40,0x79,0xF8,0x10,0x88,0x10,0x88,0x3B,0xFC,0x34,0x00,0x51,0xF8,0x11,0x08,0x11,0x08,0x11,0xF8,0x11,0x08,0x00,0x00,0x00,0x00}, // 1000
    {0x21,0x00,0x11,0xE0,0x12,0x20,0x04,0x40,0x0F,0xF8,0x74,0x48,0x14,0x88,0x17,0xF8,0x11,0x60,0x11,0x50,0x12,0x44,0x14,0x3C,0x28,0x00,0x47,0xFC,0x00,0x00,0x00,0x00}, // 1001
    {0x13,0xF8,0x10,0x10,0x10,0x60,0x10,0x80,0x7D,0x00,0x13,0xFC,0x10,0x94,0x11,0x14,0x11,0x24,0x12,0x24,0x1C,0x44,0x70,0x84,0x01,0x04,0x02,0x18,0x00,0x00,0x00,0x00}, // 1002
    {0x04,0x40,0x08,0x20,0x12,0x10,0x62,0x0C,0x04,0x40,0x0F,0xE0,0x00,0x00,0x3E,0xF8,0x02,0x08,0x22,0x88,0x16,0x58,0x0A,0x28,0x32,0xC8,0x06,0x18,0x00,0x00,0x00,0x00}, // 1003
    {0x10,0x40,0x10,0x40,0x1E,0x7C,0x28,0x90,0x44,0x08,0x10,0x00,0x7E,0xF8,0x12,0x88,0x12,0x88,0x12,0x88,0x12,0x88,0x22,0x88,0x22,0xF8,0x4C,0x88,0x00,0x00,0x00,0x00}, // 1004
    {0x08,0x20,0x04,0x40,0x3F,0xF8,0x01,0x00,0x1F,0xF0,0x02,0x00,0x7F,0xFC,0x04,0x00,0x08,0x00,0x17,0xF0,0x20,0x80,0x40,0x80,0x00,0x80,0x1F,0xFC,0x00,0x00,0x00,0x00}, // 1005
    {0x00,0x20,0x01,0x24,0x7D,0x24,0x11,0xFC,0x10,0x00,0x13,0xFC,0x7C,0x20,0x10,0x40,0x11,0xFC,0x11,0x54,0x1D,0x54,0x71,0x54,0x01,0x54,0x01,0x0C,0x00,0x00,0x00,0x00}, // 1006
    {0x04,0x00,0x0F,0xE0,0x10,0x40,0x20,0x80,0x5F,0xF8,0x11,0x08,0x11,0x08,0x1F,0xF8,0x11,0x08,0x11,0x08,0x1F,0xF8,0x21,0x08,0x21,0x08,0x40,0x38,0x00,0x00,0x00,0x00}, // 1007
    {0x02,0x00,0x04,0x40,0x08,0x20,0x1F,0xF0,0x00,0x10,0x08,0x00,0x0F,0xF0,0x11,0x00,0x01,0x00,0x7F,0xFC,0x02,0x80,0x04,0x40,0x18,0x30,0x60,0x0C,0x00,0x00,0x00,0x00}, // 1008
    {0x20,0x38,0x13,0xC0,0x10,0x40,0x00,0x40,0x00,0x40,0x77,0xFC,0x10,0x40,0x10,0x40,0x10,0x40,0x10,0x40,0x10,0x40,0x10,0x40,0x28,0x00,0x47,0xFC,0x00,0x00,0x00,0x00}, // 1009
    {0x10,0x00,0x1F,0xF8,0x18,0x08,0x2B,0xE8,0x28,0x88,0x68,0x88,0x2B,0xE8,0x2A,0xA8,0x2A,0xA8,0x2A,0xA8,0x2A,0xA8,0x2A,0xE8,0x28,0x8C,0x30,0x84,0x00,0x00,0x00,0x00}, // 1010
    {0x00,0x78,0x3F,0x80,0x12,0x10,0x09,0x20,0x7F,0xFC,0x40,0x04,0x40,0x04,0x1F,0xE0,0x08,0x20,0x04,0x40,0x02,0x80,0x01,0x00,0x06,0xC0,0x78,0x3C,0x00,0x00,0x00,0x00}, // 1011
    {0x10,0x00,0x13,0xFC,0x12,0x44,0x1A,0x44,0x56,0xF4,0x52,0x44,0x53,0xFC,0x12,0x04,0x12,0xF4,0x12,0x94,0x12,0x94,0x12,0xF4,0x12,0x04,0x14,0x1C,0x00,0x00,0x00,0x00}, // 1012
    {0x00,0x20,0x06,0x20,0x38,0x20,0x20,0x7C,0x20,0x44,0x3E,0x88,0x24,0x20,0x24,0x20,0x24,0x20,0x24,0x20,0x24,0x50,0x24,0x50,0x44,0x88,0x05,0x04,0x00,0x00,0x00,0x00}, // 1013
    {0x00,0xF0,0x3F,0x00,0x02,0x00,0x02,0x00,0x03,0xF0,0x3E,0x00,0x02,0x00,0x02,0x00,0x03,0xFC,0x7E,0x00,0x02,0x00,0x02,0x04,0x02,0x04,0x01,0xFC,0x00,0x00,0x00,0x00}, // 1014
    {0x08,0x40,0x0F,0xFC,0x08,0x00,0x13,0xF8,0x12,0x08,0x33,0xF8,0x50,0x00,0x17,0xFC,0x14,0x04,0x13,0xF8,0x10,0x20,0x10,0x20,0x10,0x20,0x10,0xE0,0x00,0x00,0x00,0x00}, // 1015
    {0x00,0x80,0x01,0xF8,0x7A,0x10,0x4B,0xFC,0x4A,0xA8,0x7B,0x74,0x4A,0x00,0x4A,0xF8,0x7A,0x00,0x4A,0xF8,0x4A,0x00,0x7A,0xF8,0x4A,0x88,0x04,0xF8,0x00,0x00,0x00,0x00}, // 1016
    {0x10,0x00,0x13,0xFC,0x10,0x84,0x7C,0x84,0x10,0x84,0x11,0x04,0x12,0x18,0x18,0x00,0x71,0xFC,0x11,0x04,0x11,0x04,0x11,0x04,0x11,0xFC,0x71,0x04,0x00,0x00,0x00,0x00}, // 1017
    {0x08,0x38,0x0B,0xC0,0x10,0x40,0x30,0x40,0x57,0xFC,0x10,0x40,0x10,0x40,0x13,0xF8,0x00,0x00,0x0F,0xC0,0x08,0x40,0x08,0x40,0x10,0x44,0x60,0x3C,0x00,0x00,0x00,0x00}, // 1018
    {0x00,0x40,0x00,0x40,0x7E,0x40,0x08,0x7C,0x08,0x88,0x09,0x48,0x28,0x48,0x2E,0x48,0x28,0x50,0x28,0x50,0x28,0x20,0x2E,0x50,0x70,0x88,0x01,0x04,0x00,0x00,0x00,0x00}, // 1019
    {0x00,0x00,0x3F,0xF8,0x21,0x08,0x21,0x08,0x21,0x08,0x3F,0xF8,0x21,0x08,0x21,0x08,0x21,0x08,0x3F,0xF8,0x21,0x08,0x01,0x00,0x01,0x00,0x01,0x00,0x00,0x00,0x00,0x00}, // 1020
    {0x00,0xF0,0x3F,0x00,0x02,0x00,0x04,0x20,0x08,0x40,0x1F,0x80,0x02,0x20,0x0C,0x10,0x3F,0xF8,0x01,0x08,0x09,0x20,0x11,0x10,0x21,0x08,0x07,0x00,0x00,0x00,0x00,0x00}, // 1021
    {0x00,0x40,0x00,0x40,0x7B,0xF8,0x08,0x48,0x17,0xFC,0x10,0x48,0x23,0xF8,0x38,0x40,0x0B,0xF8,0x28,0x40,0x17,0xFC,0x10,0x40,0x28,0x40,0x47,0xFC,0x00,0x00,0x00,0x00}, // 1022
    {0x00,0x80,0x00,0x80,0x7C,0x80,0x04,0xFC,0x05,0x08,0x06,0x88,0x3C,0x88,0x20,0x88,0x20,0x50,0x20,0x50,0x24,0x20,0x28,0x50,0x30,0x88,0x23,0x04,0x00,0x00,0x00,0x00}, // 1023
};
