// Auto-generated by tools/build_zh_font.py -- DO NOT EDIT.
// Source vocabulary: vocab.json (2048 tokens)
// Font: simhei.ttf @ 16px
#include "zh_font_16x16.h"

const uint8_t zh_font_16x16[ZH_FONT_COUNT][32] = {
    {0x00,0x00,0x00,0x00,0x00,0x00,0x00,0x00,0x00,0x00,0x00,0x00,0x00,0x00,0x00,0x00,0x00,0x00,0x00,0x00,0x00,0x00,0x00,0x00,0x00,0x00,0x00,0x00,0x00,0x00,0x00,0x00}, // 0 '<unk>'
    {0x00,0x00,0x00,0x00,0x00,0x00,0x00,0x00,0x00,0x00,0x00,0x00,0x00,0x00,0x00,0x00,0x00,0x00,0x00,0x00,0x00,0x00,0x00,0x00,0x00,0x00,0x00,0x00,0x00,0x00,0x00,0x00}, // 1 '<s>'
    {0x00,0x00,0x00,0x00,0x00,0x00,0x00,0x00,0x00,0x00,0x00,0x00,0x00,0x00,0x00,0x00,0x00,0x00,0x00,0x00,0x00,0x00,0x00,0x00,0x00,0x00,0x00,0x00,0x00,0x00,0x00,0x00}, // 2 '</s>'
    {0x00,0x00,0x00,0x00,0x00,0x00,0x00,0x00,0x00,0x00,0x00,0x00,0x00,0x00,0x00,0x00,0x00,0x00,0x00,0x00,0x00,0x00,0x00,0x00,0x00,0x00,0x00,0x00,0x00,0x00,0x00,0x00}, // 3 '\n'
    {0x00,0x00,0x00,0x00,0x00,0x00,0x00,0x00,0x00,0x00,0x00,0x00,0x00,0x00,0x00,0x00,0x00,0x00,0x00,0x00,0x30,0x00,0x30,0x00,0x10,0x00,0x10,0x00,0x00,0x00,0x00,0x00}, // 4 ，
    {0x00,0x00,0x00,0x00,0x00,0x00,0x00,0x00,0x00,0x00,0x00,0x00,0x00,0x00,0x00,0x00,0x00,0x00,0x00,0x00,0x3C,0x00,0x24,0x00,0x38,0x00,0x00,0x00,0x00,0x00,0x00,0x00}, // 5 。
    {0x00,0x00,0x0C,0x00,0x0C,0x00,0x0C,0x00,0x0C,0x00,0x0C,0x00,0x08,0x00,0x08,0x00,0x00,0x00,0x00,0x00,0x0C,0x00,0x0C,0x00,0x00,0x00,0x00,0x00,0x00,0x00,0x00,0x00}, // 6 ！
    {0x00,0x00,0x04,0x00,0x1E,0x00,0x13,0x00,0x31,0x00,0x02,0x00,0x06,0x00,0x04,0x00,0x08,0x00,0x08,0x00,0x00,0x00,0x0C,0x00,0x0C,0x00,0x00,0x00,0x00,0x00,0x00,0x00}, // 7 ？
    {0x00,0x00,0x00,0x00,0x00,0x00,0x00,0x00,0x00,0x00,0x00,0x00,0x00,0x00,0x00,0x00,0x30,0x00,0x10,0x00,0x18,0x00,0x0C,0x00,0x08,0x00,0x00,0x00,0x00,0x00,0x00,0x00}, // 8 、
    {0x00,0x00,0x00,0x00,0x00,0x00,0x00,0x00,0x00,0x00,0x00,0x00,0x18,0x00,0x18,0x00,0x00,0x00,0x00,0x00,0x18,0x00,0x18,0x00,0x08,0x00,0x18,0x00,0x00,0x00,0x00,0x00}, // 9 ；
    {0x00,0x00,0x00,0x00,0x00,0x00,0x00,0x00,0x00,0x00,0x00,0x00,0x18,0x00,0x18,0x00,0x00,0x00,0x00,0x00,0x18,0x00,0x18,0x00,0x00,0x00,0x00,0x00,0x00,0x00,0x00,0x00}, // 10 ：
    {0x00,0x14,0x00,0x24,0x00,0x28,0x00,0x48,0x00,0x50,0x00,0x90,0x00,0xA0,0x00,0x50,0x00,0x50,0x00,0x28,0x00,0x28,0x00,0x24,0x00,0x14,0x00,0x12,0x00,0x00,0x00,0x00}, // 11 《
    {0x28,0x00,0x24,0x00,0x14,0x00,0x12,0x00,0x0A,0x00,0x09,0x00,0x09,0x00,0x0A,0x00,0x12,0x00,0x14,0x00,0x24,0x00,0x28,0x00,0x48,0x00,0x40,0x00,0x00,0x00,0x00,0x00}, // 12 》
    {0x00,0x00,0x00,0x00,0x00,0x00,0x00,0x00,0x00,0x00,0x00,0x00,0x00,0x00,0x00,0x00,0x00,0x00,0x00,0x00,0x00,0x00,0x00,0x00,0x00,0x00,0x00,0x00,0x00,0x00,0x00,0x00}, // 13 ' '
    {0x00,0x00,0x03,0xC0,0x06,0x40,0x04,0x20,0x04,0x20,0x04,0x20,0x04,0x20,0x04,0x20,0x04,0x20,0x04,0x60,0x02,0xC0,0x01,0x80,0x00,0x00,0x00,0x00,0x00,0x00,0x00,0x00}, // 14 0
    {0x00,0x00,0x00,0x80,0x01,0x80,0x07,0x80,0x05,0x80,0x01,0x80,0x01,0x80,0x01,0x80,0x01,0x80,0x01,0x80,0x01,0x80,0x01,0x80,0x00,0x00,0x00,0x00,0x00,0x00,0x00,0x00}, // 15 1
    {0x00,0x00,0x03,0xC0,0x06,0x60,0x04,0x20,0x00,0x60,0x00,0x40,0x00,0xC0,0x00,0x80,0x01,0x00,0x02,0x00,0x07,0xE0,0x07,0xE0,0x00,0x00,0x00,0x00,0x00,0x00,0x00,0x00}, // 16 2
    {0x00,0x00,0x03,0xC0,0x06,0x60,0x04,0x20,0x00,0x60,0x00,0xC0,0x00,0xC0,0x00,0x60,0x00,0x20,0x04,0x20,0x06,0x40,0x01,0x80,0x00,0x00,0x00,0x00,0x00,0x00,0x00,0x00}, // 17 3
    {0x00,0x00,0x00,0x40,0x00,0xC0,0x01,0xC0,0x01,0x40,0x02,0x40,0x06,0x40,0x04,0x40,0x0F,0xF0,0x00,0x40,0x00,0x40,0x00,0x40,0x00,0x00,0x00,0x00,0x00,0x00,0x00,0x00}, // 18 4
    {0x00,0x00,0x00,0x00,0x03,0xE0,0x06,0x00,0x04,0x00,0x05,0x00,0x07,0xC0,0x04,0x60,0x00,0x20,0x00,0x20,0x0C,0x60,0x06,0xC0,0x03,0x80,0x00,0x00,0x00,0x00,0x00,0x00}, // 19 5
    {0x00,0x00,0x00,0x80,0x01,0x80,0x01,0x00,0x03,0x00,0x07,0xC0,0x06,0x20,0x04,0x30,0x04,0x30,0x04,0x20,0x06,0x60,0x03,0xC0,0x00,0x00,0x00,0x00,0x00,0x00,0x00,0x00}, // 20 6
    {0x00,0x00,0x00,0x00,0x07,0xE0,0x00,0x20,0x00,0x60,0x00,0x40,0x00,0xC0,0x00,0x80,0x01,0x80,0x01,0x00,0x01,0x00,0x03,0x00,0x03,0x00,0x00,0x00,0x00,0x00,0x00,0x00}, // 21 7
    {0x00,0x00,0x03,0xC0,0x04,0x60,0x04,0x20,0x04,0x60,0x07,0xC0,0x07,0xC0,0x04,0x20,0x0C,0x20,0x04,0x20,0x06,0x60,0x03,0xC0,0x00,0x00,0x00,0x00,0x00,0x00,0x00,0x00}, // 22 8
    {0x00,0x00,0x03,0xC0,0x04,0x60,0x0C,0x20,0x0C,0x20,0x0C,0x60,0x06,0xC0,0x03,0xC0,0x00,0x80,0x01,0x80,0x01,0x00,0x03,0x00,0x00,0x00,0x00,0x00,0x00,0x00,0x00,0x00}, // 23 9
    {0x02,0x00,0x01,0x00,0x01,0x80,0x3F,0xFC,0x01,0x80,0x01,0x80,0x01,0x80,0x01,0x80,0x3F,0xF8,0x01,0x80,0x01,0x80,0x01,0x80,0x01,0x80,0x7F,0xFE,0x00,0x00,0x00,0x00}, // 24 主
    {0x3E,0xFE,0x22,0x20,0x3E,0x20,0x22,0xFC,0x3E,0x84,0x00,0x94,0x7F,0x94,0x08,0x94,0x28,0xA4,0x6E,0x28,0x68,0x4C,0x58,0x80,0x47,0xFE,0x40,0x00,0x00,0x00,0x00,0x00}, // 25 题
    {0x04,0x6C,0x3F,0x66,0x04,0x60,0x7F,0xFE,0x04,0x20,0x04,0x24,0x7F,0xA4,0x08,0x28,0x1F,0xB8,0x39,0x10,0x69,0xB0,0x0E,0x6A,0x18,0xCE,0x00,0x84,0x00,0x00,0x00,0x00}, // 26 裁
    {0x00,0x40,0x18,0x40,0x10,0x40,0x17,0xFE,0x30,0xE0,0x30,0xD0,0x51,0xD0,0x51,0x58,0x13,0x48,0x16,0x46,0x1D,0xFA,0x10,0x40,0x10,0x40,0x10,0x40,0x00,0x00,0x00,0x00}, // 27 体
    {0x01,0x80,0x01,0x80,0x01,0x80,0x01,0x80,0x21,0x84,0x21,0x84,0x21,0x84,0x21,0x84,0x21,0x84,0x21,0x84,0x21,0x84,0x21,0x84,0x3F,0xFC,0x00,0x04,0x00,0x00,0x00,0x00}, // 28 山
    {0x1F,0xF8,0x10,0x08,0x10,0x48,0x14,0x48,0x12,0x48,0x13,0x88,0x11,0x88,0x31,0x88,0x23,0xC8,0x26,0x48,0x2C,0x6A,0x60,0x0E,0x40,0x06,0x40,0x00,0x00,0x00,0x00,0x00}, // 29 风
    {0x00,0x00,0x3F,0xFC,0x3F,0xFC,0x01,0x00,0x03,0x00,0x03,0x00,0x1F,0xF0,0x02,0x10,0x02,0x10,0x02,0x10,0x02,0x10,0x06,0x10,0x7F,0xFE,0x40,0x00,0x00,0x00,0x00,0x00}, // 30 五
    {0x7F,0xFE,0x00,0x80,0x01,0x00,0x03,0x00,0x07,0x60,0x05,0x30,0x19,0x18,0x31,0x0C,0x61,0x04,0x01,0x00,0x01,0x00,0x01,0x00,0x01,0x00,0x00,0x00,0x00,0x00,0x00,0x00}, // 31 不
    {0x01,0x80,0x01,0x80,0x01,0x80,0x01,0x80,0x01,0x80,0x01,0x80,0x01,0x80,0x03,0xC0,0x02,0x40,0x06,0x60,0x04,0x30,0x08,0x18,0x30,0x0C,0x60,0x06,0x00,0x00,0x00,0x00}, // 32 人
    {0x00,0x00,0x1F,0xF8,0x00,0x00,0x00,0x00,0x00,0x00,0x7F,0xFE,0x7F,0xFE,0x03,0x00,0x02,0x00,0x04,0x20,0x0C,0x30,0x18,0x18,0x3F,0xFC,0x18,0x04,0x00,0x00,0x00,0x00}, // 33 云
    {0x1F,0xF8,0x18,0x08,0x18,0x08,0x1F,0xF8,0x18,0x08,0x18,0x08,0x18,0x08,0x1F,0xF8,0x18,0x08,0x10,0x08,0x10,0x08,0x30,0x08,0x60,0x38,0x00,0x00,0x00,0x00,0x00,0x00}, // 34 月
    {0x1F,0xF8,0x1F,0xF8,0x18,0x08,0x18,0x08,0x18,0x08,0x18,0x08,0x1F,0xF8,0x18,0x08,0x18,0x08,0x18,0x08,0x18,0x08,0x1F,0xF8,0x1F,0xF8,0x18,0x08,0x00,0x00,0x00,0x00}, // 35 日
    {0x04,0x60,0x04,0x60,0x7F,0xFE,0x04,0x60,0x00,0x00,0x0C,0x40,0x08,0x4C,0x38,0x58,0x68,0x70,0x48,0xC0,0x0B,0xC0,0x0A,0x40,0x08,0x42,0x08,0x7E,0x00,0x00,0x00,0x00}, // 36 花
    {0x01,0x80,0x01,0x80,0x01,0x80,0x01,0x84,0x7D,0x8C,0x05,0x90,0x05,0xE0,0x09,0xE0,0x09,0xA0,0x11,0x90,0x31,0x98,0x61,0x8E,0x01,0x80,0x03,0x80,0x02,0x00,0x00,0x00}, // 37 水
    {0x00,0x80,0x00,0x80,0x3F,0xFC,0x01,0x00,0x1F,0xFC,0x03,0x00,0x7F,0xFE,0x04,0x30,0x1F,0xF8,0x78,0x1E,0x0F,0xF0,0x08,0x10,0x08,0x10,0x0F,0xF0,0x00,0x10,0x00,0x00}, // 38 春
    {0x3F,0xF8,0x01,0x80,0x01,0x80,0x01,0x80,0x7F,0xFE,0x7F,0xFE,0x01,0x80,0x03,0xC0,0x02,0x40,0x06,0x20,0x0C,0x30,0x38,0x0C,0x60,0x06,0x00,0x00,0x00,0x00,0x00,0x00}, // 39 天
    {0x08,0x40,0x10,0x40,0x33,0xFC,0x60,0x44,0x0F,0xFE,0x10,0x44,0x30,0x44,0x73,0xF8,0x50,0x40,0x17,0xFC,0x10,0x40,0x1F,0xFE,0x10,0x40,0x10,0x40,0x10,0x40,0x00,0x00}, // 40 律
    {0x00,0x00,0x1F,0xF8,0x01,0x00,0x01,0x00,0x01,0x00,0x01,0x00,0x7F,0xFE,0x03,0x40,0x02,0x40,0x02,0x40,0x06,0x40,0x0C,0x42,0x18,0x46,0x70,0x7C,0x00,0x00,0x00,0x00}, // 41 无
    {0x01,0x00,0x01,0x00,0x01,0x00,0x01,0x00,0x01,0x00,0x01,0xFC,0x01,0x00,0x01,0x00,0x01,0x00,0x01,0x00,0x01,0x00,0x01,0x00,0x7F,0xFE,0x7F,0xFE,0x00,0x00,0x00,0x00}, // 42 上
    {0x01,0x00,0x7F,0xFE,0x00,0x00,0x1F,0xF8,0x00,0x00,0x00,0x00,0x1F,0xF8,0x00,0x00,0x1F,0xF8,0x10,0x08,0x10,0x08,0x1F,0xF8,0x10,0x08,0x00,0x00,0x00,0x00,0x00,0x00}, // 43 言
    {0x17,0xFE,0x10,0x08,0x30,0x08,0x33,0xC8,0x53,0xC8,0x52,0x48,0x12,0x48,0x12,0x48,0x13,0xC8,0x12,0x48,0x10,0x08,0x10,0x08,0x30,0x18,0x00,0x00,0x00,0x00,0x00,0x00}, // 44 何
    {0x02,0x00,0x02,0x00,0x3F,0xFC,0x30,0x04,0x30,0x04,0x30,0x04,0x3F,0xFC,0x30,0x04,0x30,0x04,0x30,0x04,0x30,0x04,0x3F,0xFC,0x30,0x04,0x00,0x00,0x00,0x00,0x00,0x00}, // 45 白
    {0x01,0x80,0x01,0x80,0x3F,0xFC,0x01,0x80,0x09,0x90,0x0D,0xB0,0x01,0xA0,0x7F,0xFE,0x03,0xC0,0x05,0xE0,0x0D,0xB0,0x39,0x9C,0x61,0x86,0x01,0x80,0x00,0x00,0x00,0x00}, // 46 来
    {0x00,0x00,0x00,0x00,0x00,0x00,0x00,0x00,0x00,0x00,0x00,0x00,0x7F,0xFE,0x7F,0xFE,0x00,0x00,0x00,0x00,0x00,0x00,0x00,0x00,0x00,0x00,0x00,0x00,0x00,0x00,0x00,0x00}, // 47 一
    {0x7C,0x20,0x08,0x20,0x08,0x20,0x08,0xA4,0x7E,0xA4,0x19,0xAC,0x19,0x30,0x3E,0x30,0x2B,0x70,0x48,0x58,0x48,0xC8,0x09,0x8C,0x0B,0x06,0x08,0x00,0x00,0x00,0x00,0x00}, // 48 秋
    {0x20,0x00,0x30,0x04,0x1B,0xFC,0x00,0x60,0x00,0x60,0x60,0x60,0x30,0x60,0x00,0x60,0x00,0x60,0x18,0x60,0x10,0x60,0x30,0x60,0x27,0xFE,0x67,0xFE,0x00,0x00,0x00,0x00}, // 49 江
    {0x01,0x80,0x01,0x80,0x01,0x80,0x3F,0xFC,0x21,0x84,0x21,0x84,0x21,0x84,0x21,0x84,0x3F,0xFC,0x21,0x84,0x01,0x80,0x01,0x80,0x01,0x80,0x01,0x80,0x01,0x80,0x00,0x00}, // 50 中
    {0x04,0x00,0x05,0xFE,0x65,0xFE,0x64,0x06,0x64,0x06,0x64,0x06,0x64,0xFE,0x64,0x06,0x6C,0x06,0x68,0x06,0x08,0x06,0x1B,0xFE,0x30,0x06,0x60,0x06,0x00,0x00,0x00,0x00}, // 51 归
    {0x0C,0x00,0x0C,0x30,0x0C,0x60,0x0C,0xC0,0x0D,0x80,0x0D,0x00,0x7F,0xFE,0x0C,0x80,0x0C,0xC0,0x0C,0x40,0x0C,0x20,0x0D,0xB8,0x0E,0x1E,0x0C,0x04,0x00,0x00,0x00,0x00}, // 52 长
    {0x01,0x00,0x3F,0xFE,0x02,0x00,0x06,0x00,0x07,0xFC,0x0C,0x0C,0x14,0x0C,0x67,0xFC,0x44,0x0C,0x07,0xFC,0x04,0x0C,0x04,0x0C,0x04,0x18,0x00,0x00,0x00,0x00,0x00,0x00}, // 53 有
    {0x1F,0xF8,0x02,0x08,0x7F,0xFE,0x7F,0xFE,0x04,0x08,0x3F,0xF8,0x0C,0x00,0x08,0x00,0x1F,0xF8,0x34,0x08,0x64,0x08,0x07,0xF8,0x04,0x08,0x00,0x00,0x00,0x00,0x00,0x00}, // 54 君
    {0x00,0x08,0x7C,0x08,0x65,0xFE,0x65,0xFE,0x64,0x08,0x7C,0x88,0x64,0xC8,0x64,0x48,0x64,0x08,0x7C,0x08,0x64,0x08,0x60,0x08,0x00,0x38,0x00,0x00,0x00,0x00,0x00,0x00}, // 55 时
    {0x18,0x00,0x18,0xFE,0x18,0x86,0x7E,0x86,0x7E,0x86,0x18,0xFE,0x1C,0x86,0x3E,0x86,0x3A,0xFE,0x78,0x86,0x58,0x86,0x18,0x86,0x18,0xFE,0x18,0x86,0x18,0x80,0x00,0x00}, // 56 相
    {0x7C,0xFC,0x64,0xC4,0x64,0xC4,0x64,0xFC,0x7C,0xC4,0x64,0xC4,0x64,0xC4,0x64,0xFC,0x7C,0x84,0x64,0x84,0x60,0x84,0x01,0x84,0x03,0x0C,0x00,0x00,0x00,0x00,0x00,0x00}, // 57 明
    {0x11,0xFC,0x30,0x00,0x60,0x00,0x4C,0x00,0x1B,0xFE,0x10,0x10,0x30,0x10,0x70,0x10,0x50,0x10,0x10,0x10,0x10,0x10,0x10,0x10,0x10,0x70,0x10,0x20,0x00,0x00,0x00,0x00}, // 58 行
    {0x01,0x80,0x3F,0xFC,0x01,0x80,0x1F,0xF8,0x01,0x80,0x7F,0xFE,0x00,0x00,0x1F,0xF8,0x10,0x08,0x1F,0xF8,0x10,0x08,0x1F,0xF8,0x10,0x08,0x10,0x38,0x10,0x00,0x00,0x00}, // 59 青
    {0x01,0x80,0x3F,0xFE,0x20,0x06,0x24,0x26,0x0C,0x38,0x30,0x0E,0x20,0x04,0x1F,0xF8,0x01,0x80,0x01,0x80,0x01,0x80,0x01,0x80,0x7F,0xFE,0x00,0x00,0x00,0x00,0x00,0x00}, // 60 空
    {0x00,0x40,0x27,0xFC,0x18,0x40,0x03,0xFC,0x40,0x40,0x67,0xFE,0x10,0x00,0x03,0xFC,0x02,0x0C,0x1B,0xFC,0x12,0x0C,0x23,0xFC,0x22,0x0C,0x42,0x1C,0x02,0x00,0x00,0x00}, // 61 清
    {0x1F,0xF8,0x11,0x88,0x11,0x88,0x1F,0xF8,0x11,0x88,0x11,0x88,0x1F,0xF8,0x01,0x80,0x3F,0xFC,0x3F,0xFC,0x01,0x80,0x01,0x80,0x7F,0xFE,0x00,0x00,0x00,0x00,0x00,0x00}, // 62 里
    {0x01,0x80,0x19,0x80,0x11,0x80,0x31,0x80,0x3F,0xFC,0x61,0x80,0x41,0x80,0x01,0x80,0x1F,0xF8,0x01,0x80,0x01,0x80,0x01,0x80,0x01,0x80,0x7F,0xFE,0x00,0x00,0x00,0x00}, // 63 生
    {0x01,0x80,0x00,0x80,0x00,0x80,0x06,0x00,0x36,0x08,0x26,0x0C,0x26,0x06,0x66,0x02,0x66,0x00,0x46,0x00,0x06,0x08,0x06,0x18,0x03,0xF0,0x00,0x00,0x00,0x00,0x00,0x00}, // 64 心
    {0x19,0x80,0x0D,0x00,0x05,0x00,0x01,0x00,0x3F,0xFE,0x01,0x04,0x03,0x04,0x02,0xC4,0x06,0x74,0x04,0x04,0x08,0x04,0x30,0x0C,0x60,0x38,0x00,0x00,0x00,0x00,0x00,0x00}, // 65 为
    {0x0C,0x00,0x1F,0xFC,0x10,0xC0,0x30,0xC0,0x60,0xC0,0x0F,0xFC,0x08,0xC0,0x08,0xC0,0x08,0xC0,0x7F,0xFE,0x00,0xC0,0x00,0xC0,0x00,0xC0,0x00,0xC0,0x00,0x00,0x00,0x00}, // 66 年
    {0x01,0x80,0x01,0x80,0x01,0x80,0x3F,0xFC,0x01,0x80,0x01,0x80,0x01,0x80,0x7F,0xFE,0x01,0x00,0x03,0x20,0x06,0x30,0x0C,0x10,0x18,0x78,0x1F,0x8C,0x00,0x00,0x00,0x00}, // 67 去
    {0x03,0x00,0x1F,0xF8,0x1F,0xF8,0x10,0x08,0x10,0x08,0x1F,0xF8,0x10,0x08,0x10,0x08,0x1F,0xF8,0x10,0x08,0x10,0x08,0x1F,0xF8,0x10,0x08,0x00,0x00,0x00,0x00,0x00,0x00}, // 68 自
    {0x00,0x00,0x1F,0xF8,0x10,0x08,0x11,0x88,0x11,0x88,0x11,0x08,0x11,0x08,0x11,0x08,0x11,0xC8,0x11,0xC8,0x02,0xC0,0x06,0xC0,0x0C,0xC2,0x70,0xFE,0x00,0x38,0x00,0x00}, // 69 见
    {0x00,0x40,0x04,0x40,0x04,0x40,0x04,0x40,0x24,0x46,0x27,0x5C,0x24,0x70,0x24,0x40,0x24,0x40,0x24,0x40,0x24,0x40,0x25,0x42,0x3E,0x66,0x60,0x7C,0x00,0x00,0x00,0x00}, // 70 此
    {0x04,0x60,0x7F,0xFE,0x04,0x60,0x25,0x80,0x31,0xFC,0x03,0x08,0x46,0x90,0x70,0x60,0x01,0xFE,0x16,0x02,0x33,0xF8,0x23,0x08,0x63,0x08,0x43,0xF8,0x03,0x00,0x00,0x00}, // 71 落
    {0x01,0x80,0x7F,0xFE,0x08,0x80,0x09,0x80,0x19,0xFC,0x11,0x08,0x32,0x48,0x77,0x78,0x51,0x90,0x10,0xB0,0x10,0xE0,0x10,0xF0,0x17,0x1E,0x10,0x00,0x00,0x00,0x00,0x00}, // 72 夜
    {0x01,0x80,0x7F,0xFE,0x01,0x00,0x7F,0xFC,0x20,0x04,0x26,0x64,0x22,0x44,0x2F,0xF4,0x21,0x84,0x2F,0xF4,0x21,0x84,0x21,0x84,0x21,0x8C,0x60,0x00,0x00,0x00,0x00,0x00}, // 73 南
    {0x01,0x00,0x01,0x80,0x7F,0xFE,0x1F,0xF0,0x08,0x10,0x08,0x10,0x1F,0xF0,0x7F,0xFE,0x20,0x06,0x27,0xE6,0x24,0x26,0x24,0x26,0x27,0xE6,0x20,0x0E,0x00,0x08,0x00,0x00}, // 74 高
    {0x18,0x00,0x10,0x00,0x10,0x7E,0x3F,0x46,0x24,0x46,0x64,0x46,0x04,0x46,0x7F,0x46,0x0C,0x46,0x0C,0x46,0x0E,0x46,0x13,0x7E,0x31,0x46,0x60,0x40,0x00,0x00,0x00,0x00}, // 75 知
    {0x00,0x00,0x7F,0xFE,0x01,0x00,0x01,0x00,0x01,0x00,0x01,0x00,0x01,0x60,0x01,0x30,0x01,0x18,0x01,0x0C,0x01,0x00,0x01,0x00,0x01,0x00,0x01,0x00,0x00,0x00,0x00,0x00}, // 76 下
    {0x10,0x80,0x31,0xF8,0x21,0x18,0x45,0x10,0x79,0xFC,0x09,0x24,0x11,0x24,0x21,0x24,0x7D,0xFC,0x01,0x00,0x01,0x00,0x7D,0x02,0x41,0xFE,0x00,0x00,0x00,0x00,0x00,0x00}, // 77 绝
    {0x00,0x00,0x7F,0xC0,0x00,0x48,0x00,0x58,0x00,0x50,0x00,0x60,0x00,0x70,0x00,0x58,0x00,0x4C,0x00,0x40,0x00,0x60,0x00,0x22,0x00,0x36,0x00,0x1C,0x00,0x00,0x00,0x00}, // 78 飞
    {0x30,0x24,0x30,0x20,0x33,0xFE,0x7A,0x20,0x32,0x24,0x33,0xE4,0x32,0xF4,0x32,0x94,0x32,0x98,0x3E,0x98,0x45,0x9A,0x0D,0x3E,0x18,0xE6,0x00,0x00,0x00,0x00,0x00,0x00}, // 79 城
    {0x01,0x80,0x7F,0xFE,0x40,0x02,0x44,0x42,0x1F,0xF8,0x04,0x40,0x3F,0xFC,0x04,0x40,0x7F,0xFE,0x0C,0x30,0x3B,0x9E,0x60,0x46,0x07,0x80,0x00,0xE0,0x00,0x00,0x00,0x00}, // 80 寒
    {0x00,0x00,0x23,0xFC,0x10,0x00,0x00,0x00,0x00,0x00,0x77,0xFE,0x11,0xB0,0x11,0x30,0x11,0x30,0x11,0x30,0x13,0x36,0x16,0x1C,0x3C,0x00,0x63,0xFE,0x00,0x00,0x00,0x00}, // 81 远
    {0x3F,0xFC,0x00,0x38,0x00,0x60,0x01,0x80,0x01,0x80,0x7F,0xFE,0x7F,0xF8,0x01,0x80,0x01,0x80,0x01,0x80,0x01,0x80,0x01,0x80,0x07,0x00,0x00,0x00,0x00,0x00,0x00,0x00}, // 82 子
    {0x03,0x80,0x02,0x40,0x04,0x60,0x18,0x18,0x3F,0xFE,0x6F,0xF2,0x01,0x80,0x1F,0xF8,0x1F,0xF8,0x09,0x98,0x0D,0x90,0x05,0xA0,0x3F,0xFE,0x00,0x00,0x00,0x00,0x00,0x00}, // 83 金
    {0x7F,0xFE,0x60,0x02,0x66,0x02,0x07,0xF0,0x0C,0x20,0x32,0x60,0x01,0x80,0x07,0xF8,0x78,0x1E,0x4F,0xF8,0x08,0x08,0x08,0x08,0x0F,0xF8,0x08,0x08,0x00,0x00,0x00,0x00}, // 84 客
    {0x19,0xFC,0x08,0x04,0x20,0x04,0x20,0x04,0x20,0x04,0x20,0x04,0x20,0x04,0x20,0x04,0x20,0x04,0x20,0x04,0x20,0x04,0x20,0x04,0x20,0x1C,0x00,0x00,0x00,0x00,0x00,0x00}, // 85 门
    {0x08,0x00,0x08,0x00,0x7F,0x7E,0x13,0x46,0x13,0x46,0x12,0x46,0x22,0x46,0x22,0x46,0x1E,0x46,0x06,0x46,0x0B,0xFE,0x30,0x46,0x60,0x46,0x00,0x00,0x00,0x00,0x00,0x00}, // 86 如
    {0x00,0x00,0x7F,0xFE,0x02,0x00,0x02,0x00,0x02,0x00,0x03,0xF8,0x06,0x18,0x04,0x18,0x04,0x18,0x0C,0x18,0x08,0x18,0x18,0x10,0x30,0x10,0x60,0x70,0x00,0x00,0x00,0x00}, // 87 万
    {0x30,0x40,0x1F,0xFE,0x00,0x80,0x41,0x10,0x63,0x08,0x37,0xFC,0x00,0x04,0x13,0x58,0x13,0x58,0x13,0x58,0x22,0x58,0x62,0x5A,0x44,0x5E,0x08,0x00,0x00,0x00,0x00,0x00}, // 88 流
    {0x03,0x00,0x3F,0xFE,0x3F,0xFE,0x06,0x60,0x04,0x60,0x18,0x60,0x1B,0xFC,0x38,0x60,0x78,0x60,0x18,0x60,0x18,0x60,0x18,0x60,0x1F,0xFE,0x18,0x00,0x00,0x00,0x00,0x00}, // 89 在
    {0x01,0x80,0x01,0x80,0x31,0x88,0x31,0x88,0x31,0x88,0x31,0x88,0x3F,0xF8,0x01,0x80,0x21,0x84,0x21,0x84,0x21,0x84,0x21,0x84,0x3F,0xFC,0x3F,0xFC,0x00,0x04,0x00,0x00}, // 90 出
    {0x0C,0x00,0x0C,0x7E,0x7F,0x46,0x0C,0x46,0x3F,0x46,0x21,0x7E,0x3F,0x46,0x21,0x46,0x3F,0x7E,0x0C,0x46,0x0C,0x46,0x7F,0x46,0x0C,0x86,0x0D,0x8C,0x00,0x08,0x00,0x00}, // 91 朝
    {0x00,0x00,0x3F,0xFC,0x01,0x80,0x01,0x80,0x01,0x80,0x01,0x80,0x1F,0xF8,0x1F,0xF8,0x01,0x80,0x01,0xB0,0x01,0x98,0x01,0x88,0x01,0x80,0x7F,0xFE,0x00,0x00,0x00,0x00}, // 92 玉
    {0x01,0x00,0x01,0x00,0x3F,0xF8,0x01,0x00,0x01,0x00,0x7F,0xFE,0x03,0x80,0x07,0x40,0x0D,0x60,0x19,0x30,0x31,0x1C,0x61,0x06,0x01,0x00,0x00,0x00,0x00,0x00,0x00,0x00}, // 93 未
    {0x21,0x90,0x37,0xFE,0x20,0x60,0x03,0xFC,0x03,0xFC,0x72,0x04,0x13,0xFC,0x12,0x04,0x13,0xFC,0x12,0x04,0x13,0xFC,0x38,0x00,0x47,0xFE,0x00,0x00,0x00,0x00,0x00,0x00}, // 94 道
    {0x07,0xF8,0x3D,0x80,0x01,0x80,0x01,0x80,0x01,0x80,0x01,0x80,0x7F,0xFE,0x01,0x80,0x01,0x80,0x01,0x80,0x01,0x80,0x01,0x80,0x01,0x80,0x01,0x80,0x00,0x00,0x00,0x00}, // 95 千
    {0x03,0x00,0x02,0x00,0x3F,0xFC,0x04,0x00,0x08,0x80,0x18,0x80,0x3F,0xFC,0x00,0x80,0x00,0x80,0x0C,0x98,0x18,0x8C,0x30,0x86,0x23,0x80,0x02,0x00,0x00,0x00,0x00,0x00}, // 96 东
    {0x00,0x04,0x3F,0x04,0x21,0x24,0x21,0x24,0x3F,0x24,0x3F,0x24,0x08,0x24,0x08,0x24,0x7F,0xA4,0x08,0xA4,0x08,0xA4,0x18,0x84,0x30,0x84,0x63,0x9C,0x40,0x00,0x00,0x00}, // 97 别
    {0x3E,0x40,0x26,0xFC,0x26,0x88,0x27,0x48,0x3E,0x30,0x08,0x38,0x29,0xCF,0x2F,0xFE,0x28,0xFC,0x28,0x84,0x2E,0x84,0x38,0xFC,0x40,0x84,0x00,0x00,0x00,0x00,0x00,0x00}, // 98 路
    {0x04,0x20,0x04,0x20,0x7F,0xFE,0x04,0x20,0x1F,0xF8,0x10,0x08,0x10,0x08,0x1F,0xF8,0x10,0x08,0x1F,0xF8,0x01,0x80,0x7F,0xFE,0x01,0x80,0x01,0x80,0x01,0x80,0x00,0x00}, // 99 草
    {0x3C,0xFE,0x24,0x86,0x24,0x86,0x28,0x86,0x28,0x86,0x2C,0xFE,0x24,0x86,0x26,0x86,0x26,0x86,0x3C,0x86,0x28,0xFE,0x20,0x86,0x20,0x86,0x20,0x00,0x00,0x00,0x00,0x00}, // 100 阳
    {0x3F,0xF0,0x00,0x10,0x0C,0x10,0x08,0x30,0x08,0x30,0x08,0x30,0x0F,0xFC,0x00,0x04,0x00,0x04,0x7F,0xF4,0x00,0x04,0x00,0x0C,0x00,0x38,0x00,0x00,0x00,0x00,0x00,0x00}, // 101 马
    {0x00,0x00,0x37,0xFE,0x10,0x60,0x10,0x40,0x00,0xC0,0x71,0xD8,0x71,0x4C,0x16,0x44,0x14,0x42,0x10,0x40,0x10,0x40,0x10,0x40,0x3C,0x00,0x43,0xFE,0x00,0x00,0x00,0x00}, // 102 还
    {0x3F,0xFC,0x06,0x20,0x06,0x20,0x06,0x20,0x06,0x20,0x7F,0xFE,0x7F,0xFE,0x06,0x20,0x04,0x20,0x04,0x20,0x0C,0x20,0x18,0x20,0x70,0x20,0x00,0x00,0x00,0x00,0x00,0x00}, // 103 开
    {0x1F,0xFC,0x10,0x8C,0x10,0x8C,0x1F,0xFC,0x10,0x8C,0x10,0x8C,0x1F,0xFC,0x00,0x80,0x34,0x8C,0x24,0xC6,0x64,0x12,0x44,0x18,0x07,0xF0,0x00,0x00,0x00,0x00,0x00,0x00}, // 104 思
    {0x10,0x20,0x10,0x20,0x10,0x20,0x7F,0xFE,0x12,0x20,0x10,0x70,0x34,0x70,0x3C,0xF8,0x74,0xAC,0x51,0xA6,0x53,0x22,0x10,0x20,0x10,0x20,0x10,0x20,0x00,0x00,0x00,0x00}, // 105 林
    {0x03,0x00,0x02,0x00,0x02,0x00,0x02,0x00,0x02,0x0E,0x02,0xF8,0x1F,0x80,0x7A,0x00,0x02,0x00,0x02,0x00,0x02,0x00,0x02,0x06,0x03,0x06,0x03,0xFC,0x00,0x00,0x00,0x00}, // 106 七
    {0x04,0x00,0x06,0x00,0x03,0x00,0x01,0x80,0x01,0x80,0x01,0xC0,0x03,0x40,0x02,0x60,0x06,0x20,0x0C,0x30,0x08,0x18,0x18,0x1C,0x70,0x0E,0x60,0x00,0x00,0x00,0x00,0x00}, // 107 入
    {0x08,0xC4,0x7F,0xFC,0x30,0xC4,0x30,0xC4,0x3E,0xFC,0x31,0x84,0x01,0x0C,0x3F,0xFC,0x01,0x80,0x01,0x80,0x3F,0xFC,0x01,0x80,0x7F,0xFE,0x00,0x00,0x00,0x00,0x00,0x00}, // 108 望
    {0x10,0x04,0x10,0x04,0x17,0xC4,0x78,0xBE,0x10,0x84,0x32,0x84,0x3B,0xA4,0x39,0xB4,0x75,0x94,0x51,0xD4,0x52,0x44,0x16,0x44,0x14,0x04,0x10,0x1C,0x00,0x00,0x00,0x00}, // 109 树
    {0x06,0x00,0x04,0x00,0x0F,0xE0,0x18,0x60,0x30,0x40,0x7F,0xF8,0x10,0x88,0x10,0x88,0x1F,0xF8,0x10,0x08,0x10,0x00,0x10,0x00,0x18,0x06,0x1F,0xFC,0x00,0x00,0x00,0x00}, // 110 色
    {0x00,0x00,0x3F,0xF8,0x00,0x08,0x00,0x08,0x30,0x08,0x30,0x08,0x3F,0xF8,0x30,0x08,0x30,0x00,0x30,0x00,0x30,0x00,0x30,0x06,0x30,0x06,0x1F,0xFC,0x00,0x00,0x00,0x00}, // 111 已
    {0x01,0x80,0x02,0x40,0x06,0x60,0x0C,0x30,0x19,0x18,0x31,0x8E,0x40,0x82,0x1F,0xF8,0x00,0x18,0x00,0x30,0x00,0x20,0x00,0x40,0x00,0xC0,0x00,0x80,0x00,0x00,0x00,0x00}, // 112 今
    {0x00,0x00,0x7F,0xFE,0x02,0x40,0x02,0x40,0x02,0x40,0x3F,0xFC,0x32,0x4C,0x32,0x4C,0x34,0x4C,0x34,0x7C,0x38,0x0C,0x30,0x0C,0x3F,0xFC,0x30,0x0C,0x00,0x00,0x00,0x00}, // 113 西
    {0x62,0x10,0x10,0x3E,0x0F,0xA0,0x44,0x60,0x64,0x7E,0x17,0x84,0x04,0x88,0x24,0x88,0x34,0xBE,0x24,0x88,0x2C,0x88,0x68,0x88,0x5B,0x38,0x00,0x10,0x00,0x00,0x00,0x00}, // 114 游
    {0x00,0x30,0x7F,0xA0,0x03,0x20,0x3B,0x7E,0x2B,0x46,0x3B,0xC4,0x00,0x10,0x7F,0x90,0x03,0x10,0x3B,0x10,0x2B,0x28,0x3B,0x2C,0x2B,0x46,0x66,0xC2,0x04,0x00,0x00,0x00}, // 115 歌
    {0x04,0x00,0x0F,0xFC,0x18,0x00,0x3F,0xF8,0x68,0x08,0x0F,0xF8,0x08,0x08,0x0F,0xF8,0x04,0x00,0x0F,0xF8,0x1C,0x30,0x33,0x60,0x01,0xC0,0x7F,0x7E,0x20,0x02,0x00,0x00}, // 116 复
    {0x7F,0xFE,0x00,0x80,0x00,0x80,0x3F,0xFC,0x20,0x84,0x2C,0xA4,0x26,0x94,0x20,0x84,0x20,0xA4,0x24,0xB4,0x20,0x84,0x20,0x84,0x20,0x8C,0x00,0x00,0x00,0x00,0x00,0x00}, // 117 雨
    {0x3F,0xFC,0x20,0x04,0x20,0x04,0x27,0xE4,0x24,0x24,0x24,0x24,0x24,0x24,0x27,0xE4,0x27,0xE4,0x20,0x04,0x20,0x04,0x3F,0xFC,0x20,0x04,0x00,0x00,0x00,0x00,0x00,0x00}, // 118 回
    {0x26,0x20,0x38,0x20,0x19,0xFC,0x69,0x24,0x49,0x24,0x09,0x24,0x19,0x24,0x3D,0xFC,0x6D,0x20,0x4C,0x20,0x08,0x24,0x08,0x26,0x3B,0xFA,0x20,0x00,0x00,0x00,0x00,0x00}, // 119 独
    {0x00,0x00,0x00,0x00,0x3F,0xFC,0x00,0x00,0x00,0x00,0x00,0x00,0x1F,0xF8,0x1F,0xF8,0x00,0x00,0x00,0x00,0x00,0x00,0x00,0x00,0x7F,0xFE,0x00,0x00,0x00,0x00,0x00,0x00}, // 120 三
    {0x06,0x00,0x0F,0xF8,0x10,0x30,0x22,0x60,0x01,0x80,0x07,0x60,0x38,0xFE,0x03,0x04,0x06,0x0C,0x18,0x98,0x00,0x70,0x00,0xC0,0x3F,0x00,0x30,0x00,0x00,0x00,0x00,0x00}, // 121 多
    {0x20,0x00,0x3F,0xFE,0x00,0x90,0x00,0x90,0x67,0xFE,0x36,0x96,0x06,0x96,0x06,0x9E,0x17,0x06,0x16,0x06,0x37,0xFE,0x26,0x06,0x67,0xFE,0x47,0xFE,0x06,0x06,0x00,0x00}, // 122 酒
    {0x01,0x80,0x7F,0xFE,0x60,0x06,0x6F,0xF6,0x03,0x00,0x07,0x08,0x39,0x98,0x63,0xF0,0x0C,0xD0,0x71,0x58,0x06,0x4C,0x18,0x46,0x63,0x80,0x01,0x00,0x00,0x00,0x00,0x00}, // 123 家
    {0x10,0x20,0x11,0x20,0x11,0x24,0x7D,0x3C,0x7D,0xE4,0x17,0x24,0x11,0x24,0x11,0x24,0x11,0x2C,0x15,0x20,0x79,0x02,0x41,0x02,0x01,0xFE,0x00,0x00,0x00,0x00,0x00,0x00}, // 124 地
    {0x08,0x80,0x49,0xFC,0x6B,0x4C,0x28,0x78,0x28,0x30,0x09,0xE8,0x19,0x08,0x1B,0xFE,0x28,0x88,0x48,0x88,0x08,0xC8,0x08,0x08,0x08,0x18,0x08,0x10,0x00,0x00,0x00,0x00}, // 125 将
    {0x01,0x80,0x01,0x80,0x11,0x8C,0x19,0x98,0x0D,0xB0,0x01,0x80,0x7F,0xFE,0x02,0x40,0x02,0x40,0x06,0x40,0x04,0x40,0x0C,0x42,0x18,0x46,0x70,0x7C,0x00,0x00,0x00,0x00}, // 126 光
    {0x31,0x00,0x1B,0xFE,0x02,0x00,0x47,0xFC,0x65,0x44,0x31,0x64,0x01,0x04,0x07,0xFE,0x12,0x48,0x32,0x28,0x23,0xFE,0x63,0xFE,0x40,0x18,0x00,0x10,0x00,0x00,0x00,0x00}, // 127 海
    {0x10,0x00,0x1B,0xFE,0x00,0x06,0x60,0x06,0x6F,0xF6,0x64,0x26,0x67,0xE6,0x64,0x26,0x67,0xE6,0x64,0x26,0x64,0x36,0x6F,0xE6,0x60,0x26,0x60,0x2C,0x00,0x08,0x00,0x00}, // 128 闻
    {0x0C,0x78,0x7F,0x60,0x22,0x60,0x12,0x60,0x7F,0xFE,0x7F,0xE4,0x08,0x64,0x7F,0xE4,0x08,0x64,0x3A,0x44,0x69,0x44,0x48,0xC4,0x18,0x84,0x10,0x84,0x00,0x00,0x00,0x00}, // 129 新
    {0x06,0x40,0x06,0x40,0x06,0x40,0x06,0x40,0x06,0x46,0x7E,0x58,0x06,0x60,0x06,0x40,0x06,0x40,0x06,0x40,0x06,0x40,0x3E,0x42,0x66,0x42,0x06,0x7E,0x00,0x00,0x00,0x00}, // 130 北
    {0x00,0x20,0x12,0x20,0x33,0x20,0x21,0x3E,0x4C,0x62,0x0C,0x46,0x12,0x50,0x31,0x10,0x7F,0x90,0x73,0x10,0x33,0x38,0x33,0x28,0x3F,0x64,0x33,0xC2,0x30,0x00,0x00,0x00}, // 131 欲
    {0x08,0x20,0x08,0x20,0x18,0x20,0x1F,0x20,0x11,0x28,0x31,0x2C,0x31,0x26,0x5B,0x22,0x0A,0x20,0x0E,0x20,0x06,0x20,0x0F,0x20,0x19,0xC0,0x60,0x7E,0x40,0x00,0x00,0x00}, // 132 处
    {0x02,0x00,0x06,0x00,0x04,0x00,0x3F,0xFE,0x20,0x06,0x20,0x06,0x27,0xE6,0x24,0x26,0x24,0x26,0x24,0x26,0x27,0xE6,0x20,0x06,0x20,0x06,0x20,0x1C,0x00,0x00,0x00,0x00}, // 133 向
    {0x20,0x00,0x17,0xFE,0x04,0x06,0x04,0x96,0x41,0x08,0x32,0x44,0x00,0x40,0x07,0xFE,0x00,0xE0,0x10,0xD0,0x11,0x58,0x33,0x4C,0x26,0x46,0x64,0x40,0x00,0x60,0x00,0x00}, // 134 深
    {0x00,0x00,0x7F,0xFE,0x00,0x18,0x00,0x18,0x1F,0x98,0x10,0x98,0x10,0x98,0x10,0x98,0x10,0x98,0x1F,0x98,0x10,0x98,0x10,0x18,0x00,0x18,0x00,0x78,0x00,0x60,0x00,0x00}, // 135 可
    {0x01,0x80,0x7F,0xFE,0x01,0x80,0x1F,0xF8,0x11,0x88,0x1F,0xF8,0x01,0x80,0x3F,0xF8,0x01,0x88,0x7F,0xFE,0x01,0x88,0x3F,0xF8,0x01,0x88,0x03,0x00,0x02,0x00,0x00,0x00}, // 136 事
    {0x00,0x00,0x1F,0xF8,0x00,0x80,0x7F,0xFE,0x60,0x82,0x6E,0xFA,0x1E,0xB8,0x00,0x00,0x20,0x00,0x3F,0xFC,0x00,0x0C,0x1F,0xFC,0x00,0x0C,0x1F,0xFC,0x00,0x0C,0x00,0x00}, // 137 雪
    {0x3F,0xFE,0x00,0x80,0x00,0x80,0x1F,0xFC,0x00,0x00,0x1F,0xFC,0x10,0x8C,0x10,0x8C,0x1F,0xFC,0x10,0x0C,0x30,0x00,0x20,0x00,0x60,0x00,0x00,0x00,0x00,0x00,0x00,0x00}, // 138 声
    {0x10,0x00,0x11,0xFE,0x11,0x26,0x15,0x26,0x5D,0x26,0x59,0xFE,0x51,0x26,0x51,0x36,0x11,0x56,0x19,0x4E,0x1D,0x86,0x25,0x06,0x21,0xFE,0x41,0x06,0x00,0x00,0x00,0x00}, // 139 烟
    {0x03,0x00,0x1F,0xF8,0x18,0x08,0x19,0x08,0x19,0x88,0x18,0x38,0x18,0x00,0x1F,0xFE,0x00,0x02,0x00,0x02,0x7F,0xF2,0x00,0x02,0x00,0x1E,0x00,0x08,0x00,0x00,0x00,0x00}, // 140 鸟
    {0x31,0x10,0x13,0x00,0x03,0xFE,0x07,0x30,0x77,0x30,0x3F,0xFE,0x33,0x30,0x33,0x30,0x33,0xFE,0x3B,0x30,0x3B,0x30,0x33,0xFE,0x23,0x00,0x03,0x00,0x00,0x00,0x00,0x00}, // 141 谁
    {0x10,0x20,0x11,0x2C,0x10,0xA8,0x7F,0xFE,0x10,0x70,0x18,0xA8,0x3D,0x26,0x37,0x00,0x70,0x40,0x53,0xFE,0x10,0x88,0x11,0xD0,0x10,0x30,0x17,0xCE,0x12,0x00,0x00,0x00}, // 142 楼
    {0x06,0x20,0x7F,0xFE,0x00,0x00,0x00,0x04,0x3F,0x64,0x21,0x64,0x3F,0x64,0x21,0x64,0x21,0x64,0x3F,0x64,0x21,0x64,0x21,0x04,0x27,0x1C,0x20,0x10,0x00,0x00,0x00,0x00}, // 143 前
    {0x7F,0xFE,0x04,0x20,0x1F,0xF8,0x1F,0xF8,0x10,0x08,0x1F,0xF8,0x02,0x00,0x7D,0xFE,0x08,0x10,0x7F,0xFE,0x4F,0xF2,0x08,0x10,0x0F,0xF0,0x00,0x10,0x00,0x00,0x00,0x00}, // 144 暮
    {0x02,0x10,0x7E,0x10,0x08,0xD4,0x08,0xB4,0x7E,0xBC,0x1A,0x30,0x3A,0x68,0x68,0x4C,0x49,0x86,0x00,0x00,0x34,0x8C,0x24,0x84,0x24,0x16,0x67,0xF0,0x00,0x00,0x00,0x00}, // 145 愁
    {0x01,0x00,0x19,0x30,0x11,0x18,0x11,0x00,0x3F,0xFE,0x02,0x00,0x02,0x00,0x07,0xF8,0x0E,0x18,0x0B,0x10,0x11,0xA0,0x60,0xC0,0x01,0xE0,0x1E,0x1E,0x08,0x00,0x00,0x00}, // 146 发
    {0x3F,0xFE,0x06,0x20,0x06,0x20,0x7F,0xFE,0x01,0x80,0x1F,0xF8,0x11,0x88,0x1F,0xF8,0x11,0x88,0x1F,0xF8,0x04,0x20,0x0C,0x18,0x30,0x0E,0x20,0x00,0x00,0x00,0x00,0x00}, // 147 黄
    {0x08,0x00,0x08,0x00,0x1F,0xFE,0x18,0x00,0x10,0x00,0x10,0x00,0x1F,0xFC,0x00,0x04,0x00,0x04,0x00,0x0C,0x7F,0xEC,0x00,0x0C,0x00,0x08,0x00,0x78,0x00,0x00,0x00,0x00}, // 148 与
    {0x01,0x80,0x00,0x00,0x7F,0xFE,0x04,0x00,0x04,0x00,0x04,0x00,0x07,0xF8,0x04,0x08,0x04,0x08,0x0C,0x08,0x18,0x18,0x10,0x18,0x20,0x70,0x40,0x00,0x00,0x00,0x00,0x00}, // 149 方
    {0x01,0x00,0x01,0x80,0x7F,0xFE,0x03,0x00,0x02,0x00,0x06,0x8C,0x04,0x98,0x0C,0xF0,0x1C,0x60,0x34,0x20,0x44,0x30,0x05,0x98,0x07,0x0E,0x06,0x00,0x00,0x00,0x00,0x00}, // 150 衣
    {0x20,0x00,0x37,0xFC,0x19,0x04,0x01,0x08,0x41,0x08,0x31,0x88,0x10,0x98,0x00,0x90,0x00,0x70,0x18,0x60,0x10,0x60,0x20,0x90,0x23,0x0C,0x4E,0x06,0x00,0x00,0x00,0x00}, // 151 汉
    {0x00,0x4C,0x00,0x40,0x3F,0xFE,0x30,0x40,0x30,0x40,0x3F,0x4C,0x22,0x48,0x22,0x78,0x22,0x30,0x22,0x20,0x26,0x72,0x6E,0xDA,0x43,0x0E,0x00,0x00,0x00,0x00,0x00,0x00}, // 152 成
    {0x3F,0xFC,0x20,0x04,0x20,0x04,0x2F,0xF4,0x20,0x04,0x20,0x04,0x27,0xE4,0x24,0x24,0x24,0x24,0x27,0xE4,0x20,0x04,0x20,0x04,0x20,0x0C,0x60,0x00,0x00,0x00,0x00,0x00}, // 153 同
    {0x1F,0xF8,0x18,0x08,0x18,0x08,0x18,0x08,0x1F,0xF8,0x10,0x40,0x12,0x20,0x13,0x10,0x20,0xCC,0x60,0x46,0x07,0x00,0x01,0xC0,0x00,0x60,0x00,0x00,0x00,0x00,0x00,0x00}, // 154 尽
    {0x08,0x00,0x1F,0xFC,0x30,0x00,0x2F,0xF8,0x60,0x00,0x00,0x00,0x3F,0xF0,0x00,0x10,0x00,0x10,0x00,0x10,0x00,0x1A,0x00,0x0A,0x00,0x0E,0x00,0x00,0x00,0x00,0x00,0x00}, // 155 气
    {0x08,0x00,0x19,0xFC,0x31,0x04,0x61,0xFC,0x0D,0x04,0x19,0xFC,0x10,0x00,0x33,0xFE,0x50,0x08,0x17,0xFE,0x10,0x08,0x11,0x08,0x11,0x88,0x10,0x38,0x00,0x00,0x00,0x00}, // 156 得
    {0x02,0x00,0x04,0x20,0x0C,0x10,0x18,0x08,0x3F,0xFC,0x30,0x04,0x00,0x00,0x1F,0xF8,0x10,0x08,0x10,0x08,0x10,0x08,0x1F,0xF8,0x1F,0xF8,0x00,0x00,0x00,0x00,0x00,0x00}, // 157 台
    {0x08,0x40,0x08,0xC0,0x68,0x80,0x49,0xFE,0x49,0x60,0x4A,0x30,0x48,0x10,0x49,0xFE,0x49,0x22,0x49,0x22,0x49,0x22,0x49,0x22,0x69,0xFE,0x09,0x02,0x00,0x00,0x00,0x00}, // 158 临
    {0x01,0x00,0x0F,0xF0,0x08,0x10,0x09,0x10,0x09,0x90,0x08,0x10,0x7F,0xFE,0x08,0x10,0x09,0x10,0x19,0x90,0x10,0x90,0x30,0x10,0x20,0x30,0x00,0x00,0x00,0x00,0x00,0x00}, // 159 舟
    {0x13,0xFE,0x10,0x20,0x75,0xFC,0x54,0x20,0x53,0xFE,0x50,0x00,0x11,0xFC,0x11,0x04,0x11,0xFC,0x11,0x04,0x11,0xFC,0x11,0x04,0x11,0x0C,0x11,0x08,0x00,0x00,0x00,0x00}, // 160 情
    {0x00,0x20,0x08,0x20,0x08,0x20,0x08,0x20,0x08,0x20,0x08,0x60,0x08,0x60,0x0C,0x60,0x0E,0x50,0x13,0xD0,0x10,0x98,0x21,0x8C,0x61,0x04,0x46,0x06,0x00,0x00,0x00,0x00}, // 161 从
    {0x00,0x00,0x37,0xFE,0x18,0x0C,0x00,0x0C,0x43,0xEC,0x63,0xEC,0x32,0x6C,0x02,0x6C,0x12,0x6C,0x13,0xEC,0x12,0x6C,0x22,0x0C,0x60,0x0C,0x60,0x3C,0x00,0x10,0x00,0x00}, // 162 河
    {0x00,0x20,0x08,0x20,0x08,0x40,0x08,0x7E,0x7F,0x8C,0x08,0xCC,0x09,0x48,0x7E,0x48,0x62,0x48,0x62,0x38,0x62,0x30,0x7E,0x30,0x62,0x4C,0x61,0x86,0x00,0x00,0x00,0x00}, // 163 故
    {0x3F,0xC0,0x01,0x00,0x1F,0xFC,0x02,0x00,0x7F,0xFE,0x04,0x00,0x0F,0xF8,0x1C,0x08,0x3F,0xF8,0x4C,0x08,0x0F,0xF8,0x0C,0x08,0x0F,0xF8,0x0C,0x08,0x00,0x00,0x00,0x00}, // 164 看
    {0x00,0x40,0x07,0x50,0x7C,0x48,0x0C,0x44,0x0C,0x40,0x7F,0xFE,0x0C,0x40,0x0C,0x44,0x0F,0x4C,0x7C,0x78,0x0C,0x30,0x0C,0x70,0x0C,0xDA,0x19,0x0E,0x10,0x00,0x00,0x00}, // 165 我
    {0x00,0x30,0x7C,0x30,0x7C,0x30,0x44,0x30,0x44,0x30,0x47,0xFE,0x44,0x30,0x44,0x30,0x44,0x30,0x7C,0x30,0x44,0x30,0x44,0x30,0x40,0x30,0x00,0x30,0x00,0x00,0x00,0x00}, // 166 叶
    {0x01,0x90,0x61,0x90,0x17,0xFE,0x01,0x90,0x47,0xFE,0x67,0xFE,0x20,0x90,0x07,0xFE,0x14,0x92,0x34,0xB2,0x25,0x7A,0x67,0x2A,0x44,0x42,0x04,0x0E,0x04,0x08,0x00,0x00}, // 167 满
    {0x00,0x00,0x3F,0xFC,0x3F,0xFC,0x01,0x80,0x01,0x80,0x01,0x80,0x01,0x80,0x1F,0xF8,0x01,0x80,0x01,0x80,0x01,0x80,0x01,0x80,0x01,0x80,0x7F,0xFE,0x00,0x00,0x00,0x00}, // 168 王
    {0x00,0x00,0x3F,0xF8,0x01,0x80,0x7F,0xFE,0x01,0x80,0x1F,0xF8,0x11,0x88,0x1F,0xF8,0x11,0x88,0x1F,0xF8,0x01,0x80,0x3F,0xFC,0x01,0x80,0x7F,0xFE,0x00,0x00,0x00,0x00}, // 169 重
    {0x3F,0xFE,0x03,0x00,0x02,0x00,0x02,0x00,0x06,0x00,0x0F,0xFC,0x0C,0x0C,0x14,0x0C,0x64,0x0C,0x44,0x0C,0x04,0x0C,0x07,0xFC,0x04,0x0C,0x00,0x00,0x00,0x00,0x00,0x00}, // 170 石
    {0x03,0x30,0x03,0x18,0x03,0x00,0x7F,0xFE,0x02,0xC0,0x02,0xC0,0x02,0xC8,0x06,0xD8,0x04,0xF0,0x0C,0xE0,0x18,0xC0,0x31,0xC2,0x66,0xFE,0x00,0x00,0x00,0x00,0x00,0x00}, // 171 龙
    {0x3F,0xFC,0x04,0x00,0x04,0x20,0x7F,0xFE,0x00,0x00,0x1F,0xF8,0x10,0x08,0x1F,0xF8,0x1F,0xF8,0x00,0x00,0x2D,0x84,0x2C,0x96,0x47,0xF2,0x00,0x00,0x00,0x00,0x00,0x00}, // 172 意
    {0x3F,0xFC,0x01,0x80,0x11,0x88,0x19,0x98,0x0D,0x90,0x05,0xA0,0x01,0x80,0x7F,0xFE,0x01,0x80,0x01,0x80,0x01,0x80,0x01,0x80,0x01,0x80,0x01,0x80,0x00,0x00,0x00,0x00}, // 173 平
    {0x04,0x20,0x04,0x20,0x06,0x60,0x3F,0xFC,0x3F,0xFC,0x01,0x80,0x01,0x80,0x01,0x80,0x7F,0xFE,0x01,0x80,0x03,0x40,0x06,0x70,0x0C,0x1C,0x70,0x0E,0x00,0x00,0x00,0x00}, // 174 关
    {0x7F,0xFE,0x00,0x20,0x17,0x60,0x11,0xC4,0x16,0x34,0x1F,0xFC,0x01,0x00,0x01,0x00,0x3F,0xFE,0x26,0x26,0x2C,0xF6,0x27,0x16,0x20,0x0E,0x20,0x08,0x00,0x00,0x00,0x00}, // 175 离
    {0x1F,0xC8,0x01,0x00,0x7F,0xFE,0x03,0x40,0x0D,0x60,0x19,0x38,0x61,0x0E,0x1F,0xF0,0x18,0x10,0x1F,0xF0,0x18,0x10,0x18,0x10,0x1F,0xF0,0x18,0x00,0x00,0x00,0x00,0x00}, // 176 香
    {0x00,0x00,0x7F,0xFE,0x01,0x80,0x1F,0xF8,0x11,0x88,0x11,0x88,0x1F,0xF8,0x11,0x88,0x1F,0xF8,0x09,0x00,0x0D,0x00,0x07,0x00,0x07,0xC0,0x78,0x7E,0x40,0x00,0x00,0x00}, // 177 更
    {0x02,0x00,0x06,0x00,0x07,0xFC,0x0C,0x04,0x18,0x0C,0x32,0x08,0x23,0x18,0x01,0xD0,0x00,0x70,0x00,0x60,0x01,0x80,0x07,0x00,0x7C,0x00,0x00,0x00,0x00,0x00,0x00,0x00}, // 178 夕
    {0x03,0x10,0x03,0x18,0x03,0x0C,0x3F,0xF4,0x03,0x10,0x03,0x10,0x03,0x10,0x7F,0xFC,0x7F,0xFC,0x03,0x04,0x03,0x04,0x03,0x04,0x03,0x1C,0x03,0x00,0x00,0x00,0x00,0x00}, // 179 书
    {0x00,0x80,0x1F,0xFE,0x10,0x00,0x10,0x00,0x10,0x8C,0x1C,0x88,0x34,0x48,0x36,0x58,0x22,0x10,0x22,0x10,0x20,0x30,0x6F,0xFE,0x4F,0xFE,0x00,0x00,0x00,0x00,0x00,0x00}, // 180 应
    {0x00,0x0C,0x7D,0xFC,0x0D,0x50,0x09,0x50,0x11,0x50,0x11,0x58,0x1D,0x48,0x71,0x48,0x51,0x48,0x11,0x48,0x13,0x4C,0x12,0x54,0x16,0xF6,0x34,0x0A,0x00,0x00,0x00,0x00}, // 181 孤
    {0x08,0x60,0x18,0x60,0x10,0x60,0x12,0x64,0x32,0x64,0x72,0x64,0x52,0x64,0x12,0x64,0x12,0x64,0x12,0x64,0x12,0x64,0x13,0xFC,0x10,0x04,0x00,0x00,0x00,0x00,0x00,0x00}, // 182 仙
    {0x00,0x00,0x23,0xFC,0x22,0x04,0x22,0x04,0x22,0x04,0x22,0x04,0x23,0xFC,0x23,0xFC,0x22,0x04,0x22,0x04,0x22,0x04,0x23,0xFC,0x22,0x04,0x22,0x04,0x00,0x00,0x00,0x00}, // 183 旧
    {0x1F,0xF8,0x1F,0xF8,0x18,0x18,0x1F,0xF8,0x18,0x18,0x1F,0xF8,0x00,0x00,0x7F,0xFE,0x01,0x80,0x09,0x80,0x09,0xFC,0x1D,0x80,0x37,0x80,0x61,0xFE,0x00,0x00,0x00,0x00}, // 184 是
    {0x20,0x40,0x30,0x40,0x13,0xFC,0x00,0x44,0x00,0xC4,0x70,0x84,0x10,0x84,0x11,0x84,0x11,0x04,0x13,0x3C,0x12,0x18,0x2C,0x00,0x43,0xFE,0x00,0x00,0x00,0x00,0x00,0x00}, // 185 边
    {0x04,0x20,0x04,0x20,0x7F,0xFE,0x04,0x20,0x01,0x80,0x00,0x80,0x7F,0xFE,0x06,0x00,0x07,0xF8,0x04,0x18,0x04,0x18,0x0C,0x10,0x18,0x10,0x70,0xF0,0x00,0x00,0x00,0x00}, // 186 芳
    {0x08,0xFC,0x3E,0x04,0x08,0x04,0x08,0x04,0x08,0x7C,0x7F,0x7C,0x0C,0x40,0x3C,0x40,0x2F,0x46,0x2C,0x46,0x3C,0x7C,0x4C,0x00,0x47,0xFE,0x00,0x00,0x00,0x00,0x00,0x00}, // 187 起
    {0x08,0xC4,0x18,0xDC,0x38,0xF0,0x79,0xC0,0x5B,0xC0,0x18,0xC2,0x18,0x7E,0x19,0x00,0x01,0x00,0x7F,0xFE,0x01,0x00,0x01,0x00,0x01,0x00,0x00,0x00,0x00,0x00,0x00,0x00}, // 188 华
    {0x08,0x40,0x18,0x44,0x36,0x58,0x23,0x60,0x7F,0xC2,0x00,0x7E,0x3F,0x00,0x23,0x40,0x3F,0x44,0x23,0x78,0x23,0x60,0x3F,0x40,0x23,0x42,0x27,0x7E,0x20,0x00,0x00,0x00}, // 189 能
    {0x03,0x00,0x03,0x08,0x1F,0xE8,0x1F,0xF8,0x03,0x30,0x03,0x60,0x7F,0xFE,0x01,0x80,0x06,0x10,0x0C,0x60,0x77,0x80,0x44,0x00,0x04,0x0C,0x07,0xF8,0x00,0x00,0x00,0x00}, // 190 老
    {0x10,0x00,0x13,0xDE,0x12,0x12,0x7A,0x52,0x12,0x52,0x32,0x52,0x3A,0x52,0x3E,0x52,0x52,0xD2,0x53,0x52,0x12,0x96,0x10,0x90,0x11,0x90,0x13,0x10,0x00,0x00,0x00,0x00}, // 191 柳
    {0x04,0x40,0x04,0x60,0x0C,0x20,0x08,0x30,0x18,0x18,0x30,0x0E,0x6F,0xFE,0x02,0x10,0x02,0x10,0x02,0x10,0x06,0x10,0x04,0x10,0x18,0x30,0x30,0x60,0x20,0x00,0x00,0x00}, // 192 分
    {0x03,0x80,0x06,0x40,0x04,0x30,0x18,0x1C,0x37,0xE6,0x61,0x80,0x01,0x80,0x3F,0xF8,0x3F,0xF8,0x01,0x80,0x0D,0x90,0x31,0x88,0x23,0x8C,0x02,0x00,0x00,0x00,0x00,0x00}, // 193 余
    {0x01,0x80,0x3F,0xFC,0x20,0x04,0x23,0x04,0x02,0x00,0x06,0x00,0x7F,0xFE,0x0C,0x30,0x08,0x20,0x07,0xC0,0x00,0xE0,0x07,0x1C,0x3C,0x06,0x20,0x00,0x00,0x00,0x00,0x00}, // 194 安
    {0x01,0x80,0x01,0x80,0x01,0x80,0x7F,0xFE,0x01,0x80,0x01,0x80,0x01,0x80,0x1F,0xF8,0x10,0x08,0x10,0x08,0x10,0x08,0x10,0x08,0x1F,0xF8,0x10,0x08,0x00,0x00,0x00,0x00}, // 195 古
    {0x00,0x0C,0x67,0xF0,0x30,0x44,0x12,0x4C,0x00,0x08,0x01,0x00,0x73,0xFC,0x32,0x60,0x37,0xFE,0x30,0x60,0x32,0x64,0x33,0xFC,0x38,0x04,0x67,0xFE,0x00,0x00,0x00,0x00}, // 196 遥
    {0x01,0x80,0x0D,0x80,0x09,0xB0,0x49,0xA2,0x51,0xC2,0x5F,0xDA,0x45,0xF2,0x49,0xA2,0x4B,0xAA,0x53,0xFA,0x5F,0xCA,0x41,0x82,0x4F,0xFE,0x78,0x02,0x00,0x00,0x00,0x00}, // 197 幽
    {0x00,0x60,0x08,0x60,0x18,0x60,0x1F,0x60,0x31,0x60,0x23,0x78,0x62,0x6C,0x5A,0x64,0x06,0x66,0x04,0x60,0x08,0x60,0x18,0x60,0x70,0x60,0x40,0x60,0x00,0x00,0x00,0x00}, // 198 外
    {0x02,0x00,0x06,0x10,0x0C,0x30,0x18,0x60,0x1F,0xC0,0x01,0x00,0x02,0x0C,0x0C,0x38,0x1F,0xD0,0x00,0x20,0x00,0xC0,0x03,0x80,0x7C,0x00,0x20,0x00,0x00,0x00,0x00,0x00}, // 199 乡
    {0x00,0x08,0x1F,0xF8,0x10,0x00,0x10,0x80,0x10,0x80,0x30,0x80,0x3F,0xFE,0x20,0x80,0x00,0x80,0x0C,0x90,0x18,0x98,0x30,0x8C,0x20,0x84,0x03,0x80,0x02,0x00,0x00,0x00}, // 200 乐
    {0x78,0x80,0x49,0xF8,0x4A,0x10,0x4A,0x30,0x4B,0xFC,0x7B,0x24,0x4B,0x24,0x4B,0xFC,0x48,0x50,0x78,0xD0,0x48,0x90,0x41,0x12,0x06,0x1E,0x00,0x00,0x00,0x00,0x00,0x00}, // 201 晚
    {0x10,0x00,0x11,0xFC,0x30,0x04,0x25,0xFC,0x6C,0x04,0x78,0x0C,0x1B,0xFE,0x10,0x20,0x21,0x26,0x7C,0xF8,0x00,0xE8,0x05,0xAC,0x7B,0x26,0x00,0x62,0x00,0x40,0x00,0x00}, // 202 绿
    {0x01,0x80,0x3F,0xFE,0x20,0x06,0x2F,0xF6,0x08,0x10,0x08,0x10,0x0F,0xF0,0x00,0x00,0x00,0x00,0x1F,0xFC,0x10,0x0C,0x10,0x0C,0x1F,0xFC,0x10,0x0C,0x00,0x00,0x00,0x00}, // 203 宫
    {0x00,0x80,0x20,0x84,0x20,0x84,0x3F,0xFC,0x3F,0xFC,0x03,0x00,0x06,0x00,0x0F,0xFC,0x18,0x08,0x32,0x18,0x03,0x10,0x00,0xE0,0x01,0xC0,0x7E,0x00,0x00,0x00,0x00,0x00}, // 204 岁
    {0x18,0x20,0x18,0x28,0x1F,0x24,0x32,0x20,0x6B,0xFC,0x4E,0x20,0x34,0x70,0x1C,0x50,0x18,0xC8,0x31,0x8E,0x21,0x00,0x20,0x48,0x26,0x44,0x62,0x26,0x00,0x00,0x00,0x00}, // 205 然
    {0x00,0x00,0x24,0x40,0x18,0x48,0x18,0x40,0x28,0x40,0x4B,0xFE,0x0C,0x50,0x1C,0x50,0x34,0xD0,0x64,0x90,0x04,0x90,0x0D,0x92,0x09,0x12,0x3A,0x1E,0x00,0x00,0x00,0x00}, // 206 犹
    {0x7F,0xFE,0x01,0x00,0x01,0x00,0x1F,0xF8,0x10,0x08,0x10,0x08,0x10,0x08,0x1F,0xF8,0x10,0x08,0x10,0x08,0x10,0x08,0x1F,0xF8,0x10,0x08,0x10,0x00,0x00,0x00,0x00,0x00}, // 207 百
    {0x08,0x80,0x19,0x80,0x11,0xFE,0x33,0x40,0x36,0x40,0x50,0x7C,0x50,0x40,0x10,0x40,0x10,0x40,0x10,0x7E,0x10,0x40,0x10,0x40,0x10,0x40,0x10,0x40,0x00,0x00,0x00,0x00}, // 208 作
    {0x78,0x30,0x4A,0xFE,0x5B,0x60,0x52,0x40,0x50,0xFC,0x57,0x44,0x49,0x7C,0x49,0x44,0x49,0x7C,0x59,0x44,0x41,0x44,0x43,0x80,0x44,0x7E,0x40,0x00,0x00,0x00,0x00,0x00}, // 209 随
    {0x00,0x98,0x7D,0x80,0x05,0xFE,0x0D,0x90,0x6A,0x90,0x2E,0xFC,0x18,0x90,0x18,0x90,0x18,0xFC,0x34,0x90,0x24,0x90,0x40,0xFE,0x00,0x80,0x00,0x80,0x00,0x00,0x00,0x00}, // 210 难
    {0x18,0x20,0x10,0x60,0x30,0x40,0x3F,0x7E,0x68,0x88,0xC9,0x88,0x0B,0x08,0x08,0x08,0x08,0x08,0x08,0x08,0x08,0x08,0x08,0x08,0x08,0x38,0x08,0x20,0x00,0x00,0x00,0x00}, // 211 竹
    {0x00,0x0C,0x18,0x0C,0x18,0x8C,0x18,0x8C,0x18,0x8C,0x18,0x8C,0x18,0x8C,0x18,0x8C,0x10,0x8C,0x10,0x8C,0x10,0x8C,0x30,0x8C,0x20,0x8C,0x60,0x0C,0x00,0x0C,0x00,0x00}, // 212 川
    {0x01,0x80,0x11,0x84,0x19,0x8C,0x09,0x98,0x09,0x90,0x01,0x80,0x3F,0xFC,0x00,0x04,0x00,0x04,0x3F,0xFC,0x00,0x04,0x00,0x04,0x3F,0xFC,0x00,0x04,0x00,0x04,0x00,0x00}, // 213 当
    {0x3F,0xFC,0x20,0x04,0x2F,0xF4,0x21,0x04,0x21,0x04,0x2F,0xF4,0x21,0x04,0x21,0x64,0x21,0x24,0x2F,0xF4,0x20,0x04,0x20,0x04,0x3F,0xFC,0x20,0x04,0x00,0x00,0x00,0x00}, // 214 国
    {0x00,0x00,0x1F,0xF8,0x7F,0xFC,0x61,0x84,0x7D,0xF4,0x1D,0xF0,0x00,0x40,0x3E,0xF8,0x23,0xC8,0x3E,0x30,0x08,0xFE,0x2F,0xF8,0x28,0x88,0x7E,0xF8,0x00,0x8C,0x00,0x00}, // 215 露
    {0x7F,0x00,0x69,0x7C,0x69,0x08,0x7F,0x78,0x69,0x18,0x69,0x00,0x7F,0xFE,0x08,0x12,0x08,0x10,0x7F,0x10,0x08,0x10,0x09,0x10,0x7E,0x10,0x00,0x70,0x00,0x60,0x00,0x00}, // 216 野
    {0x09,0xFE,0x01,0xFE,0x7C,0x26,0x04,0x66,0x08,0x64,0x1B,0x64,0x1E,0x44,0x3E,0x44,0x5A,0x44,0x18,0xC4,0x18,0x84,0x19,0x84,0x1B,0x1C,0x18,0x00,0x00,0x00,0x00,0x00}, // 217 初
    {0x01,0x80,0x19,0x90,0x11,0x88,0x31,0x8C,0x61,0x86,0x00,0x00,0x01,0x80,0x01,0x80,0x3F,0xFC,0x01,0x80,0x01,0x80,0x01,0x80,0x7F,0xFE,0x00,0x00,0x00,0x00,0x00,0x00}, // 218 尘
    {0x00,0x60,0x00,0x40,0x79,0xFC,0x49,0x24,0x49,0x24,0x49,0x04,0x49,0x1C,0x49,0x00,0x49,0xFE,0x78,0x02,0x4B,0xFA,0x40,0x02,0x00,0x06,0x00,0x1C,0x00,0x00,0x00,0x00}, // 219 鸣
    {0x06,0x60,0x06,0x60,0x06,0x60,0x7F,0xFE,0x66,0x66,0x66,0x66,0x66,0x66,0x7F,0xFE,0x66,0x66,0x66,0x66,0x66,0x66,0x66,0x66,0x7F,0xFE,0x60,0x06,0x00,0x00,0x00,0x00}, // 220 曲
    {0x11,0x18,0x35,0x50,0x65,0x50,0x45,0x5E,0x17,0xE4,0x30,0x24,0x2F,0xA4,0x60,0x14,0x67,0x94,0x24,0x98,0x24,0xD8,0x24,0xD8,0x2D,0x3C,0x20,0xC6,0x00,0x00,0x00,0x00}, // 221 微
    {0x1E,0xFC,0x20,0xC0,0x20,0xC0,0x20,0xC0,0x3E,0xFE,0x22,0x88,0x22,0x88,0x22,0x88,0x3E,0x88,0x20,0x88,0x21,0x88,0x61,0x08,0x43,0x08,0x00,0x00,0x00,0x00,0x00,0x00}, // 222 所
    {0x1F,0xFC,0x01,0x80,0x7F,0xFE,0x61,0x82,0x7D,0xFA,0x1F,0xF8,0x00,0x00,0x08,0xFC,0x7E,0x84,0x18,0xFC,0x1C,0x84,0x2A,0xFC,0x68,0x84,0x08,0xFC,0x08,0x80,0x00,0x00}, // 223 霜
    {0x01,0x80,0x01,0x80,0x01,0x80,0x01,0x80,0x7F,0xFE,0x7F,0xFE,0x01,0x80,0x01,0x80,0x03,0xC0,0x02,0x60,0x04,0x20,0x0C,0x10,0x38,0x1C,0x60,0x06,0x00,0x00,0x00,0x00}, // 224 大
    {0x00,0xC0,0x00,0x80,0x7C,0x80,0x64,0xFE,0x65,0x04,0x65,0x24,0x67,0x24,0x64,0x20,0x64,0x60,0x7C,0x70,0x64,0xD0,0x60,0x98,0x03,0x0C,0x06,0x06,0x00,0x00,0x00,0x00}, // 225 吹
    {0x7E,0xFC,0x44,0x84,0x44,0x84,0x4C,0xFC,0x48,0xFC,0x48,0x84,0x44,0x84,0x44,0xFC,0x44,0x84,0x5C,0x84,0x49,0x04,0x43,0x04,0x42,0x1C,0x02,0x00,0x00,0x00,0x00,0x00}, // 226 阴
    {0x00,0x40,0x60,0x80,0x37,0xFE,0x11,0x00,0x01,0x20,0x02,0x20,0x73,0xFC,0x10,0x20,0x10,0x20,0x17,0xFE,0x10,0x20,0x10,0x20,0x38,0x20,0x47,0xFE,0x00,0x00,0x00,0x00}, // 227 连
    {0x18,0x10,0x18,0xD0,0x18,0x90,0x18,0x98,0x7D,0x88,0x19,0x04,0x1B,0x66,0x3C,0x40,0x3A,0x40,0x78,0xC8,0x58,0x8C,0x18,0x84,0x19,0xFC,0x19,0x86,0x18,0x00,0x00,0x00}, // 228 松
    {0x01,0x00,0x01,0x80,0x7F,0xFE,0x08,0x30,0x08,0x20,0x0C,0x20,0x04,0x60,0x06,0x40,0x02,0xC0,0x01,0x80,0x03,0xC0,0x0E,0x70,0x78,0x1E,0x00,0x00,0x00,0x00,0x00,0x00}, // 229 文
    {0x19,0xFC,0x08,0x04,0x60,0x04,0x67,0xE4,0x64,0x24,0x64,0x24,0x67,0xE4,0x64,0x24,0x64,0x24,0x67,0xE4,0x60,0x04,0x60,0x04,0x60,0x0C,0x00,0x00,0x00,0x00,0x00,0x00}, // 230 间
    {0x7F,0xFE,0x06,0x60,0x06,0x60,0x1F,0xF8,0x10,0x08,0x1F,0xF8,0x10,0x08,0x1F,0xF8,0x01,0x00,0x7F,0xFE,0x03,0xC0,0x06,0x60,0x78,0x1E,0x00,0x00,0x00,0x00,0x00,0x00}, // 231 莫
    {0x3C,0xFE,0x20,0x26,0x26,0x26,0x26,0x64,0x3A,0xCC,0x20,0x80,0x3F,0xFC,0x30,0x84,0x30,0x84,0x3F,0xFC,0x30,0x84,0x3F,0xFC,0x30,0x04,0x30,0x04,0x00,0x00,0x00,0x00}, // 232 留
    {0x00,0xC0,0x3F,0xFE,0x30,0x04,0x3F,0xFE,0x32,0x10,0x32,0x10,0x34,0x7C,0x37,0x10,0x21,0x10,0x2A,0xFE,0x26,0xFE,0x67,0x00,0x5D,0xFE,0x00,0x00,0x00,0x00,0x00,0x00}, // 233 庭
    {0x00,0x60,0x30,0x60,0x1B,0x60,0x03,0x60,0x03,0x7C,0x63,0xE4,0x37,0x64,0x03,0x64,0x03,0x64,0x13,0x7C,0x33,0x60,0x23,0x62,0x63,0x02,0x61,0xFE,0x00,0x00,0x00,0x00}, // 234 池
    {0x06,0x40,0x06,0x40,0x06,0x40,0x7E,0x7E,0x06,0x40,0x06,0x40,0x3E,0x7C,0x06,0x40,0x06,0x40,0x06,0x40,0x7E,0x7E,0x06,0x40,0x06,0x40,0x06,0x40,0x00,0x40,0x00,0x00}, // 235 非
    {0x00,0x40,0x30,0x40,0x18,0x48,0x03,0x4C,0x03,0x46,0x62,0x42,0x32,0x40,0x06,0x44,0x00,0x4C,0x10,0x08,0x30,0x10,0x20,0x70,0x60,0xC0,0x6F,0x80,0x04,0x00,0x00,0x00}, // 236 沙
    {0x18,0x00,0x3F,0xFC,0x6A,0x48,0x1F,0xFC,0x0A,0x48,0x0A,0x48,0x7F,0xFE,0x18,0x10,0x1F,0xFE,0x22,0xD0,0x0E,0x90,0x0C,0x7C,0x78,0x10,0x00,0x10,0x00,0x00,0x00,0x00}, // 237 舞
    {0x00,0x18,0x30,0x18,0x10,0x18,0x1B,0xFE,0x00,0x18,0x01,0x18,0x71,0x18,0x11,0x98,0x10,0x98,0x10,0x18,0x10,0x10,0x10,0x70,0x3C,0x00,0x67,0xFE,0x00,0x00,0x00,0x00}, // 238 过
    {0x08,0x20,0x01,0xFE,0x7D,0x22,0x0D,0x22,0x09,0x22,0x19,0xFE,0x3D,0x22,0x75,0x22,0x51,0xFE,0x11,0x22,0x11,0x20,0x10,0x20,0x10,0x20,0x10,0x20,0x00,0x00,0x00,0x00}, // 239 神
    {0x08,0x20,0x08,0x20,0x7F,0xFE,0x18,0x20,0x3A,0x6C,0x68,0xA6,0x09,0x20,0x3F,0xFC,0x01,0x8C,0x09,0x80,0x19,0xF8,0x1D,0x80,0x27,0x80,0x61,0xFE,0x00,0x00,0x00,0x00}, // 240 楚
    {0x00,0x10,0x21,0x10,0x11,0x90,0x13,0xFC,0x00,0x40,0x00,0x40,0x77,0xFC,0x17,0xFC,0x10,0xE0,0x10,0xB0,0x11,0x0C,0x12,0x08,0x38,0x00,0x47,0xFE,0x00,0x00,0x00,0x00}, // 241 送
    {0x00,0x08,0x00,0x08,0x7E,0x08,0x02,0x08,0x03,0xFE,0x24,0x08,0x34,0x88,0x1C,0x88,0x0C,0x48,0x0C,0x48,0x16,0x08,0x32,0x08,0x60,0x08,0x40,0x38,0x00,0x00,0x00,0x00}, // 242 对
    {0x00,0x40,0x08,0x40,0x06,0x40,0x02,0x40,0x30,0x40,0x18,0x40,0x08,0x40,0x00,0x40,0x7F,0xFE,0x00,0x80,0x01,0xA0,0x03,0x30,0x0E,0x0C,0x38,0x06,0x20,0x00,0x00,0x00}, // 243 头
    {0x00,0x40,0x06,0x60,0x04,0x20,0x0C,0x30,0x18,0x10,0x10,0x08,0x31,0x0C,0x63,0x06,0x02,0x00,0x06,0x20,0x04,0x30,0x08,0x18,0x1F,0xF8,0x18,0x0C,0x00,0x00,0x00,0x00}, // 244 公
    {0x02,0x40,0x02,0x40,0x7E,0x7E,0x02,0x40,0x3E,0x7C,0x02,0x40,0x02,0x40,0x7E,0x7E,0x02,0x40,0x00,0x80,0x24,0x8C,0x64,0x86,0x44,0x1A,0x07,0xF0,0x00,0x00,0x00,0x00}, // 245 悲
    {0x01,0x80,0x01,0x90,0x19,0x98,0x11,0x90,0x19,0x98,0x3D,0xAC,0x27,0xA6,0x61,0xC0,0x01,0x80,0x3F,0xFC,0x01,0x80,0x01,0x80,0x01,0x80,0x7F,0xFE,0x00,0x00,0x00,0x00}, // 246 坐
    {0x01,0x80,0x00,0x00,0x7F,0xFE,0x02,0x60,0x02,0x60,0x12,0x68,0x32,0x6C,0x26,0x64,0x66,0x66,0x04,0x60,0x0C,0x60,0x18,0x60,0x70,0xC0,0x00,0x00,0x00,0x00,0x00,0x00}, // 247 亦
    {0x00,0x20,0x30,0x20,0x1B,0xFE,0x02,0x24,0x42,0x24,0x72,0x20,0x13,0xFC,0x02,0x88,0x1A,0x88,0x12,0xD8,0x34,0x50,0x64,0x20,0x4C,0xD8,0x0B,0x8E,0x02,0x00,0x00,0x00}, // 248 波
    {0x0F,0xE0,0x0C,0x60,0x0C,0x60,0x0C,0x60,0x0C,0x60,0x0C,0x60,0x0C,0x60,0x08,0x60,0x08,0x60,0x18,0x60,0x10,0x62,0x30,0x26,0x60,0x3C,0x00,0x00,0x00,0x00,0x00,0x00}, // 249 几
    {0x00,0x30,0x00,0x30,0x3E,0x30,0x00,0x30,0x00,0xFE,0x7F,0x32,0x7F,0x22,0x10,0x22,0x16,0x22,0x22,0x22,0x23,0x62,0x7D,0x46,0x00,0xC6,0x01,0x9C,0x00,0x00,0x00,0x00}, // 250 动
    {0x00,0x00,0x18,0x00,0x11,0xFE,0x22,0x30,0x26,0x30,0x7C,0x30,0x08,0x30,0x18,0x30,0x30,0x30,0x7E,0x30,0x00,0x30,0x02,0x30,0x7C,0x30,0x61,0xFE,0x00,0x00,0x00,0x00}, // 251 红
    {0x0F,0xF8,0x08,0x18,0x08,0x18,0x0F,0xF8,0x08,0x18,0x0F,0xFE,0x08,0x1C,0x08,0x18,0x7F,0xF8,0x00,0xD8,0x03,0x98,0x0E,0x18,0x70,0x78,0x00,0x20,0x00,0x00,0x00,0x00}, // 252 身
    {0x18,0x00,0x1B,0xFE,0x18,0x20,0x5C,0x20,0x7E,0x60,0x5A,0x60,0x58,0xE8,0x19,0xEC,0x19,0x66,0x1A,0x62,0x1C,0x60,0x18,0x60,0x18,0x60,0x18,0x60,0x00,0x00,0x00,0x00}, // 253 怀
    {0x00,0x00,0x3D,0xFC,0x24,0x44,0x24,0x44,0x24,0xC4,0x3D,0x9C,0x24,0xFC,0x24,0x84,0x24,0x84,0x3C,0xFC,0x00,0x00,0x24,0x4C,0x26,0x64,0x62,0x26,0x00,0x00,0x00,0x00}, // 254 照
    {0x04,0x00,0x74,0xFE,0x75,0x20,0x7D,0x20,0x64,0x20,0x7F,0xBE,0x64,0x24,0x6D,0x24,0x6D,0xA4,0x74,0xE4,0x64,0x44,0x60,0x44,0x7F,0x44,0x00,0x84,0x00,0x00,0x00,0x00}, // 255 断
    {0x06,0x20,0x04,0x20,0x04,0x20,0x04,0x20,0x3F,0xFC,0x04,0x20,0x04,0x20,0x04,0x20,0x7F,0xFE,0x00,0x00,0x04,0x20,0x0E,0x30,0x18,0x1C,0x70,0x06,0x00,0x00,0x00,0x00}, // 256 共
    {0x1B,0xFC,0x00,0x04,0x21,0x84,0x21,0x84,0x2F,0xF4,0x21,0x84,0x23,0x84,0x23,0xA4,0x25,0xB4,0x2D,0x94,0x29,0x84,0x21,0x84,0x60,0x0C,0x00,0x00,0x00,0x00,0x00,0x00}, // 257 闲
    {0x3F,0x84,0x20,0x8C,0x3F,0x98,0x20,0xB0,0x3F,0xA0,0x04,0x04,0x7F,0xCC,0x3F,0x98,0x20,0xB0,0x3F,0x82,0x04,0x06,0x25,0x0C,0x64,0xB0,0x4C,0x60,0x00,0x40,0x00,0x00}, // 258 影
    {0x3E,0x70,0x02,0x44,0x24,0x2C,0x1C,0x30,0x1F,0xF8,0x30,0x0E,0x6F,0xF2,0x08,0x10,0x08,0x10,0x0F,0xF0,0x04,0x30,0x06,0x20,0x7F,0xFE,0x00,0x00,0x00,0x00,0x00,0x00}, // 259 登
    {0x18,0xFC,0x7E,0x08,0x10,0x10,0x10,0x38,0x2C,0x6C,0x2D,0xC2,0x7E,0x00,0x0C,0xFC,0x0C,0x10,0x3E,0x10,0x6C,0x10,0x0C,0x10,0x0D,0xFE,0x0C,0x00,0x00,0x00,0x00,0x00}, // 260 轻
    {0x04,0x20,0x04,0x20,0x7F,0xFE,0x05,0x20,0x01,0x80,0x02,0xC0,0x0C,0x70,0x38,0x1E,0x67,0xE6,0x04,0x20,0x04,0x20,0x04,0xE0,0x04,0x04,0x07,0xF8,0x00,0x00,0x00,0x00}, // 261 苍
    {0x10,0x00,0x19,0xFC,0x08,0x04,0x20,0x04,0x20,0x04,0x27,0xE4,0x24,0x24,0x24,0x24,0x24,0x24,0x27,0xE4,0x20,0x04,0x20,0x04,0x20,0x04,0x20,0x0C,0x60,0x00,0x00,0x00}, // 262 问
    {0x00,0x00,0x3F,0xF8,0x30,0x18,0x30,0x18,0x37,0xD8,0x30,0x58,0x30,0x58,0x36,0xC8,0x31,0x88,0x21,0xC8,0x23,0x68,0x26,0x28,0x6C,0x0A,0x40,0x06,0x00,0x02,0x00,0x00}, // 263 凤
    {0x00,0x08,0x0F,0xFC,0x18,0x00,0x10,0x00,0x10,0x00,0x1F,0xFE,0x10,0x00,0x10,0x00,0x37,0xFC,0x34,0x0C,0x24,0x0C,0x24,0x0C,0x67,0xFC,0x44,0x0C,0x04,0x00,0x00,0x00}, // 264 后
    {0x1B,0xFE,0x33,0xFE,0x60,0x20,0x4C,0x20,0x18,0x20,0x11,0x3E,0x31,0x3E,0x51,0x20,0x51,0x20,0x11,0x20,0x11,0x20,0x17,0xFE,0x17,0xFE,0x10,0x00,0x00,0x00,0x00,0x00}, // 265 征
    {0x21,0xF8,0x23,0x98,0x16,0xF0,0x00,0xF0,0x07,0x9E,0x70,0x40,0x37,0xFC,0x30,0x40,0x33,0xFC,0x37,0xFC,0x37,0xFC,0x38,0x40,0x47,0xFE,0x00,0x00,0x00,0x00,0x00,0x00}, // 266 逢
    {0x01,0x00,0x21,0x0C,0x21,0x0C,0x3F,0xFC,0x00,0x00,0x7F,0xF8,0x7F,0xF8,0x00,0x08,0x00,0x08,0x3F,0xF8,0x30,0x00,0x30,0x00,0x30,0x02,0x3F,0xFE,0x00,0x00,0x00,0x00}, // 267 岂
    {0x04,0x20,0x04,0x20,0x7F,0xFE,0x04,0x20,0x05,0xA0,0x01,0x00,0x7F,0xFE,0x06,0x00,0x0C,0x00,0x1F,0xF8,0x7C,0x08,0x0C,0x08,0x0F,0xF8,0x0C,0x08,0x0C,0x00,0x00,0x00}, // 268 若
    {0x00,0x08,0x3F,0xF8,0x01,0x80,0x01,0x80,0x3F,0xFC,0x09,0x90,0x09,0x90,0x7F,0xFE,0x09,0x90,0x09,0x90,0x3F,0xFC,0x01,0x80,0x01,0x80,0x1F,0xFC,0x00,0x00,0x00,0x00}, // 269 垂
    {0x00,0x04,0x31,0xFC,0x19,0x00,0x09,0x00,0x01,0x00,0x01,0xFE,0x71,0x10,0x11,0x10,0x11,0x10,0x13,0x10,0x12,0x10,0x16,0x10,0x3C,0x00,0x63,0xFE,0x00,0x00,0x00,0x00}, // 270 近
    {0x10,0x40,0x10,0xC0,0x30,0xFC,0x25,0x88,0x6D,0x48,0x7A,0x70,0x58,0x30,0x10,0xD8,0x23,0x8E,0x7C,0x70,0x40,0x18,0x00,0x80,0x7C,0xF0,0x40,0x18,0x00,0x00,0x00,0x00}, // 271 终
    {0x03,0x00,0x1F,0xF8,0x10,0x08,0x1F,0xF8,0x10,0x08,0x10,0x08,0x1F,0xF8,0x00,0x88,0x7E,0xDC,0x04,0xE0,0x0C,0xB0,0x18,0x98,0x63,0x86,0x03,0x00,0x00,0x00,0x00,0x00}, // 272 泉
    {0x01,0x80,0x7F,0xFE,0x04,0x20,0x04,0x60,0x7F,0xFE,0x40,0x02,0x41,0x82,0x1F,0xF8,0x11,0x88,0x11,0x88,0x11,0x88,0x11,0xB8,0x01,0x80,0x01,0x80,0x00,0x00,0x00,0x00}, // 273 帝
    {0x3F,0xFC,0x30,0x0C,0x3F,0xFC,0x30,0xC0,0x30,0xC0,0x3F,0xFE,0x30,0xC0,0x30,0xC0,0x27,0xFC,0x24,0x0C,0x24,0x0C,0x67,0xFC,0x44,0x0C,0x00,0x00,0x00,0x00,0x00,0x00}, // 274 居
    {0x1F,0xF8,0x10,0x08,0x11,0x88,0x17,0xE8,0x11,0x08,0x13,0xC8,0x14,0x28,0x1F,0xF8,0x00,0x00,0x01,0x88,0x34,0xCC,0x24,0x06,0x64,0x12,0x07,0xF0,0x00,0x00,0x00,0x00}, // 275 恩
    {0x0C,0x00,0x08,0x00,0x1F,0xF8,0x12,0x48,0x26,0x48,0x0C,0x88,0x19,0x88,0x13,0x18,0x06,0x30,0x01,0x80,0x24,0x8C,0x24,0x04,0x64,0x12,0x07,0xF0,0x00,0x00,0x00,0x00}, // 276 忽
    {0x20,0x04,0x3B,0xFC,0x08,0x44,0x02,0x4C,0x03,0x28,0x30,0x08,0x13,0xFC,0x00,0x18,0x00,0x20,0x17,0xFE,0x30,0x20,0x20,0x20,0x60,0x20,0x40,0xE0,0x00,0x80,0x00,0x00}, // 277 浮
    {0x10,0x20,0x10,0x20,0x11,0xFE,0x7C,0x20,0x10,0x20,0x10,0x20,0x35,0xFC,0x3C,0x8C,0x76,0x88,0x50,0xD8,0x50,0x70,0x10,0x70,0x10,0xDC,0x13,0x86,0x00,0x00,0x00,0x00}, // 278 枝
    {0x3F,0xFE,0x3F,0xFE,0x20,0x50,0x26,0xC8,0x24,0xFE,0x24,0x90,0x2D,0x90,0x3D,0xFC,0x24,0x90,0x24,0xFC,0x24,0x90,0x24,0x90,0x64,0xFE,0x44,0xFE,0x00,0x80,0x00,0x00}, // 279 雁
    {0x7E,0x10,0x18,0xFE,0x18,0x00,0x7E,0x44,0x6A,0xC8,0x6A,0xAE,0x6B,0x92,0x6E,0x10,0x42,0x10,0x7E,0xFE,0x42,0x10,0x7E,0x10,0x42,0x10,0x00,0x10,0x00,0x00,0x00,0x00}, // 280 醉
    {0x00,0x00,0x7E,0xFC,0x02,0x84,0x02,0xC4,0x22,0xCC,0x36,0x48,0x1C,0x48,0x0C,0x48,0x0C,0x78,0x0A,0x30,0x1B,0x30,0x30,0x78,0x20,0xCC,0x43,0x06,0x02,0x00,0x00,0x00}, // 281 双
    {0x7F,0xFC,0x3F,0xFC,0x20,0x04,0x27,0xE4,0x20,0x04,0x2F,0xF4,0x22,0x44,0x22,0x44,0x22,0x44,0x26,0x54,0x2C,0x74,0x28,0x04,0x3F,0xFC,0x20,0x04,0x60,0x00,0x00,0x00}, // 282 园
    {0x08,0x00,0x08,0x7C,0x08,0x44,0x7F,0x44,0x08,0x7C,0x08,0x44,0x08,0x44,0x3E,0x44,0x22,0x7C,0x22,0xC4,0x3E,0x84,0x22,0x84,0x23,0x84,0x03,0x1C,0x00,0x00,0x00,0x00}, // 283 胡
    {0x3E,0x7C,0x02,0x04,0x32,0x64,0x12,0x24,0x1E,0x7C,0x72,0x44,0x01,0x80,0x3F,0xFC,0x0C,0x20,0x1B,0x5C,0x11,0x80,0x7F,0xFE,0x01,0x80,0x01,0x80,0x01,0x80,0x00,0x00}, // 284 翠
    {0x18,0x20,0x10,0x20,0x7F,0xFE,0x30,0x60,0x20,0x40,0x29,0xFE,0x48,0x40,0x7E,0xC0,0x08,0xFC,0x08,0x0C,0x7E,0x18,0x08,0xF0,0x08,0x60,0x08,0x18,0x00,0x08,0x00,0x00}, // 285 转
    {0x03,0x30,0x13,0x30,0x13,0x30,0x13,0x30,0x13,0x30,0x7F,0xFE,0x13,0x30,0x13,0x30,0x13,0x30,0x13,0xF0,0x13,0xF0,0x10,0x00,0x10,0x00,0x1F,0xFC,0x00,0x00,0x00,0x00}, // 286 世
    {0x02,0x00,0x02,0x00,0x02,0x00,0x3F,0xF0,0x06,0x30,0x06,0x20,0x04,0x20,0x04,0x20,0x0C,0x20,0x08,0x20,0x18,0x22,0x30,0x22,0x60,0x3E,0x00,0x00,0x00,0x00,0x00,0x00}, // 287 九
    {0x00,0x20,0x7C,0x20,0x69,0xFC,0x68,0x20,0x7B,0xFE,0x70,0x88,0x69,0xCC,0x6F,0x46,0x64,0xF8,0x6D,0xC8,0x7B,0x50,0x60,0x70,0x60,0x70,0x63,0x8E,0x02,0x00,0x00,0x00}, // 288 陵
    {0x08,0x40,0x1B,0xFC,0x10,0xC0,0x30,0x80,0x37,0xFE,0x50,0x80,0x51,0x80,0x11,0xFC,0x10,0x08,0x10,0x18,0x10,0xD0,0x10,0x70,0x10,0x1C,0x00,0x00,0x00,0x00,0x00,0x00}, // 289 传
    {0x04,0x00,0x0F,0xF8,0x18,0x10,0x36,0x20,0x23,0x60,0x01,0xC0,0x03,0x00,0x0F,0xFC,0x7C,0x0C,0x0C,0x0C,0x0C,0x0C,0x0F,0xFC,0x0C,0x0C,0x0C,0x0C,0x00,0x00,0x00,0x00}, // 290 名
    {0x18,0x00,0x10,0x88,0x10,0x48,0x32,0x68,0x32,0x08,0x72,0x08,0x52,0x08,0x52,0x08,0x12,0xC8,0x12,0x98,0x13,0x18,0x12,0x34,0x10,0x66,0x10,0xC2,0x00,0x80,0x00,0x00}, // 291 似
    {0x08,0xC0,0x28,0xFE,0x69,0xFE,0x7F,0x2A,0x49,0x4A,0x48,0x4A,0x08,0xDA,0x1E,0x92,0x79,0x92,0x08,0x22,0x08,0x66,0x08,0xC6,0x09,0x9C,0x08,0x00,0x00,0x00,0x00,0x00}, // 292 物
    {0x33,0x00,0x33,0x3E,0x7F,0xA2,0x33,0x22,0x33,0x22,0x3F,0x3E,0x33,0x22,0x3F,0x22,0x33,0x3E,0x7F,0xE2,0x00,0x62,0x32,0x42,0x61,0xC2,0x41,0x86,0x00,0x80,0x00,0x00}, // 293 期
    {0x01,0x80,0x01,0x80,0x7F,0xFE,0x03,0x80,0x03,0xC0,0x07,0xC0,0x05,0xE0,0x0D,0xB0,0x19,0x98,0x31,0x8C,0x61,0x86,0x01,0x80,0x01,0x80,0x00,0x00,0x00,0x00,0x00,0x00}, // 294 木
    {0x3F,0xFC,0x01,0x00,0x3F,0xF8,0x03,0x00,0x7F,0xFE,0x04,0x30,0x18,0x58,0x77,0xCE,0x41,0x82,0x1F,0xF8,0x07,0x80,0x0D,0xB8,0x39,0x8C,0x01,0x80,0x00,0x00,0x00,0x00}, // 295 秦
    {0x00,0x00,0x3F,0xFC,0x02,0x00,0x03,0x00,0x06,0x20,0x0C,0x10,0x1F,0xF8,0x01,0x80,0x01,0x80,0x1F,0xF8,0x01,0x80,0x01,0x80,0x01,0x80,0x7F,0xFE,0x00,0x00,0x00,0x00}, // 296 至
    {0x00,0xC0,0x00,0xC0,0x7E,0x80,0x04,0xFE,0x04,0x84,0x25,0x24,0x15,0x20,0x18,0x20,0x0C,0x20,0x14,0x70,0x16,0x50,0x20,0xD8,0x61,0x8C,0x07,0x02,0x02,0x00,0x00,0x00}, // 297 欢
    {0x33,0xFC,0x1A,0x04,0x02,0x04,0x02,0x04,0x73,0xFC,0x1A,0x04,0x02,0x04,0x0B,0xFC,0x0A,0x04,0x1A,0x04,0x12,0x04,0x33,0xFC,0x62,0x04,0x00,0x00,0x00,0x00,0x00,0x00}, // 298 泪
    {0x08,0x10,0x08,0x10,0x7F,0xFE,0x18,0x38,0x1A,0x58,0x28,0xD6,0x48,0x92,0x02,0x00,0x07,0xF8,0x08,0x18,0x33,0x30,0x01,0xE0,0x01,0xC0,0x3F,0x00,0x20,0x00,0x00,0x00}, // 299 梦
    {0x1F,0xF8,0x10,0x08,0x1F,0xF8,0x10,0x08,0x1F,0xF8,0x00,0x00,0x19,0x80,0x3F,0xFC,0x21,0x80,0x41,0x80,0x1F,0xF8,0x01,0x80,0x7F,0xFE,0x7F,0xFE,0x00,0x00,0x00,0x00}, // 300 星
    {0x00,0x38,0x3F,0xE0,0x01,0x80,0x7F,0xFE,0x01,0x80,0x0D,0xA4,0x7D,0xB8,0x0D,0xA0,0x3D,0xA2,0x6F,0xDC,0x07,0xE0,0x0D,0x98,0x31,0x8E,0x61,0x80,0x01,0x80,0x00,0x00}, // 301 乘
    {0x1F,0xF8,0x10,0x08,0x1F,0xF8,0x10,0x08,0x1F,0xF8,0x01,0x00,0x7F,0xFE,0x00,0x00,0x1F,0xF8,0x18,0x08,0x1F,0xF8,0x00,0x80,0x1C,0x98,0x33,0x84,0x23,0x00,0x00,0x00}, // 302 景
    {0x3F,0xFC,0x08,0x84,0x3E,0x84,0x08,0xFC,0x0B,0x84,0x7C,0xFC,0x00,0x00,0x7F,0xFE,0x04,0x00,0x0F,0xF8,0x18,0x08,0x68,0x08,0x0F,0xF8,0x08,0x08,0x00,0x00,0x00,0x00}, // 303 碧
    {0x00,0x00,0x3F,0xFC,0x22,0x44,0x22,0x44,0x22,0x44,0x22,0x44,0x26,0x44,0x24,0x44,0x2C,0x74,0x28,0x04,0x20,0x04,0x20,0x04,0x3F,0xFC,0x20,0x04,0x00,0x00,0x00,0x00}, // 304 四
    {0x10,0x40,0x17,0xFE,0x30,0x40,0x33,0xFC,0x52,0x44,0x52,0x44,0x13,0xFC,0x10,0x40,0x12,0x40,0x11,0x40,0x10,0xC0,0x11,0xE0,0x17,0x1E,0x04,0x00,0x00,0x00,0x00,0x00}, // 305 使
    {0x03,0x00,0x3F,0xFC,0x06,0x00,0x04,0x80,0x08,0x80,0x10,0x80,0x1F,0xFC,0x00,0x80,0x00,0x80,0x7F,0xFE,0x00,0x80,0x00,0x80,0x00,0x80,0x00,0x80,0x00,0x00,0x00,0x00}, // 306 车
    {0x04,0x40,0x24,0x4C,0x27,0x70,0x24,0x40,0x27,0x42,0x78,0x7C,0x06,0x20,0x1F,0xE0,0x19,0x90,0x06,0x08,0x3F,0xFC,0x00,0x90,0x18,0x98,0x63,0x86,0x00,0x00,0x00,0x00}, // 307 紫
    {0x03,0x00,0x03,0x00,0x02,0x00,0x02,0x00,0x7F,0xFE,0x04,0x10,0x04,0x30,0x08,0x20,0x08,0x20,0x0E,0x60,0x01,0xC0,0x00,0xF0,0x03,0x1C,0x3C,0x04,0x20,0x00,0x00,0x00}, // 308 女
    {0x00,0x00,0x3F,0xFC,0x3F,0xFC,0x00,0x80,0x00,0x80,0x18,0x80,0x18,0xFC,0x18,0xFC,0x18,0x80,0x18,0x80,0x18,0x80,0x18,0x80,0x18,0x80,0x7F,0xFE,0x00,0x00,0x00,0x00}, // 309 正
    {0x10,0x20,0x13,0xFE,0x50,0x00,0x54,0x00,0x55,0xFC,0x51,0x04,0x11,0x04,0x11,0xFC,0x10,0x20,0x11,0x2C,0x13,0x24,0x12,0x26,0x12,0x60,0x10,0x00,0x00,0x00,0x00,0x00}, // 310 惊
    {0x01,0x80,0x01,0x80,0x01,0x80,0x0D,0xB0,0x19,0x88,0x11,0x86,0x21,0x80,0x61,0x80,0x01,0x98,0x01,0xB0,0x00,0x60,0x00,0xC0,0x07,0x00,0x3C,0x00,0x00,0x00,0x00,0x00}, // 311 少
    {0x04,0x20,0x7F,0xFE,0x04,0x20,0x01,0x80,0x1F,0xF8,0x01,0x88,0x7F,0xFE,0x01,0x88,0x1F,0xF8,0x01,0x88,0x15,0xA8,0x35,0xA8,0x2D,0xA8,0x61,0x88,0x01,0x80,0x00,0x00}, // 312 萧
    {0x02,0x00,0x06,0x00,0x07,0xE0,0x0C,0x20,0x18,0x60,0x10,0x40,0x30,0xC0,0x01,0xC0,0x01,0x60,0x02,0x30,0x0C,0x18,0x18,0x0C,0x70,0x06,0x00,0x00,0x00,0x00,0x00,0x00}, // 313 久
    {0x18,0x00,0x18,0x00,0x19,0xFC,0x7C,0x18,0x7A,0x10,0x5A,0x20,0x58,0x60,0x58,0x40,0x18,0x80,0x19,0x80,0x19,0x00,0x19,0x06,0x19,0xFE,0x18,0xF8,0x00,0x00,0x00,0x00}, // 314 忆
    {0x00,0x44,0x3E,0x64,0x12,0x08,0x12,0xFE,0x7F,0x10,0x12,0x10,0x7E,0xFE,0x30,0x10,0x20,0x10,0x7E,0x10,0x52,0xFE,0x12,0x10,0x1E,0x10,0x12,0x10,0x30,0x10,0x00,0x00}, // 315 群
    {0x3F,0xFC,0x20,0x04,0x3F,0xFC,0x02,0x60,0x1F,0xF8,0x02,0x60,0x7F,0xFE,0x06,0x20,0x0D,0xB0,0x71,0x8E,0x07,0xE2,0x01,0x80,0x3F,0xFC,0x00,0x00,0x00,0x00,0x00,0x00}, // 316 塞
    {0x0F,0xF0,0x08,0x10,0x08,0x10,0x08,0x10,0x0F,0xF0,0x08,0x10,0x08,0x10,0x0F,0xF0,0x0F,0xF0,0x08,0x10,0x08,0x10,0x08,0x10,0x7F,0xFE,0x00,0x00,0x00,0x00,0x00,0x00}, // 317 且
    {0x10,0x60,0x10,0xE0,0x14,0x90,0x55,0x18,0x53,0x66,0x56,0x22,0x10,0x00,0x13,0xF8,0x10,0x18,0x10,0x90,0x10,0xE0,0x10,0x60,0x10,0x30,0x00,0x00,0x00,0x00,0x00,0x00}, // 318 怜
    {0x01,0x80,0x01,0x80,0x01,0x80,0x01,0x80,0x01,0x80,0x01,0x80,0x7F,0xFE,0x01,0x80,0x01,0x80,0x01,0x80,0x01,0x80,0x01,0x80,0x01,0x80,0x01,0x80,0x00,0x00,0x00,0x00}, // 319 十
    {0x10,0x7C,0x10,0xCC,0x11,0xE8,0x54,0x30,0x54,0xEE,0x55,0xB2,0x54,0xFC,0x54,0x30,0x54,0x30,0x54,0xFC,0x7C,0x30,0x45,0xFE,0x00,0x30,0x00,0x30,0x00,0x00,0x00,0x00}, // 320 峰
    {0x3F,0xF0,0x04,0x30,0x06,0x20,0x03,0x40,0x01,0xC0,0x0E,0x7E,0x79,0x86,0x01,0x80,0x1F,0xF8,0x01,0x80,0x01,0x80,0x01,0x80,0x7F,0xFE,0x00,0x00,0x00,0x00,0x00,0x00}, // 321 圣
    {0x00,0xDE,0x7F,0xE0,0x4C,0x4C,0x4C,0x78,0x4C,0x72,0x7D,0x9E,0x4C,0x0C,0x4F,0xFE,0x4C,0x90,0x7C,0x90,0x40,0x90,0x41,0x92,0x07,0x1E,0x04,0x00,0x00,0x00,0x00,0x00}, // 322 晓
    {0x03,0x80,0x06,0xC0,0x0D,0x30,0x19,0x1E,0x60,0x06,0x1F,0xE0,0x00,0x60,0x00,0xC0,0x1F,0xF8,0x18,0x18,0x18,0x18,0x1F,0xF8,0x1F,0xF8,0x18,0x00,0x00,0x00,0x00,0x00}, // 323 含
    {0x12,0x30,0x12,0x20,0x7F,0x20,0x12,0x7E,0x12,0x44,0x7F,0x4C,0x00,0xAC,0x3F,0x28,0x23,0x28,0x3F,0x28,0x23,0x10,0x3F,0x38,0x23,0x6C,0x26,0xC6,0x00,0x00,0x00,0x00}, // 324 散
    {0x18,0xC0,0x14,0xFE,0x35,0x88,0x75,0x88,0x54,0x50,0x14,0x70,0x10,0xF8,0x13,0x0E,0x00,0x80,0x04,0x8C,0x24,0x04,0x64,0x12,0x47,0xF0,0x00,0x00,0x00,0x00,0x00,0x00}, // 325 悠
    {0x04,0x20,0x04,0x20,0x3F,0xFC,0x04,0x20,0x04,0x20,0x7F,0xFE,0x00,0x00,0x00,0x00,0x0F,0xF0,0x08,0x10,0x0F,0xF0,0x08,0x10,0x08,0x10,0x0F,0xF0,0x08,0x10,0x00,0x00}, // 326 昔
    {0x00,0x80,0x3F,0xFC,0x22,0x10,0x22,0x10,0x2F,0xFC,0x22,0x10,0x23,0xF0,0x20,0x00,0x2F,0xF8,0x23,0x10,0x21,0xA0,0x60,0xC0,0x47,0x3E,0x08,0x02,0x00,0x00,0x00,0x00}, // 327 度
    {0x01,0x80,0x7F,0xFE,0x60,0x06,0x68,0x00,0x0F,0x7C,0x08,0x4C,0x08,0x48,0x7F,0x28,0x0C,0x28,0x2D,0x38,0x6D,0x90,0x4C,0x78,0x1C,0xCE,0x10,0x02,0x00,0x00,0x00,0x00}, // 328 寂
    {0x27,0xFC,0x20,0x18,0x30,0xB0,0x00,0x60,0x07,0xFC,0x74,0x44,0x77,0xFC,0x34,0x44,0x34,0x44,0x37,0xFC,0x34,0x44,0x34,0x4C,0x38,0x00,0x47,0xFE,0x00,0x00,0x00,0x00}, // 329 通
    {0x1F,0xF8,0x1F,0xF8,0x10,0x08,0x1F,0xF8,0x10,0x08,0x10,0x08,0x1F,0xF8,0x01,0x80,0x01,0x80,0x7F,0xFE,0x7F,0xFE,0x01,0x80,0x01,0x80,0x01,0x80,0x01,0x80,0x00,0x00}, // 330 早
    {0x01,0x80,0x02,0xC0,0x06,0x60,0x0C,0x30,0x10,0x1C,0x6F,0xF6,0x00,0x00,0x1F,0xF8,0x1F,0xF8,0x10,0x18,0x10,0x18,0x1F,0xF8,0x10,0x18,0x10,0x00,0x00,0x00,0x00,0x00}, // 331 合
    {0x00,0x60,0x00,0x60,0x00,0x60,0x00,0x60,0x7F,0xFE,0x00,0xE0,0x00,0xE0,0x01,0x60,0x03,0x60,0x04,0x60,0x18,0x60,0x70,0x60,0x00,0x60,0x01,0xC0,0x00,0x00,0x00,0x00}, // 332 才
    {0x02,0x40,0x02,0x40,0x7F,0xFE,0x02,0x40,0x0B,0xD0,0x08,0x14,0x7B,0xDC,0x0A,0x50,0x0A,0x50,0x7B,0xDE,0x48,0x00,0x00,0x00,0x22,0x44,0x22,0x66,0x00,0x00,0x00,0x00}, // 333 燕
    {0x00,0x80,0x7F,0xFE,0x68,0x02,0x08,0x00,0x1B,0xFE,0x10,0x40,0x33,0xFC,0x73,0x04,0x53,0x04,0x13,0xFC,0x13,0x04,0x13,0x04,0x13,0xFC,0x00,0x04,0x00,0x00,0x00,0x00}, // 334 宿
    {0x08,0x00,0x18,0xFE,0x10,0xFE,0x10,0x0C,0x7E,0x10,0x12,0x10,0x26,0x10,0x25,0xFE,0x64,0x10,0x1C,0x10,0x0C,0x10,0x16,0x10,0x22,0x10,0x40,0x70,0x00,0x00,0x00,0x00}, // 335 好
    {0x01,0x80,0x01,0x80,0x01,0x80,0x01,0x80,0x09,0x90,0x19,0x98,0x11,0x88,0x11,0x8C,0x31,0x84,0x21,0x84,0x61,0x84,0x01,0x80,0x01,0x80,0x03,0x80,0x00,0x00,0x00,0x00}, // 336 小
    {0x01,0x00,0x01,0x0C,0x21,0x08,0x11,0x18,0x19,0x90,0x08,0x30,0x00,0x20,0x7F,0xFE,0x00,0x00,0x04,0x40,0x0C,0x60,0x18,0x38,0x30,0x0C,0x60,0x04,0x00,0x00,0x00,0x00}, // 337 兴
    {0x3F,0xFC,0x22,0x64,0x22,0x64,0x3F,0xFC,0x02,0x00,0x06,0x00,0x0F,0xFC,0x18,0x08,0x30,0x18,0x03,0x30,0x01,0xE0,0x01,0xC0,0x7F,0x00,0x20,0x00,0x00,0x00,0x00,0x00}, // 338 罗
    {0x08,0x60,0x17,0xFE,0x17,0xFE,0x30,0x40,0x30,0xA4,0x50,0xA6,0x51,0xA8,0x13,0x90,0x16,0x90,0x14,0x98,0x10,0xA8,0x10,0xE6,0x11,0xC6,0x00,0x00,0x00,0x00,0x00,0x00}, // 339 依
    {0x04,0x60,0x04,0x60,0x7F,0xFE,0x04,0x60,0x04,0x60,0x00,0x00,0x7F,0xFC,0x02,0x04,0x02,0x04,0x02,0x04,0x02,0x0C,0x02,0x38,0x02,0x20,0x02,0x00,0x02,0x00,0x00,0x00}, // 340 节
    {0x18,0x40,0x7F,0xF8,0x7E,0x98,0x19,0xF0,0x7E,0x3C,0x00,0x34,0x7E,0xFF,0x42,0x34,0x7E,0x34,0x42,0xFC,0x7E,0x30,0x42,0x30,0x46,0x60,0x00,0x00,0x00,0x00,0x00,0x00}, // 341 静
    {0x67,0xFE,0x30,0x60,0x10,0x84,0x07,0x4C,0x00,0xF8,0x71,0xB0,0x16,0x78,0x10,0xEC,0x11,0xA6,0x16,0x20,0x18,0xE0,0x2E,0x00,0x41,0xFE,0x00,0x00,0x00,0x00,0x00,0x00}, // 342 逐
    {0x78,0xF8,0x49,0x10,0x4B,0x10,0x4B,0xFC,0x50,0x04,0x49,0xFC,0x48,0x04,0x4D,0xFC,0x4C,0x00,0x5A,0xA4,0x46,0xA6,0x44,0x8A,0x44,0xF8,0x00,0x00,0x00,0x00,0x00,0x00}, // 343 隐
    {0x10,0x00,0x19,0xFE,0x02,0x06,0x22,0x06,0x27,0xE6,0x2E,0x46,0x29,0x86,0x23,0xC6,0x3E,0x7E,0x27,0xE6,0x24,0x26,0x24,0x26,0x27,0xE6,0x20,0x1C,0x20,0x08,0x00,0x00}, // 344 阁
    {0x01,0xFC,0x01,0x00,0x3F,0xFE,0x31,0x06,0x3F,0xF0,0x31,0x04,0x31,0xF8,0x20,0x00,0x21,0x24,0x2D,0x24,0x25,0x2C,0x61,0x20,0x4F,0xFE,0x00,0x00,0x00,0x00,0x00,0x00}, // 345 虚
    {0x04,0x00,0x0F,0xE0,0x18,0x40,0x30,0xC0,0x7F,0xF8,0x11,0x88,0x11,0x88,0x1F,0xF8,0x11,0x88,0x11,0x88,0x1F,0xF8,0x00,0x00,0x7F,0xFE,0x00,0x00,0x00,0x00,0x00,0x00}, // 346 鱼
    {0x09,0x90,0x09,0x90,0x7F,0xFE,0x09,0x90,0x09,0x90,0x7F,0xFE,0x40,0x02,0x41,0x82,0x1F,0xF8,0x11,0x88,0x11,0x88,0x11,0x88,0x11,0xB8,0x01,0xB0,0x00,0x00,0x00,0x00}, // 347 带
    {0x7F,0xFE,0x61,0x06,0x63,0x06,0x1F,0xF8,0x04,0x00,0x08,0x80,0x10,0x80,0x1F,0xF8,0x00,0x80,0x7F,0xFE,0x7F,0xFE,0x00,0x80,0x00,0x80,0x01,0x80,0x00,0x00,0x00,0x00}, // 348 军
    {0x04,0x20,0x04,0x20,0x7F,0xFE,0x04,0x20,0x05,0xA0,0x01,0x80,0x7F,0xFE,0x01,0x80,0x1F,0xF8,0x1F,0xF8,0x10,0x08,0x10,0x08,0x1F,0xF8,0x10,0x08,0x00,0x00,0x00,0x00}, // 349 苦
    {0x31,0x00,0x19,0xF8,0x02,0x98,0x06,0x90,0x60,0x60,0x30,0xF0,0x03,0x9C,0x07,0xFE,0x13,0xF8,0x33,0x08,0x23,0x08,0x63,0xF8,0x43,0x08,0x03,0x08,0x00,0x00,0x00,0x00}, // 350 洛
    {0x01,0x80,0x09,0x90,0x09,0x90,0x7F,0xFE,0x60,0x02,0x6F,0xF2,0x08,0x10,0x0F,0xF0,0x01,0x80,0x3F,0xFC,0x3F,0xFC,0x31,0x84,0x31,0x8C,0x31,0x98,0x01,0x80,0x00,0x00}, // 351 常
    {0x01,0x00,0x01,0x00,0x00,0x00,0x3F,0xF8,0x00,0x20,0x00,0xC0,0x01,0x80,0x03,0x00,0x06,0x00,0x0C,0x00,0x3C,0x00,0x67,0x80,0x01,0xFE,0x00,0x00,0x00,0x00,0x00,0x00}, // 352 之
    {0x00,0x30,0x7C,0x30,0x05,0xFE,0x04,0x30,0x2C,0xCC,0x29,0x84,0x29,0xFE,0x68,0x04,0x14,0xF4,0x04,0xA4,0x74,0xA4,0x44,0xA4,0x04,0x44,0x1C,0x0C,0x08,0x08,0x00,0x00}, // 353 骑
    {0x1F,0xF8,0x1F,0xF8,0x00,0x08,0x1F,0xF8,0x00,0x08,0x1F,0xF8,0x00,0x00,0x00,0x30,0x7F,0xFE,0x00,0x30,0x18,0x30,0x0C,0x30,0x04,0x30,0x00,0xE0,0x00,0x00,0x00,0x00}, // 354 寻
    {0x7E,0x7E,0x02,0x06,0x02,0x06,0x22,0x46,0x32,0x26,0x12,0x06,0x02,0x06,0x06,0x1E,0x1A,0x76,0x62,0xC6,0x42,0x06,0x02,0x06,0x0E,0x1C,0x0C,0x18,0x00,0x00,0x00,0x00}, // 355 羽
    {0x3F,0x3C,0x21,0x24,0x21,0x24,0x3F,0x64,0x2D,0x46,0x3F,0x80,0x2D,0x7C,0x2D,0x24,0x3F,0xA4,0x20,0x38,0x4F,0x18,0x49,0xB8,0x50,0xE6,0x00,0x82,0x00,0x00,0x00,0x00}, // 356 殿
    {0x08,0x10,0x0C,0x30,0x06,0x20,0x00,0x40,0x3F,0xFC,0x00,0x00,0x00,0x00,0x00,0x00,0x1F,0xF8,0x00,0x00,0x00,0x00,0x00,0x00,0x7F,0xFE,0x7F,0xFE,0x00,0x00,0x00,0x00}, // 357 兰
    {0x00,0x00,0x3F,0xFC,0x21,0x84,0x21,0x84,0x21,0x84,0x21,0x84,0x3F,0xFC,0x3F,0xFC,0x21,0x84,0x21,0x84,0x21,0x84,0x21,0x84,0x3F,0xFC,0x20,0x04,0x20,0x00,0x00,0x00}, // 358 田
    {0x00,0x40,0x7C,0x60,0x0B,0xFE,0x18,0x40,0x10,0x88,0x51,0x0C,0x5D,0xF6,0x50,0x00,0x51,0x68,0x51,0x68,0x51,0x68,0x5D,0x68,0x63,0x6A,0x02,0x6E,0x04,0x00,0x00,0x00}, // 359 疏
    {0x00,0x06,0x7F,0x86,0x08,0x26,0x19,0x26,0x11,0x26,0x67,0xA6,0x7C,0xA6,0x0C,0x26,0x0C,0x26,0x7F,0xA6,0x0C,0x26,0x0C,0x06,0x7F,0x86,0x60,0x1C,0x00,0x08,0x00,0x00}, // 360 到
    {0x18,0x60,0x13,0xFC,0x20,0x60,0x4C,0x60,0x0B,0xFE,0x10,0x08,0x30,0x08,0x77,0xFE,0x50,0x08,0x11,0x88,0x10,0x88,0x10,0x18,0x10,0x38,0x10,0x00,0x00,0x00,0x00,0x00}, // 361 待
    {0x33,0x3E,0x13,0x22,0x0F,0xE2,0x43,0x22,0x63,0x3E,0x13,0x22,0x07,0xA2,0x04,0xBE,0x14,0xA2,0x27,0xA2,0x24,0xA2,0x64,0x42,0x40,0xCE,0x00,0x80,0x00,0x00,0x00,0x00}, // 362 湖
    {0x03,0x00,0x02,0x00,0x1F,0xF8,0x10,0x08,0x1F,0xF8,0x10,0x08,0x1F,0xF8,0x00,0x00,0x3F,0xFC,0x01,0x80,0x3F,0xFC,0x21,0x80,0x01,0x80,0x7F,0xFE,0x00,0x00,0x00,0x00}, // 363 皇
    {0x0E,0x04,0x1B,0x34,0x10,0xF4,0x20,0x34,0x5F,0x34,0x00,0x34,0x2C,0xB4,0x25,0xB4,0x35,0x34,0x11,0x34,0x01,0x04,0x0F,0xC4,0x38,0x0C,0x00,0x08,0x00,0x00,0x00,0x00}, // 364 剑
    {0x01,0x80,0x21,0x84,0x11,0x88,0x09,0x90,0x01,0x80,0x3F,0xFC,0x20,0x04,0x20,0x04,0x27,0xE4,0x24,0x24,0x24,0x24,0x27,0xE4,0x20,0x04,0x20,0x1C,0x00,0x00,0x00,0x00}, // 365 尚
    {0x01,0x80,0x11,0x88,0x19,0x98,0x19,0x90,0x09,0x90,0x01,0x80,0x3F,0xFC,0x01,0x80,0x01,0x80,0x7F,0xFE,0x01,0x80,0x01,0x80,0x01,0x80,0x01,0x80,0x00,0x00,0x00,0x00}, // 366 半
    {0x3F,0xFE,0x30,0x80,0x37,0xFC,0x37,0xFC,0x34,0x04,0x37,0xFC,0x20,0x40,0x23,0x58,0x2C,0xC4,0x20,0x00,0x2D,0x44,0x69,0x02,0x51,0xFA,0x00,0x00,0x00,0x00,0x00,0x00}, // 367 愿
    {0x01,0x20,0x1F,0x20,0x6C,0x20,0x0C,0x20,0x7F,0xA0,0x7F,0xA0,0x0C,0x20,0x0C,0x20,0x3F,0x20,0x21,0x20,0x21,0x20,0x21,0x20,0x3F,0x22,0x21,0x3E,0x00,0x00,0x00,0x00}, // 368 乱
    {0x3F,0xFC,0x21,0x84,0x21,0x84,0x21,0x84,0x2F,0xF4,0x21,0x04,0x21,0x84,0x23,0x44,0x26,0x34,0x2C,0x14,0x20,0x04,0x3F,0xFC,0x20,0x04,0x20,0x00,0x00,0x00,0x00,0x00}, // 369 因
    {0x3F,0xFC,0x00,0x00,0x0F,0xF0,0x08,0x10,0x08,0x10,0x0F,0xF0,0x7F,0xFE,0x40,0x02,0x40,0x02,0x1F,0xF8,0x01,0x80,0x01,0x80,0x07,0x80,0x02,0x00,0x00,0x00,0x00,0x00}, // 370 亭
    {0x00,0x00,0x3F,0xFC,0x01,0x00,0x1F,0xF8,0x03,0x18,0x02,0x10,0x02,0x10,0x7F,0xFE,0x00,0x00,0x1F,0xF8,0x18,0x08,0x18,0x08,0x1F,0xF8,0x18,0x08,0x18,0x00,0x00,0x00}, // 371 吾
    {0x03,0x80,0x02,0xC0,0x04,0x60,0x19,0x38,0x31,0x8E,0x60,0x86,0x00,0x00,0x3F,0xF8,0x00,0x18,0x00,0x60,0x06,0xC0,0x03,0x80,0x00,0xC0,0x00,0x40,0x00,0x00,0x00,0x00}, // 372 令
    {0x10,0x20,0x10,0x20,0x30,0x20,0x25,0xFE,0x64,0x20,0x78,0x20,0x19,0xFE,0x10,0x00,0x20,0xFC,0x7C,0x84,0x00,0x84,0x00,0x84,0x7C,0xFC,0x00,0x84,0x00,0x00,0x00,0x00}, // 373 结
    {0x00,0x00,0x19,0xFC,0x10,0x08,0x30,0x10,0x26,0x30,0x7C,0x78,0x49,0x86,0x11,0x02,0x31,0xFC,0x7C,0x20,0x00,0x20,0x02,0x20,0x7C,0x20,0x43,0xFE,0x00,0x00,0x00,0x00}, // 374 经
    {0x10,0x50,0x10,0x50,0x10,0x52,0x13,0x54,0x7D,0x54,0x11,0x54,0x38,0x50,0x34,0xD8,0x33,0x54,0x52,0xD2,0x50,0x90,0x11,0x92,0x11,0x12,0x16,0x1E,0x00,0x00,0x00,0x00}, // 375 桃
    {0x10,0x60,0x30,0x00,0x63,0xFE,0x08,0x60,0x10,0x60,0x30,0x60,0x73,0xFC,0x50,0x60,0x10,0x60,0x10,0x60,0x10,0x60,0x10,0x60,0x17,0xFE,0x10,0x00,0x00,0x00,0x00,0x00}, // 376 往
    {0x00,0x00,0x06,0x08,0x23,0x08,0x21,0x88,0x20,0x88,0x20,0x18,0x20,0x18,0x20,0x10,0x22,0x10,0x26,0x30,0x2C,0x78,0x30,0xCC,0x21,0x84,0x0F,0x02,0x04,0x00,0x00,0x00}, // 377 以
    {0x0F,0xF0,0x0F,0xF0,0x08,0x10,0x09,0x10,0x09,0x90,0x08,0x90,0x08,0x10,0x7F,0xFE,0x08,0x10,0x08,0x10,0x18,0x10,0x10,0x10,0x30,0x10,0x60,0x70,0x00,0x40,0x00,0x00}, // 378 丹
    {0x00,0x04,0x7C,0xFE,0x64,0x80,0x64,0x80,0x64,0x80,0x64,0xFE,0x64,0x88,0x64,0x88,0x65,0x88,0x7D,0x88,0x65,0x08,0x61,0x08,0x02,0x08,0x06,0x08,0x00,0x18,0x00,0x00}, // 379 听
    {0x00,0x0C,0x3F,0xF8,0x11,0x08,0x09,0x98,0x09,0x1E,0x76,0xE6,0x63,0x06,0x1F,0xFC,0x06,0x00,0x0F,0xF8,0x1E,0x10,0x33,0x20,0x61,0xC0,0x0F,0x7E,0x10,0x00,0x00,0x00}, // 380 爱
    {0x01,0x80,0x09,0x80,0x19,0x80,0x1F,0xF8,0x31,0x80,0x21,0x80,0x01,0x80,0x7F,0xFE,0x06,0x40,0x04,0x40,0x04,0x40,0x0C,0x40,0x18,0x46,0x70,0x7C,0x00,0x00,0x00,0x00}, // 381 先
    {0x10,0x40,0x10,0x40,0x7C,0x88,0x25,0x84,0x25,0xFE,0x24,0x00,0x24,0x00,0x69,0xFC,0x39,0x84,0x19,0x84,0x15,0x84,0x31,0xFC,0x61,0x84,0x01,0x84,0x00,0x00,0x00,0x00}, // 382 始
    {0x3F,0xF8,0x00,0x08,0x00,0x08,0x1F,0xF8,0x00,0x08,0x3F,0xF8,0x00,0x00,0x11,0x80,0x11,0x08,0x11,0x90,0x03,0x90,0x02,0x60,0x0C,0x38,0x78,0x1E,0x40,0x00,0x00,0x00}, // 383 灵
    {0x01,0x80,0x01,0x00,0x01,0x00,0x01,0x00,0x7F,0xFC,0x01,0x80,0x01,0x80,0x03,0x80,0x02,0x40,0x06,0x60,0x0C,0x30,0x1E,0x18,0x33,0x0C,0x61,0x06,0x00,0x00,0x00,0x00}, // 384 太
    {0x7E,0xFE,0x08,0x10,0x3E,0x7C,0x08,0x10,0x1E,0x7E,0x61,0x80,0x03,0xC0,0x0C,0x60,0x39,0x9C,0x40,0x06,0x1F,0xF0,0x00,0x60,0x00,0xC0,0x00,0x80,0x00,0x00,0x00,0x00}, // 385 琴
    {0x04,0x20,0x0C,0x30,0x18,0x0C,0x61,0x84,0x03,0x80,0x06,0xC0,0x0C,0x70,0x18,0x1C,0x7F,0xFE,0x08,0x10,0x08,0x10,0x08,0x10,0x0F,0xF0,0x08,0x10,0x08,0x00,0x00,0x00}, // 386 谷
    {0x01,0x80,0x3F,0xFC,0x21,0x04,0x1F,0xF8,0x03,0xC0,0x1C,0x38,0x10,0x00,0x7F,0xFE,0x1F,0xC8,0x18,0xC8,0x18,0xC8,0x1F,0xC8,0x00,0x38,0x00,0x20,0x00,0x00,0x00,0x00}, // 387 寄
    {0x10,0x90,0x10,0x90,0x13,0xFE,0x10,0x96,0x78,0x96,0x13,0xFE,0x12,0x90,0x1A,0x90,0x73,0xFE,0x10,0x92,0x10,0x92,0x11,0x92,0x13,0x14,0x76,0x10,0x00,0x00,0x00,0x00}, // 388 拂
    {0x08,0x20,0x18,0x20,0x33,0xFC,0x60,0x20,0x48,0x20,0x1F,0xFE,0x30,0x00,0x32,0x20,0x53,0x20,0x13,0x3C,0x13,0x20,0x13,0xA0,0x16,0x60,0x14,0x3E,0x00,0x00,0x00,0x00}, // 389 徒
    {0x00,0x00,0x31,0xFC,0x11,0x04,0x11,0x04,0x01,0x04,0x01,0xFC,0x71,0x04,0x11,0x20,0x13,0x30,0x12,0x18,0x16,0x0C,0x10,0x00,0x3C,0x00,0x63,0xFE,0x00,0x00,0x00,0x00}, // 390 迟
    {0x00,0x80,0x10,0x84,0x10,0x84,0x1F,0xFC,0x00,0x00,0x3F,0xFC,0x20,0x00,0x2F,0xFC,0x20,0xC0,0x20,0xC0,0x3F,0xFE,0x20,0xC0,0x60,0xC0,0x40,0xC0,0x00,0xC0,0x00,0x00}, // 391 岸
    {0x04,0x20,0x04,0x60,0x7F,0xFE,0x01,0x00,0x1F,0xF8,0x1F,0xF8,0x18,0x18,0x1F,0xF8,0x18,0x18,0x1F,0xF8,0x18,0x18,0x18,0x18,0x1F,0xF8,0x18,0x00,0x00,0x00,0x00,0x00}, // 392 首
    {0x00,0x00,0x00,0x00,0x00,0x00,0x3F,0xF8,0x00,0x00,0x00,0x00,0x00,0x00,0x00,0x00,0x00,0x00,0x00,0x00,0x00,0x00,0x7F,0xFE,0x7F,0xFE,0x00,0x00,0x00,0x00,0x00,0x00}, // 393 二
    {0x11,0x80,0x19,0x88,0x09,0x90,0x7F,0xFE,0x40,0x02,0x4F,0xFA,0x4F,0xF8,0x08,0x18,0x0F,0xF8,0x01,0x80,0x01,0x80,0x3F,0xFC,0x01,0x80,0x7F,0xFE,0x00,0x00,0x00,0x00}, // 394 堂
    {0x01,0x80,0x7F,0xFE,0x40,0x02,0x46,0x62,0x1C,0x18,0x31,0x0C,0x01,0x00,0x3F,0xFC,0x01,0x04,0x03,0x0C,0x06,0x0C,0x0C,0x0C,0x78,0x38,0x20,0x00,0x00,0x00,0x00,0x00}, // 395 穷
    {0x17,0xFE,0x00,0x66,0x49,0x46,0x4A,0x7E,0x5F,0x5E,0x44,0x96,0x55,0x26,0x55,0x26,0x5F,0x66,0x44,0x76,0x44,0xDE,0x49,0x86,0x51,0x0C,0x00,0x00,0x00,0x00,0x00,0x00}, // 396 阙
    {0x01,0x80,0x02,0x40,0x04,0x60,0x18,0x18,0x3F,0xEE,0x60,0x02,0x00,0x00,0x3F,0xFC,0x02,0x00,0x03,0x00,0x04,0x30,0x18,0x18,0x1F,0xFC,0x00,0x00,0x00,0x00,0x00,0x00}, // 397 会
    {0x37,0xC0,0x12,0x4C,0x03,0x08,0x40,0xC8,0x63,0x18,0x13,0xE8,0x01,0x8C,0x07,0xFE,0x20,0x40,0x2F,0xFE,0x20,0x60,0x60,0x90,0x47,0x0E,0x0C,0x02,0x00,0x00,0x00,0x00}, // 398 溪
    {0x0C,0x20,0x2D,0x20,0x0F,0x60,0x7F,0xFE,0x1C,0x44,0x3E,0x44,0x6D,0xCC,0x08,0xC8,0x7F,0x28,0x11,0x28,0x32,0x38,0x0E,0x10,0x0D,0x68,0x30,0xC6,0x40,0x00,0x00,0x00}, // 399 数
    {0x00,0x20,0x7B,0xFC,0x48,0x88,0x48,0x88,0x48,0x90,0x7B,0xFE,0x48,0x00,0x49,0xFC,0x49,0x04,0x49,0xFC,0x79,0x04,0x49,0x04,0x01,0xFC,0x01,0x00,0x00,0x00,0x00,0x00}, // 400 暗
    {0x00,0x00,0x03,0xFC,0x1F,0x80,0x00,0x80,0x00,0x80,0x3F,0xFC,0x00,0x80,0x00,0x80,0x7F,0xFE,0x00,0x80,0x00,0x80,0x00,0x80,0x00,0x80,0x03,0x80,0x00,0x00,0x00,0x00}, // 401 手
    {0x17,0xFE,0x30,0x40,0x60,0x40,0x4B,0xFC,0x12,0x94,0x33,0xFC,0x70,0x00,0x50,0x00,0x17,0xFE,0x11,0xE0,0x15,0xA6,0x15,0x8A,0x10,0xF8,0x00,0x00,0x00,0x00,0x00,0x00}, // 402 德
    {0x7F,0xFE,0x02,0x60,0x02,0x60,0x3F,0xFC,0x22,0x44,0x26,0x44,0x26,0x44,0x25,0x74,0x28,0x9C,0x29,0x84,0x20,0x04,0x20,0x04,0x20,0x1C,0x00,0x00,0x00,0x00,0x00,0x00}, // 403 两
    {0x10,0x90,0x10,0x90,0x13,0xFC,0x78,0x90,0x13,0xFE,0x30,0x40,0x33,0xFC,0x3A,0x44,0x5B,0xFC,0xD2,0x44,0x12,0x44,0x11,0xB8,0x11,0x98,0x17,0x06,0x10,0x00,0x00,0x00}, // 404 横
    {0x33,0x04,0x19,0x24,0x01,0x24,0x01,0x34,0x65,0xB4,0x15,0xBC,0x07,0xAC,0x0A,0xAC,0x12,0x24,0x12,0x24,0x22,0x24,0x24,0x24,0x4C,0x04,0x00,0x00,0x00,0x00,0x00,0x00}, // 405 洲
    {0x21,0xFE,0x3C,0x08,0x60,0xD8,0x43,0xFE,0x3C,0x00,0x11,0xFC,0x11,0x04,0x7D,0xFC,0x11,0x04,0x15,0xFC,0x1C,0xD0,0x18,0x93,0x17,0x1E,0x02,0x00,0x00,0x00,0x00,0x00}, // 406 镜
    {0x00,0x00,0x3F,0x00,0x3C,0x7E,0x0C,0x7E,0x0C,0x46,0x7F,0xC6,0x0C,0x46,0x0E,0x46,0x1F,0x46,0x3D,0xC6,0x2C,0x46,0x4C,0x7E,0x0C,0x46,0x0C,0x00,0x00,0x00,0x00,0x00}, // 407 和
    {0x10,0x60,0x10,0x40,0x3F,0x7C,0x24,0x88,0x46,0x88,0x00,0x10,0x1F,0xF8,0x01,0x00,0x01,0x00,0x3F,0xFC,0x01,0x80,0x02,0x40,0x0E,0x38,0x78,0x1C,0x20,0x00,0x00,0x00}, // 408 笑
    {0x01,0x80,0x3F,0xFC,0x04,0x30,0x06,0x20,0x7F,0xFE,0x00,0x80,0x00,0x80,0x3F,0xFC,0x3F,0xFC,0x08,0x90,0x18,0x98,0x30,0x8C,0x23,0x84,0x02,0x00,0x00,0x00,0x00,0x00}, // 409 亲
    {0x00,0x20,0x01,0x20,0xFD,0x20,0x11,0xFC,0x13,0x20,0x12,0x20,0x78,0x20,0x13,0xFE,0x10,0xF0,0x10,0xB0,0x1D,0xA8,0x71,0x2C,0x46,0x26,0x04,0x20,0x00,0x00,0x00,0x00}, // 410 珠
    {0x10,0x00,0x13,0xF8,0x10,0x88,0x7E,0x88,0x10,0x98,0x10,0x9C,0x34,0x84,0x3C,0xC4,0x75,0xCC,0x51,0x28,0x51,0x38,0x13,0x38,0x16,0x6C,0x15,0xC6,0x00,0x00,0x00,0x00}, // 411 极
    {0x08,0x80,0x19,0x80,0x11,0x00,0x13,0xFE,0x32,0x00,0x34,0x60,0x50,0x40,0x53,0xFC,0x10,0x44,0x10,0x44,0x10,0xC4,0x10,0x84,0x11,0x04,0x16,0x1C,0x10,0x00,0x00,0x00}, // 412 伤
    {0x2D,0xFC,0x18,0x20,0x30,0x20,0x6B,0xDE,0x49,0xFC,0x09,0x04,0x19,0x04,0x29,0xFC,0x68,0xE0,0x49,0x94,0x0B,0x98,0x18,0xAC,0x30,0xC6,0x20,0x00,0x00,0x00,0x00,0x00}, // 413 猿
    {0x00,0x20,0x3E,0x30,0x49,0xFE,0x08,0x44,0x08,0x4C,0x7E,0x48,0x09,0xFE,0x08,0x30,0x3E,0x30,0x22,0x30,0x23,0xFE,0x3E,0x30,0x22,0x30,0x22,0x30,0x00,0x30,0x00,0x00}, // 414 辞
    {0x30,0x60,0x18,0x60,0x03,0xFE,0x02,0x62,0x62,0x42,0x32,0x40,0x00,0x60,0x08,0x60,0x18,0xE0,0x10,0xA0,0x31,0xA2,0x23,0x22,0x66,0x3E,0x00,0x00,0x00,0x00,0x00,0x00}, // 415 沈
    {0x01,0x80,0x3F,0xFC,0x20,0x04,0x24,0x64,0x19,0x98,0x31,0x80,0x02,0xC0,0x0C,0x30,0x3F,0xFE,0x48,0x12,0x08,0x10,0x08,0x10,0x0F,0xF0,0x08,0x00,0x00,0x00,0x00,0x00}, // 416 容
    {0x01,0x80,0x7F,0xFE,0x60,0x06,0x6F,0xF6,0x0F,0xF0,0x08,0x10,0x0F,0xF0,0x08,0x00,0x08,0x00,0x0F,0xF8,0x08,0x08,0x08,0x08,0x0F,0xF8,0x08,0x08,0x00,0x00,0x00,0x00}, // 417 官
    {0x06,0x20,0x3F,0xFC,0x01,0x80,0x01,0x80,0x1F,0xF8,0x01,0x80,0x7F,0xFE,0x01,0x80,0x3F,0xFC,0x01,0x80,0x03,0x40,0x06,0x30,0x38,0x1E,0x20,0x00,0x00,0x00,0x00,0x00}, // 418 美
    {0x08,0x00,0x08,0xFE,0x7F,0x10,0x34,0x30,0x14,0xFC,0x3E,0x84,0x24,0x94,0x2C,0x94,0x32,0x94,0x24,0x94,0x78,0xB4,0x43,0x28,0x4C,0x6C,0x59,0xC6,0x01,0x02,0x00,0x00}, // 419 颜
    {0x09,0x80,0x09,0x98,0x09,0xB0,0x3F,0xFE,0x2F,0xF6,0x08,0x10,0x08,0x10,0x0F,0xF0,0x1F,0xF8,0x10,0x08,0x11,0x88,0x11,0x08,0x03,0x70,0x7C,0x0C,0x20,0x04,0x00,0x00}, // 420 赏
    {0x08,0x04,0x08,0x84,0x08,0x84,0x08,0x84,0x08,0x84,0x2A,0xA4,0x2A,0xB4,0x6B,0x94,0x48,0x94,0x08,0x84,0x08,0x84,0x10,0x84,0x10,0x84,0x20,0x84,0x00,0x00,0x00,0x00}, // 421 州
    {0x01,0x80,0x31,0x8C,0x31,0x8C,0x3F,0xFC,0x00,0x00,0x00,0x00,0x7F,0xFE,0x02,0x00,0x04,0x00,0x0F,0xF8,0x14,0x08,0x64,0x08,0x47,0xF8,0x04,0x08,0x00,0x00,0x00,0x00}, // 422 岩
    {0x18,0x20,0x10,0x20,0x11,0xFC,0x7C,0x20,0x7C,0x20,0x10,0x20,0x37,0xFE,0x3C,0x20,0x34,0x20,0x51,0xFC,0x50,0x20,0x10,0x20,0x13,0xFE,0x10,0x00,0x18,0x00,0x00,0x00}, // 423 桂
    {0x05,0xFC,0x24,0x8C,0x24,0xC8,0x24,0x50,0x24,0x30,0x04,0xDC,0x01,0x04,0x1F,0xF8,0x10,0x18,0x11,0x18,0x11,0x18,0x03,0x60,0x06,0x38,0x78,0x0C,0x00,0x00,0x00,0x00}, // 424 贤
    {0x30,0x24,0x1F,0xFE,0x00,0x20,0x00,0x20,0x73,0xFE,0x12,0x26,0x03,0xFE,0x12,0x26,0x12,0x26,0x33,0xFE,0x22,0x26,0x62,0x26,0x62,0x2E,0x02,0x08,0x00,0x00,0x00,0x00}, // 425 浦
    {0x19,0xFC,0x09,0x04,0x01,0x04,0x01,0x04,0x71,0x04,0x11,0x04,0x11,0xFC,0x10,0x00,0x14,0x00,0x1C,0x98,0x19,0x0C,0x33,0x06,0x06,0x02,0x00,0x00,0x00,0x00,0x00,0x00}, // 426 识
    {0x10,0x10,0x10,0xD0,0x10,0x98,0x24,0x88,0x6D,0x8C,0x79,0x04,0x1B,0xFA,0x12,0x4A,0x20,0x48,0x7C,0x48,0x00,0x88,0x0C,0x88,0x71,0x88,0x03,0x38,0x02,0x00,0x00,0x00}, // 427 纷
    {0x7F,0xFC,0x14,0xC4,0x7F,0xCC,0x55,0xB4,0x7F,0xB4,0x00,0xB4,0x3E,0x94,0x00,0xB4,0x7F,0xB4,0x08,0xB4,0x2A,0xCE,0x4B,0x06,0x19,0x02,0x00,0x00,0x00,0x00,0x00,0x00}, // 428 飘
    {0x00,0x30,0x3F,0xB0,0x24,0x30,0x24,0x30,0x24,0x30,0x3F,0x3C,0x21,0x34,0x21,0x36,0x3F,0x32,0x24,0x30,0x24,0x30,0x24,0x30,0x3F,0xB0,0x00,0x30,0x00,0x00,0x00,0x00}, // 429 卧
    {0x10,0xFE,0x7E,0x10,0x10,0x10,0x2C,0x10,0x28,0x10,0x68,0x10,0x7E,0xFE,0x08,0x10,0x09,0x10,0x7E,0x10,0x08,0x10,0x08,0x10,0x08,0x10,0x00,0x10,0x00,0x00,0x00,0x00}, // 430 轩
    {0x00,0x20,0x00,0x20,0x78,0x20,0x49,0xFC,0x49,0x24,0x49,0x24,0x79,0x24,0x49,0x24,0x4B,0xFE,0x48,0x60,0x78,0x50,0x48,0x98,0x41,0x8C,0x03,0x06,0x02,0x00,0x00,0x00}, // 431 映
    {0x00,0x60,0x67,0xFE,0x30,0x00,0x10,0x00,0x03,0xFC,0x02,0x04,0x12,0x04,0x13,0xFC,0x30,0x60,0x23,0x68,0x62,0x6C,0x44,0x66,0x04,0xE0,0x00,0x00,0x00,0x00,0x00,0x00}, // 432 凉
    {0x3F,0xFC,0x01,0x80,0x7F,0xFE,0x41,0x82,0x1D,0xBA,0x1F,0xF8,0x00,0x00,0x3E,0xFC,0x22,0xFC,0x3E,0x00,0x3E,0xFC,0x20,0x48,0x3E,0x30,0x21,0xFE,0x21,0x00,0x00,0x00}, // 433 霞
    {0x7F,0xFE,0x04,0x20,0x20,0x48,0x37,0xFE,0x17,0xFC,0x46,0x44,0x37,0xFC,0x06,0x44,0x17,0xFC,0x10,0x08,0x2F,0xFE,0x22,0x08,0x41,0x18,0x00,0x30,0x00,0x00,0x00,0x00}, // 434 薄
    {0x13,0xF8,0x10,0x04,0x7F,0x64,0x11,0x2C,0x10,0x80,0x15,0xFC,0x19,0x20,0x70,0x20,0x17,0xFE,0x10,0x20,0x11,0x24,0x11,0x24,0x71,0xFC,0x00,0x00,0x00,0x00,0x00,0x00}, // 435 摇
    {0x00,0x00,0x1F,0xF8,0x18,0x18,0x18,0x18,0x1F,0xF8,0x00,0x00,0x1F,0xF8,0x01,0x80,0x01,0x80,0x7F,0xFE,0x01,0xC0,0x02,0x40,0x0C,0x30,0x78,0x1E,0x20,0x00,0x00,0x00}, // 436 吴
    {0x3F,0xFE,0x20,0x80,0x20,0x80,0x20,0x80,0x3F,0xFC,0x20,0x0C,0x20,0x0C,0x20,0x0C,0x3F,0xFC,0x20,0x80,0x20,0x80,0x20,0x80,0x3F,0xFE,0x00,0x00,0x00,0x00,0x00,0x00}, // 437 臣
    {0x08,0x10,0x7F,0xFE,0x59,0xC4,0x14,0x54,0x3F,0x54,0x64,0x4C,0x64,0x48,0x3F,0x7E,0x24,0x02,0x3F,0x02,0x24,0x7A,0x3F,0x02,0x20,0x0E,0x00,0x08,0x00,0x00,0x00,0x00}, // 438 鹤
    {0x18,0x00,0x19,0xFC,0x18,0x18,0x1E,0x30,0x7E,0x40,0x19,0xFE,0x3D,0x5A,0x3E,0x52,0x38,0xD2,0x58,0x92,0x5B,0x22,0x1A,0x66,0x18,0xC6,0x19,0x8C,0x00,0x00,0x00,0x00}, // 439 杨
    {0x10,0x20,0x13,0xFE,0x7C,0x88,0x10,0x88,0x10,0x10,0x17,0xFE,0x1C,0x40,0x73,0xFE,0x10,0x88,0x11,0x98,0x10,0xF0,0x10,0x78,0x73,0xC6,0x02,0x00,0x00,0x00,0x00,0x00}, // 440 接
    {0x01,0x80,0x01,0x80,0x11,0x88,0x11,0x88,0x11,0x98,0x31,0x90,0x01,0x80,0x03,0xC0,0x02,0x40,0x06,0x60,0x0C,0x30,0x18,0x1E,0x70,0x06,0x00,0x00,0x00,0x00,0x00,0x00}, // 441 火
    {0x30,0x60,0x18,0xE0,0x00,0x90,0x41,0x08,0x73,0x0E,0x17,0xFE,0x01,0x08,0x01,0x08,0x19,0x08,0x11,0x38,0x31,0x00,0x21,0x06,0x61,0xFC,0x00,0x00,0x00,0x00,0x00,0x00}, // 442 沧
    {0x27,0x3C,0x26,0x24,0x26,0x24,0x06,0x24,0x76,0x24,0x36,0x24,0x36,0x24,0x36,0xA4,0x37,0x2C,0x34,0x20,0x30,0x20,0x3C,0x00,0x47,0xFE,0x40,0x00,0x00,0x00,0x00,0x00}, // 443 迎
    {0x30,0x40,0x13,0xFC,0x10,0x40,0x00,0x40,0x77,0xFE,0x10,0x08,0x10,0x08,0x13,0xFE,0x10,0x08,0x15,0x88,0x1C,0x88,0x38,0x08,0x10,0x38,0x00,0x00,0x00,0x00,0x00,0x00}, // 444 诗
    {0x04,0x00,0x08,0x00,0x1F,0xFC,0x10,0x04,0x61,0x8C,0x01,0x80,0x09,0x90,0x09,0x90,0x19,0x88,0x31,0x8C,0x61,0x86,0x01,0x80,0x03,0x80,0x00,0x00,0x00,0x00,0x00,0x00}, // 445 尔
    {0x08,0x00,0x0B,0xFE,0x08,0x30,0x7E,0x20,0x18,0x20,0x18,0x60,0x1C,0x68,0x3E,0xEC,0x29,0xA4,0x4B,0x22,0x4A,0x20,0x08,0x20,0x08,0x20,0x08,0x20,0x00,0x00,0x00,0x00}, // 446 杯
    {0x06,0x20,0x00,0x60,0x7F,0xFE,0x00,0x20,0x08,0x30,0x10,0x60,0x33,0x4C,0x3E,0xF8,0x0C,0x10,0x08,0x20,0x12,0x64,0x22,0xC4,0x7F,0xFE,0x00,0x00,0x00,0x00,0x00,0x00}, // 447 兹
    {0x0F,0xF8,0x0C,0x10,0x16,0x20,0x33,0x40,0x01,0xC0,0x06,0x78,0x79,0x8E,0x01,0x80,0x3F,0xFC,0x01,0xA0,0x0D,0xB0,0x31,0x8C,0x23,0x84,0x02,0x00,0x00,0x00,0x00,0x00}, // 448 条
    {0x01,0x00,0x01,0x00,0x1F,0xEC,0x01,0x18,0x01,0x30,0x7F,0xFE,0x00,0x80,0x03,0x00,0x0F,0xF8,0x3C,0x08,0x6F,0xF8,0x0C,0x08,0x0C,0x08,0x0F,0xF8,0x0C,0x08,0x00,0x00}, // 449 者
    {0x00,0x00,0x1B,0xFE,0x10,0x20,0x20,0x60,0x69,0xFC,0x0D,0x04,0x19,0x24,0x31,0x24,0x61,0x24,0x0D,0x24,0x19,0x64,0x30,0x58,0x61,0x8C,0x47,0x06,0x00,0x00,0x00,0x00}, // 450 须
    {0x10,0x58,0x10,0x48,0x1E,0x40,0x10,0x7E,0x11,0xE0,0x10,0x48,0x7E,0x48,0x46,0x68,0x46,0x30,0x46,0x30,0x7E,0x72,0x46,0xDA,0x03,0x8E,0x00,0x00,0x00,0x00,0x00,0x00}, // 451 战
    {0x00,0x20,0x00,0x60,0x7C,0x50,0x64,0xD8,0x64,0x88,0x65,0xAC,0x67,0x26,0x64,0x20,0x65,0xFC,0x7C,0x08,0x64,0x08,0x64,0x10,0x60,0x30,0x00,0x20,0x00,0x00,0x00,0x00}, // 452 吟
    {0x01,0x80,0x3F,0xFC,0x01,0x00,0x0F,0xF8,0x08,0x18,0x0F,0xF8,0x08,0x18,0x0F,0xF8,0x08,0x18,0x0F,0xF8,0x7F,0xFE,0x00,0x00,0x0E,0x38,0x38,0x0C,0x00,0x00,0x00,0x00}, // 453 真
    {0x10,0x80,0x10,0x9C,0x31,0xE0,0x22,0x4C,0x4C,0x58,0x78,0x60,0x13,0x96,0x10,0x0C,0x23,0xFE,0x78,0x90,0x00,0x90,0x04,0x90,0x79,0x12,0x06,0x1E,0x00,0x00,0x00,0x00}, // 454 绕
    {0x10,0x00,0x13,0xFE,0x10,0x50,0x7C,0x50,0x10,0x50,0x11,0xFC,0x39,0x54,0x35,0x54,0x75,0xD4,0x51,0x9C,0x51,0x84,0x11,0x04,0x11,0xFC,0x11,0x04,0x10,0x00,0x00,0x00}, // 455 栖
    {0x10,0xC8,0x10,0xC8,0x11,0xFE,0x18,0xC8,0x54,0xC8,0x53,0xFE,0x50,0x00,0x10,0x00,0x11,0xFC,0x11,0x04,0x11,0xFC,0x11,0x04,0x11,0xFC,0x11,0x04,0x00,0x00,0x00,0x00}, // 456 惜
    {0x00,0x08,0x0F,0xF8,0x08,0x00,0x08,0x00,0x0F,0xFC,0x0F,0xFC,0x08,0x20,0x08,0x20,0x08,0x20,0x7F,0xFE,0x00,0x10,0x0C,0x18,0x30,0x0C,0x60,0x04,0x00,0x00,0x00,0x00}, // 457 兵
    {0x12,0x1E,0x33,0xF2,0x65,0x92,0x19,0x92,0x17,0xF2,0x31,0x92,0x71,0x92,0x55,0xD2,0x15,0x92,0x15,0x92,0x15,0xD6,0x17,0x10,0x10,0x10,0x00,0x00,0x00,0x00,0x00,0x00}, // 458 御
    {0x01,0x80,0x3F,0xFC,0x01,0x80,0x1F,0xF8,0x01,0x80,0x7F,0xFE,0x03,0x00,0x1F,0xF0,0x09,0x88,0x06,0x3C,0x1F,0xC4,0x08,0x90,0x38,0x9C,0x23,0x84,0x00,0x00,0x00,0x00}, // 459 素
    {0x01,0x80,0x01,0x80,0x01,0x80,0x3F,0xFC,0x01,0x80,0x01,0x80,0x01,0x80,0x7F,0xFE,0x01,0x80,0x03,0xC0,0x02,0x60,0x06,0x30,0x18,0x1C,0x70,0x0E,0x00,0x00,0x00,0x00}, // 460 夫
    {0x20,0x00,0x26,0xFC,0x38,0x48,0x22,0x70,0x3E,0x30,0x00,0x10,0x3E,0xFE,0x68,0x14,0x08,0x90,0x7E,0x9C,0x18,0x90,0x1C,0xD0,0x25,0xF0,0x61,0x3E,0x02,0x02,0x00,0x00}, // 461 疑
    {0x01,0x80,0x00,0x00,0x7F,0xFE,0x0C,0x30,0x18,0x18,0x30,0x2C,0x24,0x20,0x06,0x60,0x02,0x40,0x01,0x80,0x03,0xC0,0x0E,0x70,0x78,0x1E,0x00,0x00,0x00,0x00,0x00,0x00}, // 462 交
    {0x03,0x80,0x06,0x40,0x0D,0x30,0x18,0x98,0x70,0x06,0x0F,0xF0,0x00,0x20,0x01,0x40,0x15,0x88,0x34,0x8C,0x24,0x06,0x64,0x10,0x07,0xF0,0x00,0x00,0x00,0x00,0x00,0x00}, // 463 念
    {0x00,0x60,0x00,0x60,0x7E,0x60,0x18,0x60,0x19,0xFE,0x18,0x66,0x18,0x66,0x18,0x44,0x18,0x44,0x18,0x44,0x3E,0xC4,0x60,0x84,0x01,0x04,0x07,0x1C,0x02,0x00,0x00,0x00}, // 464 功
    {0x10,0x80,0x11,0xFE,0x7D,0x00,0x13,0xFC,0x30,0xA4,0x38,0xA4,0x3F,0xFE,0x71,0x84,0x51,0x24,0x11,0x24,0x11,0xFE,0x10,0x0C,0x10,0x18,0x00,0x00,0x00,0x00,0x00,0x00}, // 465 梅
    {0x20,0x00,0x37,0xFE,0x16,0x06,0x06,0x06,0x46,0xF6,0x76,0x06,0x16,0xF6,0x06,0x96,0x06,0x96,0x16,0x96,0x16,0xF6,0x26,0x06,0x26,0x06,0x66,0x0C,0x06,0x00,0x00,0x00}, // 466 洞
    {0x7C,0x20,0x0B,0xFE,0x08,0x40,0x78,0x40,0x40,0x88,0x40,0x88,0x41,0x18,0x79,0xF0,0x08,0x20,0x08,0x44,0x08,0x84,0x09,0xFE,0x39,0x82,0x00,0x00,0x00,0x00,0x00,0x00}, // 467 弦
    {0x1F,0xF8,0x10,0x18,0x1F,0xF8,0x10,0x18,0x1F,0xF8,0x10,0x18,0x7F,0xFE,0x06,0x20,0x0C,0x38,0x1F,0xCC,0x00,0x80,0x24,0x8C,0x24,0x16,0x47,0xF2,0x00,0x00,0x00,0x00}, // 468 悬
    {0x00,0x20,0x7B,0xFE,0x49,0x88,0x48,0x98,0x4B,0xFE,0x4A,0x22,0x4A,0x20,0x4B,0xFE,0x7B,0x26,0x4B,0x26,0x43,0x26,0x03,0x2C,0x00,0x20,0x00,0x20,0x00,0x00,0x00,0x00}, // 469 啼
    {0x10,0x00,0x1B,0xF8,0x08,0x48,0x61,0x4C,0x12,0xCE,0x08,0x8A,0x1B,0xB8,0x22,0x30,0x01,0x80,0x7F,0xFE,0x03,0xC0,0x0D,0xB0,0x39,0x9C,0x21,0x86,0x00,0x00,0x00,0x00}, // 470 梁
    {0x01,0x04,0x21,0x04,0x17,0xC4,0x04,0x44,0x07,0xFE,0x64,0x44,0x27,0xC4,0x24,0x74,0x24,0x54,0x2F,0xD4,0x29,0x44,0x33,0x44,0x26,0x44,0x0D,0xDC,0x00,0x08,0x00,0x00}, // 471 谢
    {0x01,0x10,0x11,0x18,0x19,0x10,0x00,0x20,0x7F,0xFE,0x40,0x02,0x1F,0xF0,0x18,0x10,0x19,0x10,0x19,0x10,0x19,0x90,0x02,0x80,0x06,0x82,0x78,0xFE,0x00,0x00,0x00,0x00}, // 472 觉
    {0x01,0x80,0x01,0x80,0x01,0x80,0x01,0x80,0x01,0x80,0x7F,0xFE,0x7F,0xFE,0x01,0x80,0x01,0x80,0x01,0x80,0x01,0x80,0x01,0x80,0x01,0x80,0x3F,0xFC,0x00,0x00,0x00,0x00}, // 473 士
    {0x10,0x40,0x31,0xFC,0x3D,0x84,0x61,0xFC,0x7D,0x84,0x11,0xFC,0x10,0x20,0x7D,0xFE,0x11,0x26,0x11,0x26,0x17,0x26,0x19,0x2C,0x10,0x20,0x00,0x20,0x00,0x00,0x00,0x00}, // 474 锦
    {0x08,0x40,0x18,0x60,0x17,0xFE,0x10,0x00,0x33,0xFC,0x30,0x00,0x50,0x00,0x53,0xFC,0x10,0x00,0x13,0xFC,0x13,0x04,0x13,0x04,0x13,0xFC,0x13,0x04,0x10,0x00,0x00,0x00}, // 475 信
    {0x31,0x08,0x31,0x08,0x37,0xFE,0x31,0x08,0x31,0xF8,0x79,0x08,0x31,0xF8,0x31,0x08,0x37,0xFE,0x37,0xFE,0x3A,0x48,0x72,0xC4,0x42,0x80,0x03,0xFE,0x00,0x00,0x00,0x00}, // 476 堪
    {0x71,0xF8,0x10,0x38,0x10,0xCE,0x7D,0x20,0x10,0x40,0x13,0xFE,0x3C,0xA0,0x35,0xFE,0x73,0xA2,0x57,0xA2,0x55,0xA2,0x11,0xA6,0x11,0xA4,0x10,0x20,0x00,0x00,0x00,0x00}, // 477 稀
    {0x00,0x00,0x7D,0xFC,0x64,0x84,0x64,0x8C,0x64,0x8C,0x64,0x88,0x64,0x88,0x64,0xD8,0x64,0x50,0x7C,0x70,0x64,0x60,0x60,0xF0,0x61,0x98,0x0F,0x0E,0x04,0x00,0x00,0x00}, // 478 叹
    {0x00,0x40,0x7E,0x58,0x7E,0x4C,0x10,0x40,0x10,0xFC,0x3D,0xC0,0x24,0x42,0x64,0x7C,0x55,0xE4,0x1C,0x2C,0x08,0x38,0x18,0x30,0x30,0xDA,0x63,0x0E,0x00,0x02,0x00,0x00}, // 479 残
    {0x01,0x80,0x01,0x80,0x7F,0xFC,0x01,0x00,0x1F,0xF8,0x18,0x18,0x1F,0xF8,0x18,0x18,0x1F,0xF8,0x18,0x18,0x18,0x18,0x1F,0xF8,0x18,0x18,0x7F,0xFE,0x00,0x00,0x00,0x00}, // 480 直
    {0x01,0x80,0x7F,0xFE,0x00,0x00,0x1F,0xF8,0x18,0x18,0x18,0x18,0x18,0x18,0x1F,0xF8,0x00,0x80,0x0C,0xB0,0x18,0x98,0x30,0x86,0x03,0x80,0x02,0x00,0x00,0x00,0x00,0x00}, // 481 京
    {0x00,0x20,0x3C,0x20,0x24,0xA0,0x24,0xA0,0x3D,0xFC,0x25,0x20,0x27,0x20,0x24,0x20,0x3D,0xFC,0x24,0x20,0x24,0x20,0x64,0x20,0x44,0x20,0xCD,0xFE,0x00,0x00,0x00,0x00}, // 482 胜
    {0x00,0x20,0x03,0xFE,0x78,0x20,0x49,0xFC,0x48,0x20,0x4B,0xFE,0x78,0x00,0x49,0xFC,0x49,0x04,0x49,0xFC,0x79,0x04,0x49,0xFC,0x41,0x04,0x01,0x0C,0x01,0x08,0x00,0x00}, // 483 晴
    {0x01,0x80,0x7F,0xFE,0x64,0x72,0x39,0x1C,0x22,0x04,0x1F,0xFC,0x12,0x0C,0x17,0xEC,0x1C,0x6C,0x11,0xCC,0x17,0xCC,0x10,0x0C,0x1F,0xFC,0x30,0x0C,0x00,0x00,0x00,0x00}, // 484 窗
    {0x7C,0x40,0x08,0xFC,0x08,0x84,0x7F,0x68,0x08,0x10,0x18,0xF0,0x1D,0xB0,0x3A,0x3E,0x28,0xC6,0x48,0xA4,0x08,0x18,0x08,0x30,0x09,0xE0,0x01,0x00,0x00,0x00,0x00,0x00}, // 485 移
    {0x04,0x20,0x04,0x20,0x7F,0xFE,0x04,0x20,0x00,0x00,0x3F,0xFC,0x21,0x84,0x21,0x80,0x3F,0xFC,0x03,0xC0,0x05,0xE0,0x0D,0xB0,0x31,0x9C,0x61,0x86,0x00,0x00,0x00,0x00}, // 486 荣
    {0x7B,0xFE,0x48,0x00,0x49,0xFC,0x59,0x04,0x59,0xFC,0x48,0x00,0x4F,0xFE,0x46,0x5A,0x4E,0x52,0x5A,0xFA,0x42,0x22,0x42,0x22,0x42,0x06,0x00,0x00,0x00,0x00,0x00,0x00}, // 487 隔
    {0x08,0x10,0x0C,0x10,0x08,0x20,0x10,0x20,0x33,0x4C,0x7E,0xC8,0x04,0xF8,0x08,0x30,0x18,0x20,0x36,0xDC,0x3C,0xF0,0x00,0x00,0x00,0x00,0x7F,0xFE,0x00,0x00,0x00,0x00}, // 488 丝
    {0x01,0x80,0x7F,0xFE,0x40,0x02,0x40,0x02,0x1F,0xF8,0x01,0x80,0x01,0x80,0x1F,0xFC,0x1F,0xFC,0x01,0x90,0x01,0x98,0x01,0x80,0x7F,0xFE,0x00,0x00,0x00,0x00,0x00,0x00}, // 489 宝
    {0x10,0x40,0x30,0x40,0x20,0xC0,0x3E,0xFE,0x46,0x86,0x44,0x84,0x11,0x20,0x10,0x20,0x10,0x20,0x10,0x70,0x10,0x50,0x1C,0xD8,0x19,0x8C,0x13,0x06,0x00,0x00,0x00,0x00}, // 490 饮
    {0x10,0x40,0x10,0x48,0x10,0x4C,0x14,0x40,0x55,0xFE,0x50,0x70,0x50,0x70,0x10,0x70,0x10,0xF0,0x10,0xB0,0x10,0xB0,0x11,0xB0,0x13,0x32,0x16,0x1E,0x00,0x00,0x00,0x00}, // 491 忧
    {0x3E,0xFE,0x20,0x20,0x2E,0x20,0x2A,0xFC,0x2A,0x84,0x2A,0x94,0x2A,0x94,0x2E,0x94,0x28,0x94,0x4A,0xA4,0x4E,0x28,0x48,0x4C,0x01,0xC6,0x00,0x00,0x00,0x00,0x00,0x00}, // 492 顾
    {0x00,0x80,0x1F,0xF8,0x10,0x18,0x10,0x18,0x1F,0xF8,0x10,0x18,0x1F,0xF8,0x11,0x08,0x10,0x98,0x10,0xF0,0x12,0x60,0x1E,0x38,0x18,0x0E,0x00,0x00,0x00,0x00,0x00,0x00}, // 493 良
    {0x01,0x80,0x01,0x80,0x3F,0xFC,0x01,0x80,0x01,0x80,0x7F,0xFE,0x04,0x20,0x04,0x40,0x3F,0xFC,0x01,0x80,0x01,0x80,0x7F,0xFE,0x01,0x80,0x01,0x80,0x01,0x80,0x00,0x00}, // 494 幸
    {0x20,0x40,0x30,0x40,0x37,0xFE,0x00,0x90,0x02,0x94,0x76,0x94,0x34,0x96,0x3D,0x92,0x31,0x10,0x33,0x10,0x32,0x70,0x7C,0x00,0x47,0xFE,0x00,0x00,0x00,0x00,0x00,0x00}, // 495 迹
    {0x01,0x80,0x02,0x40,0x04,0x30,0x18,0x1C,0x67,0xE6,0x40,0x00,0x1E,0x7C,0x12,0x4C,0x12,0x4C,0x1E,0x4C,0x12,0x58,0x10,0x40,0x00,0x40,0x00,0x40,0x00,0x00,0x00,0x00}, // 496 命
    {0x18,0x00,0x19,0xFC,0x19,0x04,0x1D,0xFC,0x5D,0xFC,0x59,0x04,0x59,0xFC,0x19,0x20,0x19,0x24,0x19,0x28,0x19,0x10,0x19,0x18,0x19,0xCE,0x19,0x84,0x00,0x00,0x00,0x00}, // 497 恨
    {0x7F,0xFE,0x04,0x20,0x05,0x20,0x7F,0xFE,0x7F,0xFE,0x10,0x00,0x1F,0xFC,0x00,0x00,0x09,0x10,0x09,0x10,0x19,0x10,0x11,0x12,0x61,0x1E,0x00,0x00,0x00,0x00,0x00,0x00}, // 498 荒
    {0x1F,0xF0,0x00,0x60,0x00,0xC0,0x01,0xB0,0x7B,0xF6,0x09,0x98,0x09,0x90,0x1B,0xD0,0x11,0x98,0x37,0xE8,0x21,0x8C,0x61,0x86,0x03,0x00,0x02,0x00,0x00,0x00,0x00,0x00}, // 499 承
    {0x01,0xFC,0x7D,0x84,0x05,0x84,0x05,0xA4,0x25,0xA4,0x35,0xA4,0x1D,0xA4,0x09,0xA4,0x1D,0xA4,0x14,0x70,0x26,0x50,0x60,0xD0,0x01,0x92,0x07,0x1E,0x00,0x00,0x00,0x00}, // 500 观
    {0x08,0x00,0x08,0xF8,0x08,0x88,0x7E,0x88,0x4A,0x88,0x4A,0xA8,0x4A,0xA8,0x4A,0xB8,0x4A,0x98,0x4A,0x88,0x4A,0x88,0x4D,0x0A,0x09,0x0A,0x0A,0x0E,0x00,0x00,0x00,0x00}, // 501 帆
    {0x10,0xFE,0x3E,0x22,0x64,0x26,0x7F,0x4C,0x2D,0x48,0x3F,0x18,0x2D,0x58,0x2D,0x7E,0x3F,0x18,0x2D,0xFE,0x2D,0x18,0x6D,0x18,0x43,0x18,0x00,0x18,0x00,0x00,0x00,0x00}, // 502 解
    {0x08,0x20,0x00,0x20,0x7F,0x20,0x06,0x20,0x04,0x20,0x0C,0x20,0x1A,0x20,0x3B,0x20,0x69,0x20,0x08,0x20,0x08,0x22,0x08,0x22,0x08,0x3E,0x08,0x00,0x00,0x00,0x00,0x00}, // 503 礼
    {0x3F,0xFC,0x00,0x80,0x7F,0xFE,0x60,0x82,0x6C,0xB2,0x1E,0xF8,0x04,0x00,0x1F,0xF0,0x33,0x60,0x07,0xE0,0x79,0x1E,0x1F,0xF8,0x02,0x18,0x3C,0x70,0x00,0x00,0x00,0x00}, // 504 雾
    {0x10,0x20,0x10,0x20,0x30,0x20,0x3D,0xFE,0x61,0x26,0x7D,0x26,0x11,0x26,0x11,0x26,0x7D,0x26,0x11,0xFE,0x11,0x26,0x14,0x20,0x1C,0x20,0x10,0x20,0x00,0x30,0x00,0x00}, // 505 钟
    {0x08,0x3E,0x7F,0x22,0x08,0x22,0x08,0x22,0x08,0x22,0x7F,0xA2,0x18,0x22,0x10,0x22,0x12,0x22,0x21,0x26,0x5F,0xAE,0x60,0xA0,0x00,0x20,0x00,0x20,0x00,0x00,0x00,0x00}, // 506 却
    {0x79,0x90,0x79,0x00,0x49,0xFE,0x4B,0x10,0x4B,0x10,0x4F,0xFE,0x49,0x10,0x49,0x10,0x49,0xFE,0x79,0x10,0x49,0x10,0x41,0xFE,0x01,0x00,0x01,0x00,0x00,0x00,0x00,0x00}, // 507 唯
    {0x01,0x80,0x3F,0xFC,0x0C,0x30,0x04,0x20,0x04,0x60,0x7F,0xFE,0x00,0x00,0x1F,0xF8,0x18,0x18,0x1F,0xF8,0x18,0x18,0x18,0x18,0x1F,0xF8,0x18,0x18,0x00,0x00,0x00,0x00}, // 508 音
    {0x08,0x60,0x08,0x60,0x1B,0xFC,0x10,0x60,0x30,0x60,0x70,0x60,0x57,0xFE,0x10,0x60,0x10,0x60,0x13,0xFC,0x10,0x60,0x10,0x60,0x10,0x60,0x17,0xFE,0x00,0x00,0x00,0x00}, // 509 佳
    {0x7F,0xFE,0x04,0x60,0x11,0x80,0x13,0xF8,0x16,0xE0,0x03,0x9E,0x74,0x40,0x13,0xFC,0x13,0xFC,0x10,0x40,0x17,0xFC,0x38,0x40,0x67,0xFE,0x00,0x00,0x00,0x00,0x00,0x00}, // 510 蓬
    {0x01,0x84,0x7F,0x86,0x00,0x88,0x6C,0xB0,0x25,0xA0,0x21,0x06,0x04,0x0C,0x7F,0x98,0x0C,0x30,0x1C,0x02,0x15,0x06,0x34,0x8C,0x64,0xB0,0x44,0xE0,0x04,0x00,0x00,0x00}, // 511 彩
    {0x00,0x00,0x3F,0xFC,0x22,0x44,0x22,0x44,0x3F,0xFC,0x01,0x80,0x1F,0xF8,0x01,0x80,0x01,0x80,0x7F,0xFE,0x03,0x20,0x06,0x30,0x08,0x18,0x1F,0xEC,0x00,0x00,0x00,0x00}, // 512 罢
    {0x02,0x00,0x1F,0xF8,0x10,0x08,0x1F,0xF8,0x10,0x08,0x1F,0xF8,0x10,0x08,0x1F,0xF8,0x00,0x80,0x24,0x8C,0x24,0x86,0x44,0x12,0x07,0xF0,0x00,0x00,0x00,0x00,0x00,0x00}, // 513 息
    {0x1F,0xF8,0x18,0x18,0x18,0x18,0x18,0x18,0x18,0x18,0x1F,0xF8,0x01,0x80,0x19,0x80,0x19,0xFC,0x11,0x80,0x19,0x80,0x1D,0x80,0x27,0x80,0x61,0xFE,0x00,0x00,0x00,0x00}, // 514 足
    {0x7F,0xFE,0x60,0x06,0x7F,0xFE,0x18,0x10,0x1F,0xF0,0x18,0x10,0x1F,0xF0,0x03,0x00,0x7F,0xFE,0x04,0x30,0x0E,0x60,0x01,0xE0,0x3F,0x1C,0x30,0x04,0x00,0x00,0x00,0x00}, // 515 宴
    {0x3F,0xF8,0x01,0x80,0x01,0x80,0x01,0x80,0x01,0x80,0x7F,0xFE,0x01,0x80,0x01,0x80,0x01,0x80,0x01,0x80,0x01,0x80,0x01,0x80,0x07,0x00,0x00,0x00,0x00,0x00,0x00,0x00}, // 516 于
    {0x3F,0xFE,0x00,0x00,0x0F,0xF0,0x0D,0xB0,0x6D,0xB6,0x6D,0xB6,0x6F,0xF6,0x6D,0xB6,0x6D,0xB6,0x6F,0xF6,0x60,0x06,0x7F,0xFE,0x00,0x06,0x00,0x06,0x00,0x00,0x00,0x00}, // 517 画
    {0x23,0xFE,0x30,0x40,0x10,0x40,0x03,0xFC,0x00,0xCC,0x70,0x8C,0x17,0xFE,0x10,0x00,0x10,0x00,0x11,0xFC,0x1D,0x04,0x19,0x04,0x11,0x04,0x11,0xFC,0x01,0x04,0x00,0x00}, // 518 语
    {0x1F,0xF8,0x10,0x08,0x1F,0xF8,0x10,0x08,0x1F,0xF8,0x00,0x00,0x3F,0xFC,0x37,0xFC,0x30,0x00,0x3F,0xFE,0x34,0x80,0x24,0x58,0x25,0x70,0x67,0x1E,0x04,0x02,0x00,0x00}, // 519 晨
    {0x09,0xFC,0x09,0x04,0x7F,0x0C,0x7F,0x3C,0x09,0x00,0x09,0xFC,0x1F,0x44,0x79,0x6C,0x09,0x28,0x09,0x38,0x09,0x18,0x09,0x2C,0x39,0xC6,0x00,0x02,0x00,0x00,0x00,0x00}, // 520 报
    {0x20,0x60,0x1B,0xFC,0x02,0x0C,0x02,0x0C,0x63,0xFC,0x32,0x0C,0x03,0xFC,0x02,0x40,0x12,0x64,0x12,0x38,0x22,0x30,0x63,0x9C,0x43,0x06,0x02,0x00,0x00,0x00,0x00,0x00}, // 521 浪
    {0x0C,0x30,0x08,0x30,0x3F,0xFC,0x08,0x30,0x08,0x30,0x0F,0xF0,0x08,0x30,0x0F,0xF0,0x08,0x30,0x08,0x30,0x77,0xCE,0x0C,0x30,0x18,0x18,0x30,0x0C,0x00,0x00,0x00,0x00}, // 522 其
    {0x0C,0x20,0x0C,0x30,0x18,0x18,0x30,0x0C,0x6F,0xF6,0x46,0x02,0x04,0x00,0x07,0xF8,0x0F,0xF0,0x00,0x10,0x00,0x10,0x00,0x30,0x01,0xE0,0x00,0x00,0x00,0x00,0x00,0x00}, // 523 兮
    {0x3F,0xF8,0x04,0x10,0x04,0x30,0x04,0x20,0x04,0x7C,0x06,0x08,0x0A,0x08,0x09,0x10,0x19,0xB0,0x10,0xE0,0x30,0xE0,0x63,0x9C,0x4E,0x0E,0x00,0x00,0x00,0x00,0x00,0x00}, // 524 及
    {0x01,0x80,0x19,0x80,0x11,0x80,0x3F,0xF8,0x21,0x80,0x01,0x80,0x7F,0xFE,0x03,0xC0,0x07,0xC0,0x05,0xA0,0x09,0xB0,0x39,0x98,0x61,0x8E,0x01,0x80,0x00,0x00,0x00,0x00}, // 525 朱
    {0x00,0x60,0x00,0x48,0x3F,0x4C,0x00,0x40,0x00,0x40,0x7F,0xFE,0x04,0x60,0x34,0x20,0x37,0xA0,0x34,0x20,0x34,0x30,0x34,0x92,0x7F,0x9A,0x60,0x0E,0x00,0x00,0x00,0x00}, // 526 武
    {0x62,0x3E,0x12,0x22,0x02,0x22,0x4F,0xA2,0x62,0x3E,0x26,0x22,0x07,0xA2,0x26,0xBE,0x2A,0x22,0x2A,0x22,0x6A,0x22,0x42,0x3E,0x42,0x22,0x02,0x20,0x00,0x00,0x00,0x00}, // 527 湘
    {0x02,0x00,0x3C,0xEE,0x2B,0x22,0x2A,0x22,0x7F,0xAA,0x18,0x6A,0x1A,0x6A,0x29,0x22,0x7E,0x26,0x2A,0x6E,0x3E,0xE2,0x2A,0x22,0x2A,0x22,0x3E,0x6E,0x00,0x44,0x00,0x00}, // 528 翻
    {0x20,0xCC,0x3E,0xF8,0x20,0xC0,0x22,0xC2,0x7E,0x7E,0x23,0x00,0x02,0x00,0x1F,0xF8,0x10,0x08,0x1F,0xF8,0x10,0x08,0x1F,0xF8,0x10,0x08,0x30,0x00,0x00,0x00,0x00,0x00}, // 529 皆
    {0x00,0x00,0x7F,0xFC,0x08,0x40,0x08,0x40,0x18,0x40,0x1F,0x4C,0x31,0x58,0x22,0x60,0x5A,0x40,0x06,0x40,0x04,0x40,0x08,0x46,0x10,0x46,0x60,0x7C,0x00,0x00,0x00,0x00}, // 530 死
    {0x10,0x40,0x13,0xFE,0x10,0x98,0x79,0x88,0x13,0x26,0x13,0xFE,0x19,0x2C,0x71,0xFC,0x11,0x2C,0x11,0xFC,0x11,0x20,0x11,0x22,0x70,0x3E,0x00,0x00,0x00,0x00,0x00,0x00}, // 531 掩
    {0x08,0x30,0x08,0x2C,0x3E,0x20,0x08,0xFE,0x08,0xA0,0x08,0x94,0x7E,0x94,0x08,0x98,0x28,0x98,0x2E,0xD8,0x28,0x9A,0x38,0x64,0x4C,0x00,0x43,0xFE,0x00,0x00,0x00,0x00}, // 532 越
    {0x00,0x80,0x00,0x80,0x1F,0xFC,0x10,0x04,0x10,0x04,0x10,0x04,0x1F,0xFC,0x10,0x04,0x10,0x00,0x10,0x00,0x30,0x00,0x20,0x00,0x60,0x00,0x00,0x00,0x00,0x00,0x00,0x00}, // 533 户
    {0x00,0x48,0x3F,0xFE,0x20,0x40,0x2F,0x48,0x20,0x68,0x2F,0x38,0x29,0x30,0x2F,0x3A,0x40,0xCE,0x01,0x00,0x24,0x8C,0x24,0x16,0x67,0xF2,0x00,0x00,0x00,0x00,0x00,0x00}, // 534 感
    {0x37,0xFE,0x14,0x00,0x04,0xC8,0x47,0xFE,0x34,0xC8,0x04,0xF8,0x04,0x00,0x25,0xFC,0x34,0x8C,0x24,0x48,0x2C,0x70,0x68,0x70,0x1B,0xCE,0x00,0x00,0x00,0x00,0x00,0x00}, // 535 渡
    {0x0C,0x48,0x12,0x68,0x31,0x38,0x7E,0x08,0x48,0x08,0x08,0x48,0x7F,0x28,0x08,0x08,0x28,0x7E,0x2B,0x48,0x69,0x08,0x09,0x08,0x18,0x08,0x00,0x0C,0x00,0x00,0x00,0x00}, // 536 斜
    {0x00,0x04,0x33,0xFC,0x1B,0x80,0x00,0x40,0x40,0x60,0x70,0x20,0x13,0xFC,0x00,0x18,0x00,0x30,0x18,0x60,0x10,0xC0,0x31,0x80,0x67,0x80,0x44,0x7E,0x00,0x00,0x00,0x00}, // 537 泛
    {0x3F,0x3E,0x11,0x22,0x11,0x24,0x7F,0xA4,0x11,0x24,0x11,0x2C,0x7F,0x2C,0x10,0x26,0x3F,0x22,0x7F,0x22,0x51,0x26,0x11,0x2E,0x1F,0x20,0x11,0x20,0x00,0x20,0x00,0x00}, // 538 郡
    {0x10,0x30,0x10,0x70,0x10,0x48,0x54,0x8C,0x55,0xA6,0x55,0x12,0x55,0xFC,0x55,0xFC,0x54,0x08,0x54,0x58,0x7C,0x70,0x44,0x30,0x00,0x18,0x00,0x00,0x00,0x00,0x00,0x00}, // 539 岭
    {0x00,0x80,0x7F,0xFE,0x04,0x30,0x06,0x20,0x7F,0xFE,0x7F,0xFE,0x03,0x00,0x7F,0xFE,0x06,0x10,0x04,0x30,0x0F,0xE0,0x00,0xF8,0x7F,0x0E,0x30,0x00,0x00,0x00,0x00,0x00}, // 540 妾
    {0x00,0x80,0x00,0x80,0x0C,0xFC,0x0C,0x80,0x0C,0x80,0x7F,0xFE,0x7F,0xFE,0x00,0x80,0x04,0x84,0x08,0x8C,0x10,0x98,0x20,0xB0,0x00,0xC0,0x7F,0x00,0x20,0x00,0x00,0x00}, // 541 步
    {0x18,0x60,0x13,0xFE,0x10,0x90,0x30,0x10,0x33,0xFE,0x52,0x42,0x57,0xFE,0x10,0x80,0x10,0x80,0x10,0xFC,0x11,0x8C,0x11,0x08,0x12,0x38,0x14,0x10,0x00,0x00,0x00,0x00}, // 542 傍
    {0x11,0x88,0x7F,0xFE,0x32,0x5C,0x3D,0xAE,0x56,0xC8,0x01,0x00,0x7F,0xFE,0x0C,0xD0,0x73,0x8E,0x4F,0xF2,0x00,0x80,0x3F,0xFC,0x03,0x80,0x01,0x00,0x00,0x00,0x00,0x00}, // 543 攀
    {0x00,0x00,0x7E,0xFC,0x48,0x84,0x08,0x84,0x08,0x84,0x7E,0x84,0x18,0x84,0x1C,0x84,0x3E,0xFC,0x2A,0x00,0x48,0xC8,0x48,0x8C,0x09,0x86,0x0B,0x02,0x08,0x00,0x00,0x00}, // 544 积
    {0x04,0x60,0x04,0x60,0x7F,0xFE,0x04,0x20,0x00,0x00,0x3F,0xFE,0x21,0x86,0x21,0x06,0x1F,0xF8,0x01,0x08,0x02,0x08,0x06,0x08,0x0C,0x18,0x78,0x70,0x20,0x00,0x00,0x00}, // 545 劳
    {0x08,0x00,0x08,0xBE,0x3F,0xA4,0x09,0x24,0x0A,0x24,0x7F,0xEC,0x0C,0x28,0x18,0x24,0x37,0xA6,0x51,0xA2,0x1F,0xA2,0x11,0xAE,0x1F,0xA8,0x11,0xA0,0x00,0x20,0x00,0x00}, // 546 都
    {0x7F,0x4C,0x48,0x40,0x08,0x40,0x7F,0xFE,0x08,0x40,0x7F,0x6C,0x10,0x28,0x24,0x28,0x3F,0x38,0x04,0x30,0x1F,0x30,0x74,0x7A,0x04,0xCE,0x04,0x04,0x00,0x00,0x00,0x00}, // 547 载
    {0x08,0xC0,0x0C,0xC0,0x08,0xC4,0x18,0xC4,0x18,0xCC,0x38,0xD8,0x78,0xE0,0x18,0xC0,0x19,0xC0,0x1F,0xC0,0x18,0xC0,0x18,0xC2,0x18,0xC2,0x18,0x7E,0x00,0x00,0x00,0x00}, // 548 化
    {0x00,0x08,0x3F,0xFC,0x31,0x08,0x11,0x08,0x19,0x98,0x08,0x30,0x01,0x00,0x7F,0xFE,0x7F,0xFE,0x07,0x40,0x0D,0x20,0x19,0x18,0x71,0x0E,0x41,0x04,0x01,0x00,0x00,0x00}, // 549 采
    {0x19,0x18,0x09,0x10,0x3F,0xFC,0x03,0x00,0x02,0x00,0x7F,0xFE,0x04,0x30,0x1F,0xFC,0x74,0x36,0x04,0x30,0x04,0x60,0x04,0x0C,0x07,0xF8,0x00,0x00,0x00,0x00,0x00,0x00}, // 550 卷
    {0x1B,0xFC,0x13,0x04,0x33,0x04,0x33,0x04,0x73,0xFC,0x53,0x04,0x13,0x04,0x13,0x04,0x13,0xFC,0x10,0x00,0x10,0x00,0x10,0x00,0x17,0xFE,0x10,0x00,0x00,0x00,0x00,0x00}, // 551 但
    {0x1F,0xF8,0x10,0x08,0x10,0x08,0x1F,0xF8,0x10,0x00,0x10,0x04,0x1F,0xFC,0x00,0x00,0x04,0x20,0x7F,0xFE,0x04,0x20,0x0C,0x20,0x18,0x20,0x70,0x20,0x00,0x00,0x00,0x00}, // 552 异
    {0x08,0xFC,0x7E,0x84,0x18,0xFC,0x18,0x84,0x2E,0xFC,0x6A,0x84,0x48,0x84,0x08,0xFC,0x00,0x00,0x14,0x8C,0x34,0x44,0x24,0x12,0x67,0xF0,0x00,0x00,0x00,0x00,0x00,0x00}, // 553 想
    {0x08,0x10,0x7F,0x7E,0x08,0x10,0x7F,0x10,0x00,0x10,0x3F,0x7C,0x21,0x24,0x3F,0x24,0x00,0x2C,0x32,0x18,0x14,0x18,0x7F,0x68,0x01,0xC6,0x00,0x02,0x00,0x00,0x00,0x00}, // 554 鼓
    {0x1F,0xFC,0x11,0x8C,0x11,0x8C,0x1F,0xFC,0x11,0x8C,0x11,0x8C,0x11,0x8C,0x1F,0xFC,0x31,0x8C,0x31,0x8C,0x21,0x8C,0x21,0x8C,0x61,0x98,0x00,0x00,0x00,0x00,0x00,0x00}, // 555 用
    {0x7F,0xFE,0x01,0x00,0x1F,0xF8,0x10,0x08,0x1F,0xF8,0x10,0x08,0x1F,0xF8,0x1F,0xF8,0x04,0x00,0x0F,0xF8,0x34,0x30,0x23,0x60,0x01,0xC0,0x7E,0x7E,0x60,0x02,0x00,0x00}, // 556 夏
    {0x1F,0xF0,0x18,0x10,0x18,0x10,0x1F,0xF0,0x01,0x80,0x3F,0xFC,0x21,0x84,0x21,0x84,0x3F,0xFC,0x21,0x80,0x01,0x88,0x01,0x9C,0x3F,0xE6,0x00,0x00,0x00,0x00,0x00,0x00}, // 557 虽
    {0x00,0x80,0x01,0x80,0x7F,0xFE,0x7F,0xFE,0x02,0x00,0x06,0x20,0x0C,0x30,0x38,0x60,0x1F,0xC0,0x01,0x80,0x03,0x30,0x04,0x18,0x18,0xFC,0x1F,0x04,0x00,0x00,0x00,0x00}, // 558 玄
    {0x00,0x00,0x3F,0xFC,0x22,0x10,0x22,0x10,0x3E,0xB0,0x22,0xB0,0x23,0xFE,0x3E,0xA0,0x24,0x30,0x26,0x30,0x26,0x50,0x3B,0xD0,0x70,0x92,0x03,0x1E,0x02,0x00,0x00,0x00}, // 559 既
    {0x7F,0xFE,0x04,0x60,0x00,0x00,0x7F,0xFE,0x43,0x02,0x0F,0xF0,0x09,0x10,0x09,0x30,0x08,0x00,0x0F,0xFC,0x00,0x04,0x3F,0xE4,0x00,0x1C,0x00,0x10,0x00,0x00,0x00,0x00}, // 560 莺
    {0x01,0xC0,0x00,0x40,0x0F,0x80,0x00,0x80,0x00,0x84,0x7E,0xCC,0x06,0xF0,0x04,0xA0,0x04,0xB0,0x0C,0x98,0x18,0x8C,0x30,0x86,0x63,0x80,0x02,0x00,0x00,0x00,0x00,0x00}, // 561 永
    {0x08,0x00,0x09,0xFC,0x10,0x08,0x24,0x10,0x4C,0x30,0x08,0xD8,0x13,0x86,0x32,0x00,0x53,0xFC,0x10,0x20,0x10,0x20,0x10,0x20,0x10,0x20,0x17,0xFE,0x10,0x00,0x00,0x00}, // 562 径
    {0x1F,0xF8,0x11,0x88,0x11,0x88,0x1F,0xFC,0x01,0x80,0x7F,0xFE,0x00,0x00,0x1F,0xF8,0x11,0x88,0x11,0x08,0x11,0x40,0x06,0x38,0x7C,0x0C,0x20,0x00,0x00,0x00,0x00,0x00}, // 563 贵
    {0x11,0xE0,0x10,0x60,0x7D,0xFE,0x50,0x52,0x18,0x50,0x34,0x88,0x35,0x8C,0x77,0x4A,0x50,0xC8,0x50,0xC8,0x10,0x88,0x11,0x88,0x13,0x08,0x00,0x00,0x00,0x00,0x00,0x00}, // 564 桥
    {0x01,0x80,0x00,0x00,0x7F,0xFE,0x08,0x00,0x08,0x00,0x08,0x00,0x0F,0xF8,0x00,0x80,0x34,0x88,0x24,0xC4,0x24,0x16,0x44,0x10,0x07,0xF0,0x00,0x00,0x00,0x00,0x00,0x00}, // 565 忘
    {0x3F,0xFC,0x08,0x30,0x04,0x20,0x7F,0xFE,0x00,0x00,0x1F,0xF8,0x10,0x08,0x1F,0xF8,0x10,0x08,0x1F,0xF8,0x01,0x80,0x7F,0xFE,0x01,0x80,0x01,0x80,0x00,0x00,0x00,0x00}, // 566 章
    {0x10,0x00,0x11,0xFE,0x57,0x02,0x75,0x22,0x34,0x20,0x11,0xFE,0x7E,0xD0,0x28,0x90,0x29,0xFC,0x28,0x10,0x2A,0x10,0x2D,0xFE,0x48,0x10,0xC0,0x10,0x00,0x10,0x00,0x00}, // 567 辉
    {0x3F,0xFC,0x01,0x80,0x1F,0xF8,0x01,0x80,0x01,0x80,0x3F,0xFC,0x04,0x20,0x04,0x20,0x7F,0xFE,0x04,0x20,0x0C,0x20,0x08,0x20,0x70,0x20,0x00,0x20,0x00,0x00,0x00,0x00}, // 568 弄
    {0x01,0x80,0x7F,0xFE,0x02,0x40,0x12,0x58,0x32,0x4C,0x62,0x46,0x02,0x40,0x3F,0xF8,0x04,0x30,0x06,0x60,0x03,0xC0,0x03,0xC0,0x7C,0x3E,0x20,0x00,0x00,0x00,0x00,0x00}, // 569 变
    {0x06,0x20,0x7F,0xFE,0x06,0x20,0x06,0x20,0x0C,0x00,0x1B,0xFE,0x10,0x08,0x33,0xE8,0xD2,0x28,0x52,0x28,0x12,0x28,0x13,0xE8,0x10,0x08,0x10,0x18,0x00,0x00,0x00,0x00}, // 570 荷
    {0x00,0x0C,0x3F,0x8C,0x01,0x8C,0x01,0x8C,0x3F,0x8C,0x20,0x0C,0x20,0x0C,0x20,0x0C,0x3F,0x8C,0x01,0x8C,0x01,0x0C,0x01,0x0C,0x01,0x0C,0x0F,0x0C,0x08,0x00,0x00,0x00}, // 571 引
    {0x11,0x90,0x11,0x00,0x19,0xFE,0x57,0x10,0x53,0x10,0x57,0xFE,0x11,0x10,0x11,0x10,0x11,0xFE,0x11,0x10,0x11,0x10,0x11,0xFE,0x11,0x00,0x00,0x00,0x00,0x00,0x00,0x00}, // 572 惟
    {0x1B,0xFE,0x13,0xFE,0x30,0xF0,0x33,0x9C,0x72,0x00,0x57,0xFE,0x10,0x0C,0x13,0xEC,0x12,0x6C,0x12,0x6C,0x13,0xEC,0x10,0x0C,0x10,0x1C,0x00,0x18,0x00,0x00,0x00,0x00}, // 573 倚
    {0x1F,0x7E,0x34,0x48,0x64,0x88,0x00,0x0C,0x79,0xF8,0x18,0x20,0x10,0x3C,0x3D,0x20,0x05,0x20,0x2D,0x20,0x19,0xFC,0x1C,0x00,0x67,0xFE,0x00,0x00,0x00,0x00,0x00,0x00}, // 574 筵
    {0x08,0x20,0x1B,0x24,0x13,0x24,0x33,0xFC,0x31,0x20,0x71,0x20,0x53,0xFE,0x17,0x20,0x17,0xFC,0x13,0x20,0x13,0xFC,0x13,0x20,0x13,0xFE,0x13,0x00,0x00,0x00,0x00,0x00}, // 575 催
    {0x7F,0xFE,0x01,0x80,0x3F,0xFC,0x00,0x00,0x1F,0xF8,0x10,0x08,0x1F,0xF8,0x04,0x20,0x7F,0xFF,0x00,0x00,0x1F,0xF8,0x10,0x08,0x1F,0xF8,0x00,0x00,0x00,0x00,0x00,0x00}, // 576 喜
    {0x0C,0x3C,0x7F,0xA4,0x7F,0xA4,0x12,0x28,0x33,0x28,0x61,0xA8,0x42,0x24,0x12,0x26,0x0C,0x22,0x0C,0x22,0x0A,0x2E,0x33,0x28,0x61,0x20,0x00,0x20,0x00,0x00,0x00,0x00}, // 577 郊
    {0x00,0x20,0x00,0x20,0x0E,0x20,0x03,0x20,0x01,0x20,0x38,0x20,0x0C,0x20,0x04,0x20,0x00,0x2E,0x7F,0xF8,0x60,0x20,0x00,0x20,0x00,0x20,0x00,0x20,0x00,0x00,0x00,0x00}, // 578 斗
    {0x18,0x40,0x18,0x40,0x10,0x40,0x30,0x40,0x37,0xFE,0x70,0xE0,0x50,0xE0,0x51,0xD0,0x11,0x58,0x13,0x48,0x12,0x4C,0x16,0x46,0x10,0x40,0x10,0x40,0x00,0x00,0x00,0x00}, // 579 休
    {0x08,0x7E,0x7F,0x64,0x63,0x64,0x63,0x6C,0x7F,0x68,0x63,0x68,0x63,0x64,0x7F,0x66,0x64,0x62,0x66,0x62,0x6E,0x6E,0x79,0x68,0x60,0x60,0x00,0x60,0x00,0x00,0x00,0x00}, // 580 郎
    {0x00,0x02,0x7F,0xC2,0x08,0x32,0x08,0x32,0x1F,0xB2,0x11,0x32,0x31,0x32,0x29,0x32,0x6F,0x32,0x06,0x32,0x06,0x32,0x0C,0x02,0x18,0x02,0x70,0x0E,0x20,0x08,0x00,0x00}, // 581 列
    {0x0C,0x00,0x1B,0xF0,0x30,0x60,0x7F,0xFC,0x00,0x0C,0x1F,0xFC,0x00,0x0C,0x1F,0xFC,0x00,0x00,0x24,0x8C,0x24,0x86,0x64,0x12,0x47,0xF0,0x00,0x00,0x00,0x00,0x00,0x00}, // 582 急
    {0x1F,0xF8,0x1F,0xF8,0x10,0x08,0x1F,0xF8,0x10,0x08,0x1F,0xF8,0x04,0x00,0x0F,0xFC,0x33,0x24,0x62,0x44,0x0C,0xC4,0x31,0x8C,0x03,0x0C,0x1C,0x38,0x00,0x00,0x00,0x00}, // 583 易
    {0x08,0xC0,0x08,0xFE,0x7D,0x80,0x13,0x10,0x10,0xD0,0x1C,0xFC,0x15,0x90,0x34,0x10,0x24,0xFC,0x24,0x10,0x24,0x10,0x64,0x10,0x4D,0xFE,0x00,0x00,0x00,0x00,0x00,0x00}, // 584 旌
    {0x30,0x20,0x10,0x7E,0x0F,0x54,0x02,0x54,0x62,0x44,0x12,0x5C,0x02,0x40,0x12,0x7E,0x33,0x02,0x2C,0x02,0x61,0xFA,0x40,0x02,0x00,0x0E,0x00,0x08,0x00,0x00,0x00,0x00}, // 585 鸿
    {0x01,0x80,0x3F,0xFC,0x20,0x04,0x20,0x24,0x00,0x20,0x7F,0xFE,0x7F,0xFE,0x10,0x20,0x18,0x20,0x08,0x20,0x04,0x20,0x00,0x20,0x01,0xE0,0x00,0x80,0x00,0x00,0x00,0x00}, // 586 守
    {0x00,0x60,0x04,0x60,0x04,0x60,0x04,0x60,0x04,0x60,0x04,0x60,0x04,0x60,0x04,0x60,0x0C,0x60,0x0C,0x60,0x18,0x60,0x10,0x62,0x30,0x7E,0x60,0x3C,0x00,0x00,0x00,0x00}, // 587 儿
    {0x01,0x80,0x7F,0xFE,0x00,0x00,0x1F,0xF8,0x18,0x08,0x18,0x08,0x1F,0xF8,0x06,0x84,0x0C,0xCC,0x1C,0x50,0x64,0x20,0x47,0x18,0x0C,0x0E,0x00,0x00,0x00,0x00,0x00,0x00}, // 588 哀
    {0x10,0x80,0x10,0x8C,0x10,0x88,0x54,0x90,0x54,0x90,0x56,0x80,0x53,0xFE,0x50,0xB0,0x10,0x90,0x10,0x90,0x10,0x98,0x10,0x88,0x10,0xE6,0x10,0x82,0x00,0x00,0x00,0x00}, // 589 怅
    {0x7C,0x40,0x4C,0xC0,0x4B,0xFE,0x48,0x80,0x59,0x20,0x59,0x20,0x4B,0xFE,0x4C,0x20,0x4C,0x24,0x5D,0xA4,0x51,0x26,0x42,0x23,0x40,0x60,0x00,0x00,0x00,0x00,0x00,0x00}, // 590 陈
    {0x1F,0xFE,0x10,0xC0,0x10,0x80,0x17,0xFC,0x16,0x0C,0x17,0xFC,0x16,0x0C,0x37,0xFC,0x30,0x40,0x22,0x40,0x22,0x48,0x64,0x44,0x49,0xC0,0x00,0x00,0x00,0x00,0x00,0x00}, // 591 原
    {0x10,0x00,0x18,0x00,0x11,0xFE,0x25,0x22,0x65,0x22,0x79,0x22,0x09,0x22,0x11,0xFE,0x21,0x22,0x7D,0x22,0x01,0x22,0x03,0x22,0x7D,0xFE,0x41,0x02,0x00,0x00,0x00,0x00}, // 592 细
    {0x00,0x40,0x7C,0xFC,0x04,0xA4,0x04,0xA4,0x24,0xA4,0x1C,0x9C,0x18,0x90,0x0C,0xFE,0x14,0x02,0x30,0x02,0x63,0xFA,0x40,0x02,0x00,0x1E,0x00,0x08,0x00,0x00,0x00,0x00}, // 593 鸡
    {0x00,0x80,0x7F,0xFE,0x60,0x06,0x60,0x06,0x00,0x00,0x7F,0xFE,0x00,0x80,0x00,0x80,0x00,0x80,0x00,0x80,0x00,0x80,0x00,0x80,0x03,0x80,0x00,0x00,0x00,0x00,0x00,0x00}, // 594 宁
    {0x30,0x60,0x18,0xE0,0x08,0x90,0x01,0x08,0x73,0x0C,0x16,0x86,0x10,0x98,0x10,0xB0,0x10,0xC0,0x14,0x80,0x1C,0x80,0x18,0x86,0x10,0xFC,0x00,0x00,0x00,0x00,0x00,0x00}, // 595 论
    {0x11,0x8C,0x13,0x06,0x36,0x60,0x30,0xE0,0x70,0x90,0x51,0x98,0x53,0x0F,0x1F,0xFA,0x11,0x08,0x11,0x08,0x11,0x08,0x11,0xF8,0x11,0x08,0x11,0x00,0x00,0x00,0x00,0x00}, // 596 俗
    {0x18,0x04,0x19,0xFC,0x19,0x80,0x18,0x80,0x7E,0x80,0x18,0xFE,0x18,0x90,0x1D,0x90,0x79,0x90,0x19,0x90,0x19,0x10,0x19,0x10,0x1B,0x10,0x32,0x10,0x02,0x18,0x00,0x00}, // 597 折
    {0x10,0x20,0x10,0x20,0x11,0xFC,0x7C,0x20,0x7C,0x20,0x10,0x20,0x13,0xFE,0x1C,0x08,0x73,0xFE,0x50,0x08,0x11,0x08,0x11,0x88,0x10,0x88,0x30,0x38,0x00,0x30,0x00,0x00}, // 598 持
    {0x04,0x20,0x04,0x20,0x04,0x20,0x7F,0xFE,0x04,0x20,0x04,0x20,0x04,0x20,0x04,0x20,0x7F,0xFE,0x04,0x20,0x0C,0x20,0x08,0x20,0x18,0x20,0x70,0x20,0x20,0x00,0x00,0x00}, // 599 井
    {0x30,0x8C,0x13,0xE8,0x00,0x98,0x00,0x90,0x6F,0xFE,0x20,0x40,0x03,0xFC,0x03,0x0C,0x3F,0x0C,0x21,0xFC,0x21,0x0C,0x61,0x0C,0x41,0xFC,0x01,0x00,0x00,0x00,0x00,0x00}, // 600 渚
    {0x10,0xFE,0x14,0x10,0x34,0x10,0x34,0x7E,0x57,0x46,0x54,0x56,0x14,0x56,0x14,0x56,0x15,0x56,0x17,0x56,0x14,0x30,0x10,0x64,0x10,0xC6,0x10,0x80,0x00,0x00,0x00,0x00}, // 601 倾
    {0x01,0x80,0x01,0x80,0x01,0x80,0x7F,0xFE,0x03,0xC0,0x03,0xC0,0x07,0xE0,0x05,0xA0,0x0D,0xB0,0x19,0x98,0x37,0xFC,0x67,0xF6,0x01,0x80,0x01,0x80,0x01,0x80,0x00,0x00}, // 602 本
    {0x11,0x90,0x11,0xFE,0x13,0x10,0x7B,0xFE,0x15,0x10,0x11,0xFE,0x1D,0xFE,0x71,0x00,0x13,0xFC,0x10,0x48,0x10,0x4E,0x10,0x82,0x77,0x0E,0x20,0x08,0x00,0x00,0x00,0x00}, // 603 携
    {0x00,0x00,0x19,0xF8,0x0D,0x18,0x01,0x18,0x61,0x18,0x32,0x0E,0x14,0x00,0x03,0xF8,0x09,0x08,0x18,0x90,0x10,0xF0,0x30,0x60,0x20,0xF8,0x67,0x0E,0x04,0x00,0x00,0x00}, // 604 没
    {0x1F,0xF8,0x10,0x08,0x10,0x08,0x1F,0xF8,0x1F,0xF8,0x10,0x08,0x10,0x08,0x1F,0xF8,0x10,0x08,0x10,0x08,0x10,0x08,0x1F,0xF8,0x10,0x08,0x00,0x00,0x00,0x00,0x00,0x00}, // 605 目
    {0x01,0x80,0x7F,0xFC,0x60,0x04,0x60,0x04,0x1F,0xF8,0x06,0x30,0x0C,0x18,0x1F,0xEC,0x01,0x80,0x1F,0xF8,0x01,0x80,0x01,0x80,0x7F,0xFE,0x00,0x00,0x00,0x00,0x00,0x00}, // 606 室
    {0x0C,0x20,0x0C,0x20,0x7F,0xFE,0x0E,0x20,0x06,0x00,0x04,0x30,0x18,0x18,0x3F,0xFC,0x00,0x04,0x1F,0xF8,0x10,0x08,0x10,0x08,0x1F,0xF8,0x1F,0xF8,0x00,0x00,0x00,0x00}, // 607 苔
    {0x3F,0x7C,0x21,0x44,0x21,0x44,0x3F,0x44,0x21,0x44,0x21,0x44,0x3F,0x44,0x20,0x44,0x26,0x44,0x23,0x44,0x2D,0x4C,0x71,0xC0,0x00,0x40,0x00,0x40,0x00,0x00,0x00,0x00}, // 608 即
    {0x19,0x06,0x19,0x06,0x7F,0xD6,0x19,0x16,0x00,0x16,0x3F,0xD6,0x09,0x16,0x09,0x16,0x09,0x16,0x7F,0xD6,0x19,0x16,0x11,0x06,0x11,0x06,0x21,0x0C,0x00,0x00,0x00,0x00}, // 609 荆
    {0x00,0x00,0x00,0x00,0x1F,0xFC,0x10,0x0C,0x10,0x0C,0x10,0x0C,0x10,0x0C,0x10,0x0C,0x10,0x0C,0x10,0x0C,0x10,0x0C,0x10,0x0C,0x1F,0xFC,0x10,0x0C,0x00,0x00,0x00,0x00}, // 610 口
    {0x31,0x98,0x19,0x90,0x00,0x30,0x7F,0xFE,0x04,0x20,0x0D,0xB0,0x19,0x98,0x6F,0xF6,0x01,0x80,0x01,0x80,0x3F,0xFC,0x01,0x80,0x01,0x80,0x01,0x80,0x00,0x00,0x00,0x00}, // 611 举
    {0x18,0xFE,0x01,0x00,0x7D,0xC8,0x11,0xFE,0x10,0xC8,0x1C,0xF8,0x14,0xC8,0x14,0xF8,0x24,0xC8,0x25,0xFE,0x24,0x00,0x6C,0x4C,0x49,0x86,0x00,0x02,0x00,0x00,0x00,0x00}, // 612 旗
    {0x3F,0xFE,0x20,0x00,0x23,0x10,0x2F,0xFE,0x23,0x10,0x23,0x10,0x23,0xF0,0x20,0x40,0x27,0xFC,0x24,0x44,0x64,0x44,0x64,0x44,0x44,0x4C,0x00,0x40,0x00,0x00,0x00,0x00}, // 613 席
    {0x06,0x40,0x7F,0xFE,0x02,0x40,0x1F,0xF8,0x1E,0x78,0x10,0x08,0x1F,0xF8,0x1F,0xF8,0x00,0x10,0x7F,0xFE,0x00,0x10,0x08,0x10,0x04,0x70,0x00,0x40,0x00,0x00,0x00,0x00}, // 614 尊
    {0x06,0x60,0x06,0x60,0x7F,0xFE,0x06,0x60,0x10,0x00,0x18,0x7C,0x1F,0x4C,0x22,0x4C,0x62,0x4C,0x4E,0x4C,0x06,0x58,0x0C,0x42,0x18,0x42,0x70,0x7E,0x00,0x00,0x00,0x00}, // 615 苑
    {0x7C,0x48,0x45,0xFE,0x55,0x12,0x55,0xDA,0x55,0x5A,0x55,0x12,0x55,0xFE,0x54,0x00,0x54,0xFC,0x10,0x84,0x14,0xFC,0x24,0x84,0x62,0xFC,0x40,0x80,0x00,0x00,0x00,0x00}, // 616 赠
    {0x00,0x20,0x7E,0x20,0x11,0xA0,0x11,0xFC,0x31,0x20,0x3F,0x20,0x24,0x20,0x47,0xFE,0x58,0x70,0x18,0xB8,0x19,0xA8,0x31,0x24,0x66,0x26,0x44,0x20,0x00,0x20,0x00,0x00}, // 617 殊
    {0x18,0x7C,0x3E,0x4C,0x22,0x4C,0x2A,0xCC,0x2A,0x8F,0x23,0x86,0x7E,0x00,0x22,0xFC,0x2A,0xC4,0x2A,0xC4,0x62,0xC4,0x46,0xFC,0x44,0xC4,0x00,0x00,0x00,0x00,0x00,0x00}, // 618 船
    {0x18,0x50,0x10,0xC8,0x10,0x80,0x7E,0xFE,0x11,0x98,0x23,0x98,0x28,0xFE,0x68,0x98,0x58,0x98,0x54,0xFE,0x36,0x98,0x22,0x98,0x7E,0xFF,0x00,0x80,0x00,0x80,0x00,0x00}, // 619 雄
    {0x00,0x08,0x03,0xF8,0x0C,0x00,0x08,0x00,0x08,0x00,0x08,0x00,0x0F,0xFC,0x08,0x20,0x08,0x20,0x08,0x20,0x08,0x20,0x08,0x20,0x7F,0xFE,0x7F,0xFE,0x00,0x00,0x00,0x00}, // 620 丘
    {0x08,0x04,0x08,0x7C,0x37,0x40,0x34,0x7C,0x3F,0x58,0x04,0x58,0x7F,0xD8,0x04,0x98,0x00,0x00,0x1F,0xF8,0x10,0x08,0x1F,0xF8,0x10,0x08,0x1F,0xF8,0x00,0x00,0x00,0x00}, // 621 暂
    {0x00,0x40,0x22,0x40,0x32,0x48,0x11,0x58,0x00,0x40,0x07,0xFE,0x70,0xC0,0x10,0xD0,0x11,0x58,0x13,0x4C,0x1E,0x44,0x10,0x40,0x3C,0x40,0x67,0xFE,0x00,0x00,0x00,0x00}, // 622 迷
    {0x7F,0xFE,0x00,0x00,0x1F,0xF8,0x18,0x18,0x18,0x18,0x7F,0xFE,0x18,0x18,0x1F,0xF8,0x02,0x88,0x04,0xD8,0x1C,0x60,0x65,0x1C,0x06,0x06,0x04,0x00,0x00,0x00,0x00,0x00}, // 623 衰
    {0x19,0xFE,0x08,0x06,0x60,0x46,0x60,0x46,0x6F,0xF6,0x60,0xC6,0x61,0x46,0x63,0x46,0x66,0x46,0x6C,0x46,0x78,0x46,0x61,0xC6,0x61,0x0C,0x00,0x00,0x00,0x00,0x00,0x00}, // 624 闭
    {0x04,0x20,0x04,0x20,0x7F,0xFE,0x04,0x20,0x20,0xC0,0x10,0x40,0x07,0xFE,0x47,0xFE,0x31,0x00,0x01,0x00,0x09,0x00,0x11,0x00,0x31,0x00,0x61,0xFC,0x00,0x00,0x00,0x00}, // 625 茫
    {0x11,0x24,0x11,0x24,0x7D,0xFC,0x00,0x00,0x0D,0xFE,0x49,0xFE,0x68,0x20,0x29,0xFE,0x29,0x52,0x09,0x52,0x3D,0x52,0x41,0x52,0x01,0x0E,0x01,0x04,0x00,0x00,0x00,0x00}, // 626 端
    {0x20,0x40,0x1B,0xFC,0x00,0x4C,0x4F,0xFE,0x60,0x4C,0x13,0xFC,0x00,0x40,0x10,0x40,0x17,0xFC,0x20,0x40,0x2F,0xFE,0x60,0x40,0x40,0x40,0x00,0x40,0x00,0x00,0x00,0x00}, // 627 津
    {0x3F,0xC0,0x20,0x80,0x3F,0xFE,0x20,0xC0,0x20,0x40,0x2C,0x32,0x70,0x1E,0x1F,0xF0,0x10,0x10,0x1F,0xF0,0x10,0x10,0x1F,0xF0,0x10,0x10,0x10,0x00,0x00,0x00,0x00,0x00}, // 628 昏
    {0x31,0x98,0x18,0x10,0x7F,0xFE,0x7F,0xFE,0x60,0x06,0x0F,0xF0,0x00,0x30,0x00,0xC0,0x00,0x80,0x7F,0xFE,0x00,0x80,0x00,0x80,0x07,0x80,0x03,0x00,0x00,0x00,0x00,0x00}, // 629 学
    {0x00,0x40,0x47,0xFC,0x67,0xFC,0x30,0x40,0x27,0xFE,0x02,0x08,0x03,0xCC,0x1C,0x86,0x31,0xF8,0x23,0x98,0x66,0x90,0x40,0x60,0x40,0xF8,0x0F,0x0E,0x00,0x00,0x00,0x00}, // 630 凌
    {0x1B,0xF8,0x10,0x08,0x37,0xFE,0x37,0xFE,0x71,0x00,0xD3,0xFC,0x12,0x20,0x10,0x20,0x17,0xFE,0x10,0x60,0x10,0xD0,0x11,0x98,0x17,0x06,0x10,0x00,0x00,0x00,0x00,0x00}, // 631 侯
    {0x23,0xFC,0x32,0x64,0x13,0xFC,0x07,0xFE,0x00,0x00,0x73,0xFC,0x32,0x04,0x32,0x44,0x32,0x40,0x30,0x98,0x37,0x04,0x38,0x00,0x47,0xFE,0x00,0x00,0x00,0x00,0x00,0x00}, // 632 遗
    {0x00,0xC8,0x3F,0xFE,0x20,0x40,0x3E,0x4C,0x3E,0x78,0x22,0x30,0x22,0x72,0x65,0x9E,0x40,0x04,0x1F,0xF8,0x12,0x48,0x12,0x48,0x7F,0xFE,0x00,0x00,0x00,0x00,0x00,0x00}, // 633 盛
    {0x01,0x80,0x7F,0xFE,0x07,0xE0,0x0D,0xB0,0x39,0x9E,0x7F,0xF6,0x10,0x30,0x00,0xC0,0x01,0x80,0x7F,0xFE,0x01,0x80,0x01,0x80,0x07,0x00,0x02,0x00,0x00,0x00,0x00,0x00}, // 634 李
    {0x01,0x80,0x3F,0xFC,0x20,0x04,0x20,0x04,0x1F,0xF8,0x00,0x80,0x00,0x80,0x08,0x80,0x18,0xF8,0x18,0x80,0x3C,0x80,0x27,0x80,0x61,0xFE,0x00,0x00,0x00,0x00,0x00,0x00}, // 635 定
    {0x1F,0xFC,0x11,0x84,0x17,0xE4,0x17,0xE4,0x11,0x84,0x1F,0xF4,0x10,0x04,0x37,0xE4,0x24,0x24,0x24,0x24,0x27,0xE4,0x60,0x04,0x40,0x3C,0x00,0x00,0x00,0x00,0x00,0x00}, // 636 周
    {0x00,0x90,0x00,0x98,0x00,0x80,0x7F,0xFE,0x00,0x80,0x08,0x88,0x08,0xC8,0x08,0x48,0x7E,0x50,0x08,0x50,0x18,0x60,0x10,0x70,0x30,0x92,0x63,0x0E,0x00,0x00,0x00,0x00}, // 637 戎
    {0x00,0x00,0x3F,0xFC,0x01,0x80,0x01,0x80,0x01,0x80,0x01,0x80,0x01,0x80,0x7F,0xFE,0x01,0x80,0x01,0x80,0x01,0x80,0x01,0x80,0x01,0x80,0x01,0x80,0x01,0x80,0x00,0x00}, // 638 干
    {0x33,0x1E,0x1F,0xD2,0x03,0x12,0x47,0x9E,0x74,0x92,0x07,0x92,0x04,0x92,0x27,0x9E,0x23,0x32,0x23,0x22,0x6F,0xE2,0x43,0x62,0x43,0x4E,0x00,0x40,0x00,0x00,0x00,0x00}, // 639 潮
    {0x11,0x7E,0x00,0x02,0x04,0x02,0x44,0xF2,0x34,0x92,0x04,0x92,0x04,0xF2,0x04,0x92,0x14,0x92,0x24,0xF2,0x24,0x02,0x64,0x02,0x44,0x0E,0x00,0x08,0x00,0x00,0x00,0x00}, // 640 涧
    {0x00,0x40,0x30,0x40,0x08,0x40,0x00,0x7F,0x00,0x40,0x70,0x40,0x10,0x40,0x03,0xFC,0x12,0x04,0x1A,0x04,0x12,0x04,0x32,0x04,0x23,0xFC,0x62,0x04,0x00,0x00,0x00,0x00}, // 641 沾
    {0x06,0x40,0x3F,0xFC,0x01,0x80,0x01,0x80,0x1F,0xF8,0x01,0x80,0x7F,0xFE,0x00,0x00,0x3F,0xF8,0x32,0x48,0x32,0x48,0x32,0x48,0xFF,0xFE,0x00,0x00,0x00,0x00,0x00,0x00}, // 642 盖
    {0x01,0x00,0x03,0x00,0x02,0x80,0x06,0xC0,0x0C,0x60,0x18,0x1C,0x24,0x20,0x0C,0x20,0x0C,0x20,0x0C,0x20,0x0E,0x50,0x11,0x58,0x30,0x8C,0x61,0x86,0x00,0x00,0x00,0x00}, // 643 众
    {0x00,0x18,0x7D,0xFC,0x44,0x1A,0x54,0x18,0x55,0xFE,0x54,0x48,0x55,0x48,0x55,0x68,0x55,0x48,0x55,0x48,0x39,0x48,0x2D,0x68,0x67,0x86,0x40,0x06,0x00,0x02,0x00,0x00}, // 644 赋
    {0x04,0x20,0x3F,0xFC,0x21,0x84,0x29,0xB4,0x25,0xA4,0x3F,0xFC,0x3F,0xFC,0x1F,0xF8,0x1F,0xF8,0x10,0x08,0x1F,0xF8,0x10,0x08,0x1F,0xF8,0x10,0x08,0x00,0x00,0x00,0x00}, // 645 曾
    {0x3F,0xFC,0x23,0x04,0x23,0xE4,0x26,0x64,0x2F,0x44,0x21,0x84,0x26,0x74,0x29,0x94,0x20,0xC4,0x23,0x04,0x20,0xC4,0x20,0x04,0x3F,0xFC,0x20,0x06,0x00,0x00,0x00,0x00}, // 646 图
    {0x00,0xC0,0x1F,0xFE,0x50,0x00,0x57,0xFE,0x10,0x40,0x10,0x40,0x17,0xFE,0x74,0x46,0x14,0x66,0x14,0xD6,0x15,0x9E,0x25,0x06,0x24,0x0C,0x20,0x00,0x00,0x00,0x00,0x00}, // 647 病
    {0x10,0x30,0x10,0x20,0x21,0xFE,0x24,0x30,0x4C,0xCC,0x79,0x80,0x13,0xFE,0x30,0x04,0x61,0xE4,0x7D,0x24,0x01,0x24,0x1D,0xE4,0x71,0x24,0x00,0x1C,0x00,0x00,0x00,0x00}, // 648 绮
    {0x13,0x1E,0x23,0xC0,0x44,0x00,0x14,0x00,0x17,0xDE,0x31,0x04,0x71,0x04,0x77,0xE4,0x31,0x04,0x31,0x44,0x31,0xC4,0x31,0x84,0x31,0x1C,0x30,0x08,0x00,0x00,0x00,0x00}, // 649 衔
    {0x01,0x80,0x7F,0xFE,0x40,0x06,0x40,0x06,0x0F,0xF0,0x08,0x10,0x0F,0xF0,0x0F,0xF0,0x08,0x10,0x0F,0xF0,0x08,0x10,0x08,0x10,0x7F,0xFE,0x00,0x00,0x00,0x00,0x00,0x00}, // 650 宜
    {0x3F,0xFC,0x20,0x04,0x00,0x18,0x1F,0x18,0x00,0xFE,0x00,0x18,0x3F,0x58,0x12,0x58,0x12,0x58,0x12,0x18,0x32,0x34,0x22,0x06,0x63,0xFC,0x00,0x00,0x00,0x00,0x00,0x00}, // 651 冠
    {0x00,0x00,0x3F,0xFE,0x01,0x80,0x01,0x80,0x11,0x80,0x11,0x8C,0x11,0x88,0x31,0x88,0x23,0xD8,0x02,0x40,0x06,0x20,0x0C,0x18,0x18,0x0C,0x60,0x06,0x00,0x00,0x00,0x00}, // 652 灭
    {0x1F,0x3E,0x34,0x48,0x65,0x4C,0x01,0x80,0x7F,0xFE,0x40,0x02,0x1F,0xF0,0x18,0x10,0x1F,0xF0,0x18,0x00,0x1F,0xF8,0x18,0x08,0x1F,0xF8,0x18,0x00,0x00,0x00,0x00,0x00}, // 653 管
    {0x3F,0xFC,0x01,0x00,0x01,0x00,0x1F,0xFC,0x02,0x00,0x7F,0xFE,0x0D,0xB0,0x19,0x98,0x7F,0xF6,0x41,0x80,0x3F,0xFC,0x01,0x80,0x01,0x80,0x01,0x80,0x00,0x00,0x00,0x00}, // 654 奉
    {0x0C,0x3E,0x1A,0x24,0x31,0xA4,0x28,0xA4,0x4C,0x2C,0x04,0x2C,0x3F,0x24,0x01,0x22,0x02,0x22,0x16,0x22,0x1C,0x2E,0x0C,0x28,0x06,0x20,0x00,0x20,0x00,0x00,0x00,0x00}, // 655 邻
    {0x11,0xFC,0x11,0xFC,0x10,0x18,0x10,0x30,0x7C,0x40,0x11,0xFE,0x10,0x4A,0x1C,0x5A,0x70,0xD2,0x11,0x92,0x13,0x32,0x12,0x62,0x10,0xC6,0x33,0x8C,0x01,0x00,0x00,0x00}, // 656 扬
    {0x01,0xFE,0x7D,0x26,0x11,0x26,0x11,0xFE,0x11,0x26,0x7D,0x26,0x11,0xFE,0x10,0x20,0x10,0x20,0x13,0xFE,0x1C,0x20,0x60,0x20,0x03,0xFE,0x00,0x00,0x00,0x00,0x00,0x00}, // 657 理
    {0x10,0x20,0x11,0xFE,0x54,0x20,0x55,0xA4,0x54,0xAC,0x54,0x28,0x54,0x20,0x55,0xFE,0x54,0x30,0x54,0x50,0x7C,0xC8,0x01,0x8C,0x07,0x06,0x00,0x00,0x00,0x00,0x00,0x00}, // 658 峡
    {0x00,0x00,0x03,0x00,0x01,0x80,0x00,0x80,0x7F,0xFE,0x7F,0xFE,0x00,0x00,0x04,0x20,0x06,0x30,0x0C,0x30,0x08,0x18,0x18,0x0C,0x30,0x04,0x20,0x04,0x00,0x00,0x00,0x00}, // 659 六
    {0x7F,0x7C,0x49,0x44,0x11,0x44,0x37,0x7C,0x66,0x00,0x1F,0xF0,0x00,0x10,0x08,0x10,0x0F,0xFC,0x00,0x04,0x00,0x04,0x7F,0xE4,0x00,0x1C,0x00,0x18,0x00,0x00,0x00,0x00}, // 660 驾
    {0x00,0x00,0x31,0xFE,0x19,0x22,0x01,0x22,0x01,0xFA,0x71,0x22,0x11,0xFA,0x11,0x02,0x11,0x7A,0x17,0x4A,0x1E,0x4A,0x1A,0x7A,0x16,0x02,0x04,0x0E,0x00,0x08,0x00,0x00}, // 661 调
    {0x04,0x14,0x7F,0x96,0x04,0x10,0x04,0x10,0x7F,0xFE,0x52,0x98,0x4C,0x98,0x5E,0x98,0x4C,0x98,0x5E,0xAC,0x4C,0xA4,0x4C,0xA6,0x4D,0xC2,0x00,0x00,0x00,0x00,0x00,0x00}, // 662 献
    {0x18,0xFC,0x13,0xA0,0x12,0x20,0x32,0x20,0x32,0x20,0x53,0xFE,0x52,0x20,0x12,0x20,0x12,0x30,0x12,0x90,0x13,0x92,0x13,0x8A,0x12,0x4E,0x10,0x00,0x00,0x00,0x00,0x00}, // 663 低
    {0x03,0x80,0x06,0x40,0x0D,0x30,0x19,0x18,0x7F,0xF6,0x48,0x10,0x0F,0xF0,0x08,0x10,0x0F,0xF0,0x08,0x08,0x09,0xD8,0x0A,0x70,0x1E,0x1C,0x00,0x00,0x00,0x00,0x00,0x00}, // 664 食
    {0x00,0x40,0x7C,0xC0,0x44,0xFE,0x44,0xC0,0x45,0x40,0x47,0x40,0x7C,0x7C,0x44,0x40,0x44,0x40,0x44,0x40,0x7C,0x7E,0x44,0x40,0x40,0x40,0x00,0x40,0x00,0x00,0x00,0x00}, // 665 昨
    {0x21,0x90,0x37,0xFE,0x10,0x60,0x00,0xC0,0x07,0x4C,0x70,0xE8,0x33,0x30,0x36,0x7C,0x31,0xB6,0x37,0x30,0x30,0x60,0x38,0x40,0x47,0xFE,0x00,0x00,0x00,0x00,0x00,0x00}, // 666 遂
    {0x01,0x80,0x7F,0xFE,0x60,0x02,0x7E,0xFA,0x02,0x48,0x0A,0x48,0x3E,0x78,0x23,0xC0,0x0E,0x38,0x77,0xCE,0x18,0xE0,0x0F,0x30,0x09,0xC0,0x1F,0x00,0x10,0x00,0x00,0x00}, // 667 寥
    {0x00,0x60,0x00,0x40,0x7D,0xFC,0x01,0x24,0x01,0xFC,0x7D,0x24,0x11,0x44,0x31,0xFC,0x2C,0x64,0x24,0xE8,0x6C,0xAE,0x7F,0xBA,0x03,0x22,0x06,0x3E,0x00,0x00,0x00,0x00}, // 668 魂
    {0x01,0x00,0x01,0x00,0x3F,0xFC,0x00,0x00,0x00,0x10,0x18,0x10,0x08,0x10,0x0C,0x30,0x04,0x20,0x06,0x20,0x06,0x60,0x00,0x40,0x7F,0xFE,0x00,0x00,0x00,0x00,0x00,0x00}, // 669 立
    {0x7B,0xFE,0x7B,0xFE,0x4A,0x02,0x49,0xFC,0x48,0x00,0x49,0xFC,0x49,0x04,0x49,0xFC,0x79,0xFC,0x49,0x04,0x49,0xFC,0x40,0x00,0x03,0xFE,0x00,0x00,0x00,0x00,0x00,0x00}, // 670 喧
    {0x01,0x80,0x01,0x80,0x01,0x80,0x3F,0xFC,0x3F,0xFC,0x21,0x84,0x21,0x84,0x21,0x84,0x3F,0xFC,0x21,0x84,0x21,0x84,0x21,0x84,0x3F,0xFC,0x20,0x04,0x00,0x00,0x00,0x00}, // 671 由
    {0x0F,0x7C,0x1F,0x4C,0x33,0x4C,0x2A,0x48,0x4E,0x58,0x04,0x40,0x1C,0x42,0x70,0x7C,0x01,0x80,0x34,0x88,0x24,0x04,0x64,0x1A,0x07,0xF0,0x00,0x00,0x00,0x00,0x00,0x00}, // 672 怨
    {0x30,0x60,0x10,0x00,0x17,0xFE,0x00,0x80,0x70,0x80,0x10,0xFC,0x10,0x84,0x10,0x84,0x10,0x84,0x15,0x8C,0x19,0x0C,0x33,0x0C,0x06,0x38,0x00,0x00,0x00,0x00,0x00,0x00}, // 673 访
    {0x01,0x80,0x3F,0xFC,0x01,0x00,0x01,0x00,0x3F,0xFC,0x7F,0xFE,0x06,0x20,0x0C,0x18,0x3F,0xEE,0x60,0x80,0x1F,0xF8,0x01,0xC0,0x06,0x38,0x3C,0x0C,0x00,0x00,0x00,0x00}, // 674 奏
    {0x04,0x60,0x04,0x60,0x7F,0xFE,0x04,0x60,0x18,0x00,0x3F,0xFE,0x6B,0x26,0x0F,0x64,0x03,0x04,0x3F,0xF4,0x07,0xC4,0x0B,0x64,0x33,0x24,0x23,0x1C,0x00,0x10,0x00,0x00}, // 675 菊
    {0x04,0x60,0x04,0x20,0x04,0x20,0x04,0x20,0x04,0x20,0x0C,0x20,0x08,0x30,0x08,0x10,0x18,0x10,0x10,0x18,0x30,0x0C,0x60,0x04,0x40,0x06,0x00,0x00,0x00,0x00,0x00,0x00}, // 676 八
    {0x04,0x20,0x04,0x20,0x7F,0xFE,0x04,0xA0,0x10,0x80,0x17,0xFE,0x01,0x20,0x73,0xFC,0x12,0x20,0x10,0x20,0x17,0xFE,0x10,0x20,0x3C,0x20,0x23,0xFE,0x00,0x00,0x00,0x00}, // 677 莲
    {0x7C,0xFC,0x49,0x8C,0x49,0xC8,0x58,0x70,0x50,0x78,0x4B,0xAE,0x4A,0x20,0x4D,0xFC,0x4C,0x20,0x5A,0x20,0x43,0xFE,0x40,0x20,0x40,0x20,0x40,0x30,0x00,0x00,0x00,0x00}, // 678 降
    {0x0B,0xFC,0x1A,0x04,0x12,0x04,0x33,0xFC,0x32,0x00,0x53,0xFE,0x53,0x52,0x13,0x52,0x17,0xFE,0x17,0x52,0x1B,0x52,0x13,0x52,0x13,0x06,0x03,0x04,0x00,0x00,0x00,0x00}, // 679 偏
    {0x0F,0xFE,0x30,0x90,0x10,0x90,0x07,0xFE,0x44,0x92,0x67,0xFE,0x30,0x00,0x03,0xFC,0x13,0xFC,0x12,0x04,0x33,0xFC,0x20,0x40,0x67,0xFE,0x40,0x40,0x00,0x40,0x00,0x00}, // 680 潭
    {0x00,0x40,0x00,0x40,0x60,0x40,0x30,0x44,0x17,0x4C,0x01,0x78,0x01,0x70,0x11,0x70,0x13,0x50,0x22,0x58,0x66,0x4C,0x4C,0x46,0x08,0x40,0x00,0xC0,0x00,0x00,0x00,0x00}, // 681 冰
    {0x30,0x20,0x21,0xFE,0x3D,0x02,0x65,0x02,0x49,0xFC,0x11,0x84,0x11,0x84,0x11,0xFC,0x11,0x80,0x15,0xFE,0x1D,0x86,0x31,0xFE,0x01,0x86,0x01,0x80,0x00,0x00,0x00,0x00}, // 682 馆
    {0x01,0x80,0x7F,0xFE,0x01,0x80,0x3F,0xFC,0x31,0x8C,0x31,0x8C,0x31,0x8C,0x3F,0xFC,0x09,0x00,0x05,0x00,0x03,0x00,0x0F,0xF0,0x78,0x3E,0x40,0x00,0x00,0x00,0x00,0x00}, // 683 吏
    {0x01,0x10,0x01,0x18,0x01,0x08,0x7F,0xFE,0x01,0x00,0x11,0x88,0x19,0x88,0x09,0x50,0x03,0x60,0x05,0x20,0x19,0x30,0x31,0x18,0x61,0x06,0x03,0x00,0x00,0x00,0x00,0x00}, // 684 求
    {0x3E,0xFC,0x22,0x08,0x3E,0x68,0x20,0xFE,0x3E,0x10,0x52,0x10,0x52,0xFC,0x1E,0x10,0x01,0x80,0x1F,0xF8,0x1F,0xF8,0x01,0x80,0x7F,0xFE,0x00,0x00,0x00,0x00,0x00,0x00}, // 685 壁
    {0x01,0xFC,0x01,0x00,0x3F,0xFE,0x21,0x06,0x21,0xF0,0x2F,0x00,0x21,0x0C,0x20,0xF8,0x23,0xE0,0x22,0x20,0x22,0x20,0x62,0x22,0x4C,0x3E,0x08,0x00,0x00,0x00,0x00,0x00}, // 686 虎
    {0x3F,0xF0,0x06,0x10,0x06,0x30,0x06,0x30,0x04,0x3E,0x04,0x3E,0x04,0x04,0x0C,0x04,0x08,0x04,0x18,0x04,0x10,0x04,0x30,0x0C,0x60,0x78,0x00,0x00,0x00,0x00,0x00,0x00}, // 687 乃
    {0x00,0x00,0x3F,0xF0,0x04,0x10,0x0F,0xDC,0x08,0x84,0x0A,0x84,0x11,0x84,0x62,0x7C,0x04,0x18,0x1F,0xF8,0x12,0x48,0x12,0x48,0x12,0x48,0xFF,0xFE,0x00,0x00,0x00,0x00}, // 688 盈
    {0x00,0x80,0x3F,0xFE,0x22,0x08,0x22,0x08,0x26,0x08,0x2F,0xFE,0x2E,0x08,0x26,0x88,0x26,0x48,0x26,0x08,0x66,0x08,0x46,0x08,0x46,0x38,0x00,0x00,0x00,0x00,0x00,0x00}, // 689 府
    {0x00,0x80,0x00,0x00,0x3F,0xFE,0x30,0x00,0x10,0x00,0x10,0x00,0x10,0x00,0x30,0x00,0x30,0x00,0x30,0x00,0x20,0x00,0x60,0x00,0x60,0x00,0x00,0x00,0x00,0x00,0x00,0x00}, // 690 广
    {0x0F,0xE0,0x1F,0xC0,0x10,0xC0,0x7F,0xF8,0x01,0x08,0x01,0x08,0x7F,0xFE,0x01,0x08,0x1F,0xF8,0x01,0x08,0x01,0x00,0x01,0x00,0x03,0x00,0x00,0x00,0x00,0x00,0x00,0x00}, // 691 争
    {0x00,0x00,0x1F,0xF8,0x00,0x00,0x00,0x00,0x00,0x00,0x3F,0xFC,0x06,0x40,0x06,0x40,0x06,0x40,0x04,0x40,0x04,0x40,0x0C,0x42,0x18,0x46,0x70,0x7C,0x00,0x00,0x00,0x00}, // 692 元
    {0x7F,0x7C,0x22,0x44,0x22,0x44,0x3E,0x64,0x22,0x24,0x22,0x24,0x3E,0x28,0x3E,0x28,0x22,0x18,0x23,0x98,0x3E,0x28,0x62,0x66,0x02,0xC2,0x02,0x00,0x00,0x00,0x00,0x00}, // 693 取
    {0x01,0x80,0x7F,0xFE,0x04,0x60,0x06,0x40,0x03,0x80,0x07,0xF0,0x78,0x1E,0x04,0x20,0x04,0x20,0x04,0x20,0x0C,0x20,0x18,0x20,0x70,0x20,0x00,0x20,0x00,0x00,0x00,0x00}, // 694 齐
    {0x08,0x60,0x08,0x60,0x1A,0x60,0x12,0x64,0x32,0x7C,0x33,0xE4,0x7F,0x64,0x52,0x64,0x12,0x6C,0x12,0x78,0x12,0x60,0x12,0x02,0x13,0x06,0x11,0xFC,0x00,0x00,0x00,0x00}, // 695 他
    {0x08,0x00,0x0B,0xFC,0x08,0x8C,0x10,0x88,0x10,0x88,0x30,0x88,0x70,0x9E,0x50,0x82,0x11,0x82,0x11,0x06,0x11,0x06,0x13,0x04,0x12,0x04,0x16,0x1C,0x10,0x00,0x00,0x00}, // 696 仍
    {0x10,0x80,0x10,0x80,0x11,0xFC,0x7D,0x04,0x13,0x04,0x17,0xE4,0x11,0x24,0x19,0x24,0xF1,0x24,0x11,0xE4,0x11,0x0C,0x11,0x00,0x11,0x02,0x71,0xFE,0x00,0x00,0x00,0x00}, // 697 抱
    {0x7F,0x7E,0x19,0x62,0x19,0x64,0x19,0x64,0x7F,0x6C,0x19,0x68,0x19,0x6C,0x7F,0x64,0x19,0x66,0x11,0x62,0x11,0x66,0x31,0x6C,0x21,0x60,0x67,0x60,0x00,0x60,0x00,0x00}, // 698 那
    {0x01,0x80,0x01,0x80,0x19,0x80,0x11,0x80,0x1F,0xFC,0x21,0x80,0x21,0x80,0x7F,0xFE,0x7F,0xFE,0x01,0x80,0x02,0x40,0x06,0x30,0x1C,0x1C,0x70,0x06,0x00,0x00,0x00,0x00}, // 699 失
    {0x33,0xF8,0x19,0x18,0x00,0x90,0x40,0xE0,0x71,0xF8,0x07,0x0E,0x00,0x60,0x13,0xFC,0x10,0x60,0x30,0x60,0x27,0xFE,0x60,0x60,0x60,0x60,0x00,0x60,0x00,0x00,0x00,0x00}, // 700 泽
    {0x0F,0xF8,0x0F,0xF8,0x09,0x88,0x08,0x88,0x7F,0xFE,0x08,0x18,0x11,0x98,0x30,0xB0,0x3F,0xFC,0x3F,0xFC,0x32,0x4C,0x32,0x4C,0xFF,0xFF,0x00,0x00,0x00,0x00,0x00,0x00}, // 701 盘
    {0x7C,0x98,0x64,0x88,0x6B,0xFE,0x6B,0xFE,0x68,0xA0,0x68,0xA4,0x64,0xAC,0x64,0xA8,0x65,0x30,0x7D,0x30,0x63,0x60,0x66,0xA2,0x6C,0x3E,0x00,0x00,0x00,0x00,0x00,0x00}, // 702 陇
    {0x01,0x80,0x7F,0xFE,0x60,0x06,0x60,0x06,0x1F,0xF8,0x01,0x80,0x01,0x80,0x7F,0xFE,0x01,0x80,0x01,0x80,0x01,0x80,0x01,0x80,0x03,0x80,0x02,0x00,0x00,0x00,0x00,0x00}, // 703 宇
    {0x0F,0xE0,0x18,0x60,0x7F,0xF8,0x11,0x88,0x11,0x08,0x1F,0xF8,0x07,0x10,0x79,0x38,0x06,0xE0,0x19,0xD0,0x63,0xD8,0x1C,0xCE,0x73,0x82,0x00,0x00,0x00,0x00,0x00,0x00}, // 704 象
    {0x00,0x80,0x31,0x80,0x19,0xF8,0x02,0x10,0x04,0x20,0x67,0xFC,0x32,0x24,0x03,0xFC,0x02,0x24,0x12,0x24,0x13,0xFC,0x20,0x00,0x20,0x00,0x67,0xFE,0x00,0x00,0x00,0x00}, // 705 渔
    {0x04,0x20,0x04,0x20,0x7F,0xFE,0x04,0x20,0x01,0x80,0x1F,0xF8,0x19,0x98,0x19,0x98,0x19,0x98,0x7F,0xFE,0x01,0xC0,0x02,0x60,0x0C,0x38,0x78,0x0E,0x00,0x00,0x00,0x00}, // 706 英
    {0x7D,0xFC,0x65,0x0C,0x65,0xFC,0x7D,0x0C,0x65,0x0C,0x65,0xFC,0x7D,0x20,0x65,0x26,0x65,0x2C,0x7D,0x10,0x65,0x58,0x61,0xCC,0x01,0x86,0x00,0x00,0x00,0x00,0x00,0x00}, // 707 眼
    {0x08,0x08,0x08,0x08,0x08,0x08,0x7E,0x08,0x7F,0xFE,0x18,0x08,0x1C,0x08,0x3E,0xC8,0x2A,0x48,0x68,0x48,0x48,0x08,0x08,0x08,0x08,0x08,0x08,0x38,0x00,0x00,0x00,0x00}, // 708 村
    {0x10,0xFC,0x3E,0x84,0x60,0xFC,0x40,0x84,0x7C,0x84,0x18,0xFC,0x18,0xA0,0x7E,0xB6,0x18,0x98,0x18,0x90,0x1C,0xA8,0x1C,0xE6,0x19,0xC2,0x00,0x00,0x00,0x00,0x00,0x00}, // 709 银
    {0x10,0x38,0x1F,0x44,0x1F,0x18,0x10,0x22,0x7F,0x0C,0x3F,0x70,0x00,0x80,0x7F,0x7E,0x4F,0xFA,0x0F,0xFC,0x08,0x20,0x7F,0xFE,0x0C,0x18,0x30,0x04,0x00,0x00,0x00,0x00}, // 710 鬓
    {0x07,0xFE,0x60,0x40,0x33,0xFC,0x00,0x44,0x07,0xFE,0x00,0x44,0x13,0xFC,0x30,0xC0,0x2F,0xFE,0x21,0x98,0x61,0xD0,0x40,0x78,0x07,0x86,0x04,0x00,0x00,0x00,0x00,0x00}, // 711 凄
    {0x10,0x20,0x10,0x20,0x11,0xFE,0x7D,0x22,0x11,0x26,0x11,0x20,0x11,0xFC,0x1D,0x44,0x71,0x48,0x53,0x48,0x13,0x78,0x12,0x30,0x16,0x78,0x3D,0xC6,0x00,0x00,0x00,0x00}, // 712 披
    {0x00,0x00,0x03,0xFE,0x7C,0x00,0x13,0x64,0x11,0x2C,0x10,0x00,0x7D,0xFC,0x13,0x20,0x12,0x20,0x13,0xFE,0x14,0x20,0x39,0x24,0x41,0x24,0x01,0xFC,0x00,0x00,0x00,0x00}, // 713 瑶
    {0x00,0x40,0x7B,0xFE,0x4A,0x06,0x4A,0x06,0x4A,0x76,0x4A,0x56,0x4A,0x56,0x4A,0x56,0x7A,0x56,0x4A,0x76,0x4A,0x06,0x02,0x06,0x02,0x0C,0x00,0x00,0x00,0x00,0x00,0x00}, // 714 响
    {0x08,0x40,0x08,0x40,0x48,0x40,0x68,0x40,0x3B,0xFE,0x08,0x8C,0x08,0x88,0x08,0x88,0x18,0x88,0x28,0xF0,0x68,0x30,0x48,0x2C,0x08,0xC6,0x09,0x80,0x00,0x00,0x00,0x00}, // 715 妆
    {0x1F,0xF8,0x07,0x60,0x03,0xF0,0x1C,0x08,0x7E,0xFC,0x12,0x48,0x0C,0x30,0x3B,0xEC,0x01,0x80,0x7F,0xFE,0x07,0xA0,0x19,0x9C,0x71,0x84,0x00,0x00,0x00,0x00,0x00,0x00}, // 716 桑
    {0x7F,0xFE,0x6C,0x20,0x68,0x20,0x69,0xFC,0x71,0x04,0x69,0x04,0x65,0x04,0x65,0xFC,0x65,0x04,0x79,0x04,0x61,0x04,0x61,0xFC,0x61,0x04,0x00,0x00,0x00,0x00,0x00,0x00}, // 717 陌
    {0x04,0x00,0x07,0xBC,0x7F,0xE4,0x20,0xE4,0x2E,0x34,0x34,0xDC,0x0B,0x18,0x3F,0xD8,0x51,0x3C,0x1F,0x66,0x01,0x80,0x1F,0xF8,0x01,0x80,0x7F,0xFE,0x00,0x00,0x00,0x00}, // 718 壑
    {0x00,0x00,0x23,0xFC,0x1A,0x04,0x03,0xFC,0x02,0x04,0x62,0x04,0x33,0xFC,0x00,0x00,0x04,0x92,0x14,0x92,0x22,0x94,0x22,0x9C,0x60,0x90,0x4F,0xFE,0x00,0x00,0x00,0x00}, // 719 湿
    {0x04,0x20,0x7F,0xFE,0x04,0x20,0x04,0x20,0x33,0xFC,0x08,0x38,0x40,0x60,0x31,0xFE,0x02,0x96,0x00,0x94,0x19,0x24,0x36,0x64,0x20,0xC4,0x63,0x9C,0x00,0x00,0x00,0x00}, // 720 荡
    {0x01,0x80,0x3F,0xFC,0x20,0x04,0x2E,0x70,0x19,0x98,0x31,0x84,0x1F,0xF8,0x11,0x88,0x11,0x88,0x11,0x88,0x11,0x88,0x11,0x98,0x01,0x80,0x01,0x80,0x00,0x00,0x00,0x00}, // 721 帘
    {0x10,0x40,0x3E,0x40,0x20,0xFE,0x40,0x86,0x7E,0x86,0x19,0x06,0x18,0x64,0x7E,0x24,0x18,0x24,0x18,0x04,0x1A,0x04,0x1C,0x04,0x18,0x1C,0x00,0x00,0x00,0x00,0x00,0x00}, // 722 钓
    {0x1F,0xF8,0x10,0x18,0x1F,0xF8,0x00,0x00,0x00,0x00,0x3F,0xF8,0x21,0x08,0x21,0x08,0x3F,0xF8,0x20,0x08,0x20,0x04,0x30,0x06,0x3F,0xFC,0x00,0x00,0x00,0x00,0x00,0x00}, // 723 邑
    {0x1F,0xFE,0x10,0x86,0x10,0x86,0x10,0x86,0x1F,0xFE,0x10,0x00,0x17,0xFC,0x14,0x04,0x37,0xFC,0x34,0x04,0x27,0xFC,0x24,0x04,0x64,0x04,0x47,0xFC,0x04,0x04,0x00,0x00}, // 724 眉
    {0x7F,0xFE,0x60,0x06,0x1F,0xF8,0x18,0x18,0x1F,0xF8,0x18,0x18,0x1F,0xF8,0x1F,0xF8,0x01,0x80,0x7F,0xFE,0x04,0x20,0x1C,0x18,0x70,0x0E,0x00,0x00,0x00,0x00,0x00,0x00}, // 725 冥
    {0x3F,0xFC,0x30,0x80,0x30,0xC0,0x30,0x80,0x30,0x80,0x37,0xFC,0x30,0x84,0x30,0x84,0x31,0x8C,0x21,0x0C,0x23,0x0C,0x66,0x0C,0x6C,0x38,0x00,0x00,0x00,0x00,0x00,0x00}, // 726 历
    {0x10,0x00,0x10,0xF8,0x10,0x98,0x7C,0x98,0x7D,0x9E,0x13,0x00,0x10,0x00,0x1D,0xFC,0x70,0x88,0x10,0x98,0x10,0x50,0x10,0x60,0x10,0xF8,0x77,0x8E,0x00,0x00,0x00,0x00}, // 727 投
    {0x03,0x80,0x02,0x40,0x0C,0x30,0x18,0x1C,0x77,0xE6,0x01,0x80,0x3F,0xFC,0x01,0x80,0x01,0x80,0x1F,0xF0,0x18,0x10,0x18,0x10,0x1F,0xF0,0x18,0x00,0x00,0x00,0x00,0x00}, // 728 舍
    {0x06,0x20,0x06,0x20,0x7F,0xFE,0x06,0x20,0x08,0x60,0x10,0x40,0x12,0xFE,0x7C,0x84,0x09,0x84,0x18,0x64,0x3E,0x24,0x00,0x04,0x07,0x04,0x38,0x1C,0x00,0x00,0x00,0x00}, // 729 药
    {0x10,0x20,0x10,0x20,0x10,0x20,0x7D,0xFE,0x11,0x26,0x11,0x26,0x35,0x26,0x3C,0x70,0x76,0x50,0x50,0x50,0x50,0xD0,0x11,0x90,0x13,0x12,0x16,0x1E,0x00,0x00,0x00,0x00}, // 730 枕
    {0x00,0x30,0x3F,0x20,0x21,0x20,0x3F,0x7E,0x21,0x42,0x3F,0xD6,0x10,0x10,0x3F,0x90,0x65,0x90,0x2D,0x10,0x3F,0x28,0x21,0x28,0x3D,0x44,0x03,0xC2,0x00,0x00,0x00,0x00}, // 731 歇
    {0x20,0xE0,0x31,0x30,0x12,0x1C,0x0F,0xFE,0x00,0x40,0x70,0x40,0x37,0xFC,0x30,0x40,0x32,0x58,0x36,0x4C,0x34,0xC4,0x38,0x00,0x47,0xFE,0x00,0x00,0x00,0x00,0x00,0x00}, // 732 途
    {0x09,0xFE,0x08,0x10,0x48,0x10,0x4B,0x10,0x4C,0x10,0x48,0x10,0x48,0x10,0x18,0x10,0x1C,0x10,0x16,0x10,0x33,0x10,0x20,0x10,0x60,0x70,0x00,0x20,0x00,0x00,0x00,0x00}, // 733 灯
    {0x00,0x8C,0x00,0x80,0x1F,0xFE,0x10,0x80,0x10,0x8C,0x10,0xC8,0x14,0x48,0x16,0x50,0x12,0x70,0x30,0x60,0x20,0xF2,0x21,0x9A,0x66,0x0E,0x00,0x02,0x00,0x00,0x00,0x00}, // 734 戍
    {0x20,0x00,0x37,0xFE,0x14,0x20,0x04,0xFC,0x44,0xFC,0x34,0x84,0x04,0xFC,0x04,0x84,0x14,0xFC,0x34,0x20,0x24,0x24,0x2D,0xA4,0x6B,0x22,0x5A,0x62,0x00,0x60,0x00,0x00}, // 735 源
    {0x03,0xFC,0x7A,0x54,0x4A,0x54,0x4B,0xFC,0x48,0x60,0x7B,0xFE,0x48,0x68,0x4B,0xFE,0x48,0x60,0x79,0xFC,0x4B,0x84,0x4F,0xFC,0x01,0x84,0x01,0xFC,0x00,0x00,0x00,0x00}, // 736 曙
    {0x02,0x00,0x1F,0xF0,0x18,0x10,0x18,0x10,0x18,0x30,0x18,0xE0,0x18,0x00,0x1F,0xFE,0x00,0x04,0x00,0x04,0x7F,0xE4,0x00,0x0C,0x00,0x38,0x00,0x20,0x00,0x00,0x00,0x00}, // 737 乌
    {0x02,0x40,0x04,0x30,0x1F,0xF8,0x03,0x08,0x7F,0xFE,0x06,0x20,0x08,0x90,0x73,0x0E,0x4C,0x64,0x03,0x88,0x0E,0x30,0x00,0xC0,0x3F,0x00,0x00,0x00,0x00,0x00,0x00,0x00}, // 738 参
    {0x3F,0xFC,0x04,0x20,0x04,0x20,0x7F,0xFE,0x00,0x00,0x1F,0xF8,0x10,0x08,0x1F,0xF8,0x10,0x08,0x1F,0xF8,0x02,0x40,0x04,0x42,0x78,0x7E,0x20,0x38,0x00,0x00,0x00,0x00}, // 739 竟
    {0x21,0x30,0x1B,0x10,0x03,0xFE,0x06,0x20,0x66,0x20,0x2F,0xFE,0x02,0x20,0x02,0x20,0x1B,0xFE,0x32,0x20,0x22,0x20,0x63,0xFE,0x42,0x00,0x02,0x00,0x00,0x00,0x00,0x00}, // 740 淮
    {0x18,0xC0,0x00,0xFE,0x7F,0x80,0x11,0x0E,0x10,0xF8,0x1E,0x90,0x16,0x92,0x14,0x96,0x34,0x98,0x34,0x90,0x24,0x88,0x64,0xEC,0x6C,0xC6,0x00,0x00,0x00,0x00,0x00,0x00}, // 741 旅
    {0x30,0xF8,0x20,0x88,0x2D,0x38,0x49,0xD0,0x77,0xFE,0x14,0x40,0x21,0xCC,0x63,0x78,0x78,0xB8,0x07,0x34,0x02,0xD4,0x79,0x92,0x06,0x70,0x00,0x40,0x00,0x00,0x00,0x00}, // 742 缘
    {0x04,0x00,0x45,0xBC,0x66,0x04,0x34,0xB8,0x07,0x98,0x04,0x7E,0x0F,0x8A,0x0A,0x0A,0x22,0x28,0x2F,0xAE,0x42,0x48,0x45,0x68,0x4C,0x58,0x18,0x8E,0x00,0x00,0x00,0x00}, // 743 凝
    {0x0C,0x30,0x0C,0x30,0x7F,0xFE,0x0C,0x30,0x1F,0x78,0x2C,0xB6,0x4D,0x30,0x1F,0xF8,0x00,0x00,0x7F,0xFE,0x40,0x80,0x08,0x90,0x38,0x9C,0x63,0x84,0x02,0x00,0x00,0x00}, // 744 禁
    {0x10,0x20,0x10,0x20,0x55,0xFE,0x74,0x20,0x11,0xFC,0x7C,0x20,0x11,0xFE,0x35,0xFC,0x35,0x84,0x73,0xFC,0xD1,0x84,0x11,0xFC,0x11,0x84,0x11,0x9C,0x11,0x88,0x00,0x00}, // 745 精
    {0x00,0xC8,0x7B,0xFE,0x48,0x20,0x49,0xFC,0x48,0x60,0x48,0x40,0x4B,0xFE,0x48,0xC0,0x78,0x80,0x49,0xFE,0x42,0x30,0x0C,0x30,0x03,0xFE,0x00,0x00,0x00,0x00,0x00,0x00}, // 746 嗟
    {0x00,0x80,0x1F,0xFC,0x10,0x04,0x10,0x04,0x1F,0xFC,0x10,0xC0,0x1F,0xFE,0x11,0x00,0x31,0x00,0x21,0xFC,0x22,0x0C,0x66,0x08,0x4C,0x38,0x08,0x00,0x00,0x00,0x00,0x00}, // 747 房
    {0x18,0x20,0x10,0x20,0x11,0xFC,0x55,0x24,0x59,0x24,0x51,0x24,0x51,0x24,0x11,0xFC,0x19,0x20,0x1C,0x20,0x24,0x24,0x20,0x3E,0x43,0xF2,0x00,0x00,0x00,0x00,0x00,0x00}, // 748 烛
    {0x0C,0x20,0x0C,0x20,0x0C,0x20,0x6C,0x20,0x3C,0x20,0x0F,0xFE,0x0C,0x20,0x1C,0x20,0x3C,0x20,0x2C,0x20,0x6C,0x20,0x4C,0x20,0x0D,0xFE,0x0C,0x00,0x00,0x00,0x00,0x00}, // 749 壮
    {0x08,0x80,0x08,0x90,0x18,0x98,0x10,0x80,0x10,0x84,0x30,0xFC,0x77,0xC0,0x50,0x40,0x10,0x40,0x10,0x40,0x10,0x60,0x10,0x30,0x10,0x1A,0x10,0x0E,0x10,0x00,0x00,0x00}, // 750 代
    {0x00,0x00,0x3F,0xF8,0x38,0x08,0x08,0x18,0x08,0x10,0x0C,0x10,0x04,0x30,0x06,0x60,0x02,0x40,0x03,0xC0,0x01,0x80,0x07,0xE0,0x1C,0x38,0x70,0x0E,0x00,0x00,0x00,0x00}, // 751 又
    {0x08,0x30,0x0C,0x20,0x08,0x20,0x08,0x20,0x08,0x20,0x08,0x30,0x0C,0x30,0x1E,0x50,0x13,0x48,0x30,0xCC,0x61,0x86,0x01,0x00,0x00,0x00,0x7F,0xFE,0x00,0x00,0x00,0x00}, // 752 丛
    {0x0F,0xF8,0x08,0x18,0x08,0x18,0x0F,0xF8,0x08,0x18,0x0F,0xF8,0x08,0x18,0x08,0x18,0x7F,0xFE,0x06,0x00,0x04,0x30,0x18,0x18,0x1F,0xFC,0x00,0x00,0x00,0x00,0x00,0x00}, // 753 县
    {0x00,0x00,0x33,0xFC,0x12,0x44,0x03,0xFC,0x02,0x44,0x73,0xFC,0x10,0x40,0x13,0xFC,0x12,0x54,0x13,0xFC,0x12,0x0C,0x18,0x0C,0x26,0x00,0x41,0xFE,0x00,0x00,0x00,0x00}, // 754 遇
    {0x3D,0xFC,0x24,0x08,0x24,0x30,0x3C,0x60,0x24,0xC0,0x25,0xFE,0x24,0x56,0x3C,0xD6,0x24,0xB4,0x27,0x24,0x44,0x64,0x44,0xC4,0x4D,0x9C,0x01,0x00,0x00,0x00,0x00,0x00}, // 755 肠
    {0x10,0x80,0x19,0xFE,0x01,0xFE,0x73,0x30,0x76,0x30,0x10,0x30,0x10,0x30,0x13,0xFF,0x10,0x30,0x14,0x30,0x1C,0x30,0x18,0x30,0x10,0x30,0x00,0x30,0x00,0x00,0x00,0x00}, // 756 许
    {0x7C,0x60,0x4C,0xF0,0x48,0x90,0x49,0x8C,0x4B,0x06,0x4A,0x9A,0x48,0x90,0x44,0x90,0x44,0x90,0x5C,0x90,0x59,0x90,0x41,0x10,0x42,0x10,0x00,0x00,0x00,0x00,0x00,0x00}, // 757 阶
    {0x01,0x80,0x01,0x80,0x3F,0xFC,0x01,0x80,0x01,0x80,0x7F,0xFE,0x06,0x20,0x06,0x20,0x36,0x28,0x24,0x2C,0x64,0x26,0x0C,0x22,0x18,0x20,0x70,0xE0,0x00,0x80,0x00,0x00}, // 758 赤
    {0x32,0x3E,0x1F,0xE0,0x04,0x20,0x45,0x20,0x2D,0x3E,0x09,0x64,0x0F,0xE4,0x11,0x24,0x31,0xA4,0x2F,0x24,0x29,0x24,0x41,0x44,0x41,0x44,0x00,0x04,0x00,0x00,0x00,0x00}, // 759 渐
    {0x23,0xFC,0x10,0x84,0x10,0x84,0x01,0x84,0x03,0x1C,0x74,0x10,0x13,0xFC,0x13,0x04,0x13,0x04,0x13,0x04,0x13,0xFC,0x3C,0x00,0x43,0xFE,0x00,0x00,0x00,0x00,0x00,0x00}, // 760 迢
    {0x11,0x00,0x11,0x08,0x11,0x78,0x11,0x80,0x7D,0x02,0x11,0x06,0x10,0xFC,0x1D,0xFC,0x71,0x04,0x51,0x04,0x11,0xFC,0x11,0x04,0x11,0xFC,0x71,0x04,0x01,0x00,0x00,0x00}, // 761 指
    {0x0C,0x00,0x0B,0xFE,0x68,0x20,0x68,0x20,0x69,0xFE,0x69,0x26,0x69,0x26,0x69,0x26,0x69,0x26,0x69,0x26,0x69,0x26,0x19,0x2C,0x30,0x20,0x60,0x20,0x00,0x00,0x00,0x00}, // 762 师
    {0x43,0xF0,0x62,0x30,0x34,0x20,0x0F,0xFC,0x00,0xCC,0x00,0xCC,0x0F,0xFE,0x30,0xCC,0x27,0xFC,0x67,0xFC,0x40,0xC0,0x40,0xC0,0x01,0xC0,0x01,0x00,0x00,0x00,0x00,0x00}, // 763 净
    {0x7F,0xFC,0x01,0x80,0x01,0x80,0x1F,0xF8,0x11,0x88,0x11,0x88,0x1F,0xF8,0x11,0x88,0x11,0x88,0x7F,0xFF,0x10,0x08,0x10,0x08,0x10,0x38,0x10,0x10,0x00,0x00,0x00,0x00}, // 764 再
    {0x7F,0x8E,0x25,0x0A,0x25,0x2A,0x3D,0x2A,0x25,0x2A,0x25,0x2A,0x3D,0x2A,0x25,0xEA,0x25,0xEA,0x2E,0x4E,0x74,0x48,0x04,0xC8,0x05,0x88,0x05,0x08,0x00,0x00,0x00,0x00}, // 765 聊
    {0x00,0x40,0x60,0xA0,0x31,0x90,0x11,0x58,0x02,0x4E,0x14,0x22,0x10,0x00,0x17,0xFC,0x20,0x18,0x21,0x10,0x41,0xA0,0x40,0x60,0x00,0x30,0x00,0x00,0x00,0x00,0x00,0x00}, // 766 冷
    {0x00,0x00,0x1E,0xFE,0x68,0x30,0x08,0x30,0x08,0xFC,0x7E,0x30,0x08,0x30,0x08,0xFC,0x7E,0x30,0x08,0x30,0x19,0xFE,0x10,0x30,0x30,0x30,0x60,0x30,0x00,0x30,0x00,0x00}, // 767 拜
    {0x10,0x20,0x10,0x20,0x13,0xFE,0x10,0x20,0x7C,0x20,0x10,0x20,0x13,0xFE,0x1C,0x20,0x70,0x20,0x13,0xFE,0x10,0x20,0x10,0x20,0x10,0x20,0x77,0xFF,0x00,0x00,0x00,0x00}, // 768 挂
    {0x0C,0x00,0x1F,0xF0,0x30,0x20,0x7F,0xFE,0x1F,0xFE,0x10,0x00,0x13,0xF8,0x12,0x18,0x12,0x10,0x32,0x70,0x32,0x00,0x22,0x06,0x63,0xFC,0x00,0x00,0x00,0x00,0x00,0x00}, // 769 危
    {0x3F,0xFC,0x00,0x20,0x04,0x20,0x7F,0xFE,0x1F,0xFC,0x11,0x8C,0x1F,0xFC,0x11,0x8C,0x1F,0xFC,0x01,0x80,0x3F,0xFC,0x01,0x80,0x7F,0xFE,0x00,0x00,0x00,0x00,0x00,0x00}, // 770 童
    {0x3F,0xFC,0x01,0x80,0x01,0x80,0x09,0x98,0x19,0x90,0x19,0x90,0x1D,0xB8,0x37,0xA4,0x23,0xE4,0x01,0x80,0x01,0x80,0x01,0x80,0x7F,0xFE,0x00,0x00,0x00,0x00,0x00,0x00}, // 771 巫
    {0x06,0x40,0x06,0x40,0x02,0x40,0x02,0x40,0x62,0x44,0x22,0x44,0x32,0x4C,0x32,0x48,0x12,0x58,0x12,0x48,0x02,0x40,0x02,0x40,0x02,0x40,0x7F,0xFE,0x00,0x00,0x00,0x00}, // 772 业
    {0x7F,0xFE,0x01,0x00,0x03,0x00,0x3F,0xFC,0x26,0x44,0x26,0x44,0x27,0xC4,0x26,0x44,0x27,0xC4,0x26,0x44,0x26,0x44,0x3F,0xFC,0x20,0x04,0x00,0x00,0x00,0x00,0x00,0x00}, // 773 面
    {0x01,0x80,0x01,0x80,0x1F,0xF8,0x01,0x88,0x7F,0xFE,0x01,0x88,0x01,0x88,0x1F,0xF8,0x01,0x84,0x15,0xC4,0x15,0xA4,0x35,0xB4,0x2D,0x84,0x61,0x84,0x01,0x80,0x00,0x00}, // 774 肃
    {0x3F,0xFC,0x1F,0xFC,0x10,0x04,0x1F,0xFC,0x10,0x78,0x17,0xC0,0x17,0xF8,0x14,0xC8,0x37,0xF8,0x20,0xC0,0x2F,0xFE,0x2C,0xD6,0x6F,0xFE,0x4C,0x0E,0x00,0x08,0x00,0x00}, // 775 属
    {0x63,0xFC,0x32,0x0C,0x1A,0x0C,0x02,0x0C,0x02,0x0C,0x03,0xFC,0x09,0xA0,0x11,0xA0,0x31,0x20,0x21,0x20,0x63,0x22,0x46,0x22,0x1C,0x3E,0x00,0x00,0x00,0x00,0x00,0x00}, // 776 况
    {0x0C,0x40,0x0C,0x58,0x3F,0x4C,0x0C,0x40,0x0C,0x40,0x7F,0xFE,0x00,0x40,0x3F,0x64,0x23,0x28,0x23,0x38,0x23,0x30,0x3F,0x30,0x23,0x5A,0x01,0x8E,0x00,0x00,0x00,0x00}, // 777 哉
    {0x78,0x44,0x0A,0xC2,0x2A,0xB0,0x10,0x30,0x26,0x28,0x78,0x48,0x14,0xC6,0x7F,0xFE,0x08,0x44,0x7E,0x44,0x14,0x44,0x36,0x7C,0x62,0x44,0x40,0x40,0x00,0x00,0x00,0x00}, // 778 谿
    {0x04,0x20,0x04,0x20,0x7F,0xFE,0x04,0x20,0x7F,0xFE,0x40,0x02,0x4F,0xF2,0x08,0x10,0x08,0x10,0x0F,0xF0,0x1F,0xF8,0x10,0x08,0x10,0x08,0x1F,0xF8,0x10,0x00,0x00,0x00}, // 779 营
    {0x18,0x00,0x18,0xF8,0x18,0x98,0x7E,0x98,0x18,0x98,0x18,0x98,0x3C,0x98,0x3C,0x98,0x3E,0x98,0x58,0x98,0x59,0x98,0x19,0x18,0x1B,0x1A,0x1A,0x0E,0x00,0x00,0x00,0x00}, // 780 机
    {0x10,0x60,0x7E,0x50,0x10,0xD8,0x21,0x8C,0x2B,0x06,0x48,0x80,0x7E,0x8C,0x08,0xB8,0x08,0xE0,0x7E,0x80,0x68,0x84,0x08,0x86,0x08,0xFC,0x08,0x00,0x00,0x00,0x00,0x00}, // 781 轮
    {0x20,0x00,0x33,0xFE,0x1A,0x20,0x02,0x20,0x42,0xFC,0x62,0x20,0x32,0x20,0x02,0xDE,0x02,0x20,0x16,0x20,0x35,0xFC,0x24,0x20,0x2C,0x20,0x69,0xFE,0x00,0x00,0x00,0x00}, // 782 涯
    {0x3E,0xFC,0x26,0x84,0x26,0x8C,0x3E,0x98,0x26,0x80,0x26,0xFC,0x26,0xA4,0x3E,0xA4,0x26,0xBC,0x26,0x98,0x66,0x98,0x46,0xBC,0x4C,0xE6,0x00,0x00,0x00,0x00,0x00,0x00}, // 783 服
    {0x1F,0xFC,0x30,0x00,0x6F,0xF8,0x00,0x00,0x3F,0xF8,0x00,0x08,0x0D,0x88,0x18,0xC8,0x3F,0xE8,0x24,0xC8,0x04,0xC8,0x0C,0x8E,0x3B,0x86,0x01,0x02,0x00,0x00,0x00,0x00}, // 784 氛
    {0x08,0x30,0x08,0x30,0x01,0xFE,0x7D,0xB2,0x09,0xB2,0x1B,0xB2,0x3D,0xFE,0x3F,0xB2,0x59,0xB2,0x19,0xB2,0x19,0xFE,0x19,0xFE,0x19,0x82,0x18,0x00,0x00,0x00,0x00,0x00}, // 785 袖
    {0x00,0x00,0x3F,0xF8,0x21,0x08,0x21,0x08,0x21,0x08,0x21,0x08,0x21,0x08,0x3F,0xF8,0x20,0x08,0x20,0x00,0x20,0x00,0x20,0x02,0x30,0x06,0x1F,0xFC,0x00,0x00,0x00,0x00}, // 786 巴
    {0x00,0x80,0x7C,0x8C,0x04,0x88,0x04,0x90,0x04,0xB0,0x7C,0x80,0x63,0xFE,0x60,0xA0,0x7C,0x90,0x04,0x90,0x04,0x98,0x04,0x88,0x0C,0xE6,0x39,0xC2,0x00,0x00,0x00,0x00}, // 787 张
    {0x7F,0xFE,0x04,0x60,0x7F,0xFE,0x60,0x06,0x6F,0xF6,0x00,0x00,0x3F,0xFC,0x07,0x08,0x39,0xB0,0x06,0xD0,0x79,0xD8,0x26,0x4C,0x39,0xC6,0x20,0x80,0x00,0x00,0x00,0x00}, // 788 蒙
    {0x3F,0xFC,0x20,0x04,0x3F,0xFC,0x26,0xD8,0x2B,0xFC,0x25,0xE0,0x22,0xDE,0x2C,0xC4,0x21,0x00,0x2F,0xFE,0x23,0x20,0x60,0xF0,0xC7,0x9C,0x04,0x00,0x00,0x00,0x00,0x00}, // 789 屡
    {0x7D,0xFE,0x44,0x66,0x44,0x66,0x44,0x46,0x44,0xC4,0x7D,0x8C,0x44,0x00,0x44,0xFE,0x44,0x86,0x7C,0x86,0x7C,0x86,0x44,0xFE,0x00,0x86,0x00,0x00,0x00,0x00,0x00,0x00}, // 790 昭
    {0x10,0x60,0x10,0x40,0x10,0xF8,0x7D,0x90,0x13,0x30,0x11,0xFC,0x7D,0x24,0x11,0x24,0x11,0x24,0x7F,0xFC,0x11,0x00,0x11,0x00,0x11,0x02,0x10,0xFC,0x00,0x00,0x00,0x00}, // 791 艳
    {0x00,0x00,0x1F,0xF8,0x10,0x18,0x10,0x18,0x10,0x18,0x10,0x18,0x10,0x18,0x1F,0xF8,0x00,0x00,0x04,0x20,0x0C,0x30,0x18,0x18,0x30,0x0C,0x60,0x06,0x00,0x00,0x00,0x00}, // 792 只
    {0x01,0x80,0x01,0x80,0x1F,0xFC,0x01,0x80,0x01,0x80,0x01,0x80,0x7F,0xFE,0x01,0x80,0x09,0x80,0x09,0xF8,0x09,0x80,0x1D,0x80,0x17,0x80,0x61,0xFE,0x00,0x00,0x00,0x00}, // 793 走
    {0x7C,0x30,0x65,0xFE,0x68,0x08,0x68,0x8C,0x68,0x48,0x6B,0xFF,0x64,0x00,0x64,0x00,0x64,0xFC,0x7C,0x84,0x68,0x84,0x60,0xFC,0x60,0x84,0x60,0x00,0x00,0x00,0x00,0x00}, // 794 陪
    {0x03,0xC0,0x0C,0xA0,0x19,0x9C,0x67,0xE6,0x03,0x60,0x13,0xC8,0x10,0x08,0x1F,0xF8,0x01,0x00,0x3F,0xFC,0x22,0x64,0x27,0xF4,0x20,0x1C,0x20,0x08,0x00,0x00,0x00,0x00}, // 795 禽
    {0x0C,0x40,0x4C,0xC0,0x4C,0xFE,0x4D,0x88,0x4D,0x88,0x4F,0xC8,0x4C,0x48,0x4C,0x50,0x7C,0x70,0x4C,0x30,0x0C,0x70,0x0C,0xDC,0x0F,0x86,0x00,0x00,0x00,0x00,0x00,0x00}, // 796 收
    {0x0C,0x20,0x18,0x1C,0x6F,0xF6,0x02,0x10,0x06,0x20,0x38,0x60,0x1F,0xF8,0x18,0x18,0x19,0x98,0x19,0x18,0x1B,0x58,0x06,0x30,0x7C,0x1C,0x20,0x00,0x00,0x00,0x00,0x00}, // 797 贫
    {0x3F,0xFC,0x32,0x44,0x32,0x44,0x3F,0xFC,0x0C,0x00,0x1F,0xFE,0x33,0x02,0x7F,0xE2,0x13,0x26,0x1F,0xE6,0x1F,0xE6,0x03,0x64,0x3F,0xF4,0x20,0x1C,0x00,0x08,0x00,0x00}, // 798 蜀
    {0x13,0xFE,0x10,0x02,0x03,0xFA,0x03,0xFA,0x70,0x02,0x11,0xF2,0x11,0x32,0x11,0x32,0x11,0x32,0x15,0xF2,0x1D,0x32,0x18,0x02,0x10,0x0E,0x00,0x08,0x00,0x00,0x00,0x00}, // 799 词
    {0x00,0x80,0x3F,0xFC,0x30,0x04,0x3F,0xFC,0x30,0x00,0x37,0xBE,0x30,0x86,0x24,0xB6,0x24,0x96,0x23,0x8E,0x2E,0xB6,0x68,0xA6,0x43,0x8E,0x02,0x08,0x00,0x00,0x00,0x00}, // 800 扇
    {0x08,0x10,0x3E,0x7C,0x08,0x20,0x3E,0x7C,0x14,0x68,0x30,0xC6,0x43,0x02,0x3F,0xF8,0x0C,0x80,0x1F,0xF8,0x00,0x80,0x7F,0xFE,0x00,0x80,0x00,0x80,0x00,0x00,0x00,0x00}, // 801 辇
    {0x3F,0x7E,0x6C,0xD0,0x44,0x98,0x01,0x80,0x7F,0xFE,0x01,0x80,0x1F,0xFC,0x11,0x8C,0x11,0x88,0x13,0xD8,0x05,0xE0,0x19,0x9C,0x71,0x8E,0x01,0x80,0x00,0x00,0x00,0x00}, // 802 策
    {0x1B,0xBE,0x12,0x26,0x32,0x26,0x32,0x26,0x72,0x26,0x52,0x26,0x12,0x26,0x12,0x26,0x12,0xA6,0x13,0xA6,0x13,0x2C,0x12,0x20,0x10,0x20,0x10,0x00,0x00,0x00,0x00,0x00}, // 803 仰
    {0x30,0x8C,0x13,0xE8,0x00,0x98,0x00,0x90,0x6F,0xFE,0x20,0x40,0x21,0xFC,0x21,0x04,0x27,0x04,0x25,0xFC,0x31,0x04,0x61,0x04,0x01,0xFC,0x01,0x04,0x00,0x00,0x00,0x00}, // 804 诸
    {0x33,0xFC,0x13,0xFC,0x12,0x04,0x03,0xFC,0x72,0x00,0x17,0xFE,0x15,0x52,0x15,0x52,0x1D,0xFE,0x11,0x52,0x11,0x54,0x2C,0x00,0x47,0xFE,0x00,0x00,0x00,0x00,0x00,0x00}, // 805 遍
    {0x04,0x00,0x0F,0xF0,0x18,0x20,0x30,0x40,0x7F,0xFC,0x18,0x0C,0x18,0x0C,0x18,0x8C,0x19,0x8C,0x19,0x0C,0x03,0x00,0x06,0x38,0x7C,0x0E,0x20,0x00,0x00,0x00,0x00,0x00}, // 806 负
    {0x7B,0xFE,0x4A,0x62,0x48,0x40,0x4B,0xFE,0x48,0x80,0x79,0xA0,0x4B,0xFE,0x49,0x20,0x48,0x20,0x7B,0xFE,0x4B,0xFE,0x40,0x20,0x00,0x20,0x00,0x20,0x00,0x00,0x00,0x00}, // 807 晖
    {0x7F,0xFE,0x02,0x40,0x1A,0x48,0x32,0x4C,0x60,0x06,0x02,0x00,0x1F,0xF8,0x13,0x10,0x11,0x30,0x1F,0xFE,0x00,0x04,0x7F,0xE4,0x00,0x1C,0x00,0x10,0x00,0x00,0x00,0x00}, // 808 鸾
    {0x3F,0xFC,0x20,0x04,0x20,0x04,0x3F,0xFC,0x20,0x00,0x21,0x20,0x2F,0x3E,0x21,0x20,0x2F,0x3E,0x21,0x20,0x7F,0x3E,0x61,0x20,0x41,0x20,0x00,0x00,0x00,0x00,0x00,0x00}, // 809 扉
    {0x1B,0xFC,0x13,0x0C,0x33,0xFC,0x33,0x0C,0x73,0xFC,0x53,0x0C,0x13,0xFC,0x13,0x0C,0x13,0x0C,0x17,0xFE,0x11,0x98,0x13,0x0C,0x16,0x06,0x10,0x00,0x00,0x00,0x00,0x00}, // 810 俱
    {0x7F,0xFE,0x40,0x02,0x4E,0x7A,0x10,0x08,0x19,0xFC,0x19,0x8C,0x7F,0xAC,0x19,0xAC,0x7F,0xAC,0x18,0x70,0x14,0x50,0x24,0xD2,0x63,0x9E,0x00,0x00,0x00,0x00,0x00,0x00}, // 811 窥
    {0x23,0xFC,0x32,0x04,0x13,0xFC,0x02,0x04,0x43,0xFC,0x37,0xFE,0x04,0x92,0x07,0xFE,0x10,0x00,0x13,0xFC,0x21,0x98,0x20,0xF0,0x60,0x60,0x47,0x9E,0x04,0x02,0x00,0x00}, // 812 漫
    {0x01,0x80,0x7F,0xFE,0x60,0x16,0x7F,0xF8,0x18,0x00,0x18,0x00,0x1F,0xFC,0x18,0x20,0x18,0x20,0x7F,0xFE,0x0C,0x20,0x18,0x18,0x70,0x0C,0x00,0x00,0x00,0x00,0x00,0x00}, // 813 宾
    {0x78,0x98,0x08,0x10,0x0B,0xFC,0x7B,0x24,0x43,0xFC,0x43,0x24,0x7B,0x24,0x7B,0xFC,0x08,0x20,0x08,0x20,0x0B,0xFE,0x18,0x20,0x30,0x20,0x00,0x20,0x00,0x00,0x00,0x00}, // 814 弹
    {0x08,0x0C,0x08,0x0C,0x7F,0x0C,0x08,0x7E,0x08,0x7E,0x7F,0x0C,0x00,0x0C,0x08,0x6C,0x08,0x2C,0x7F,0x0C,0x08,0x0C,0x08,0x0C,0x7F,0x0C,0x40,0x18,0x00,0x00,0x00,0x00}, // 815 封
    {0x3E,0xC0,0x68,0x80,0x08,0xFE,0x08,0x84,0x7F,0x24,0x18,0x20,0x1C,0x20,0x2C,0xAC,0x29,0xA4,0x49,0x26,0x4B,0x22,0x08,0x20,0x08,0x60,0x18,0x40,0x00,0x00,0x00,0x00}, // 816 称
    {0x18,0x20,0x18,0x20,0x18,0x20,0x1F,0xFE,0x18,0x00,0x18,0x00,0x18,0x00,0x1F,0xF0,0x10,0x10,0x10,0x10,0x30,0x10,0x20,0x10,0x60,0x10,0x00,0x10,0x00,0x00,0x00,0x00}, // 817 片
    {0x11,0xF8,0x10,0x18,0x37,0xFE,0x34,0x00,0x74,0x80,0x74,0xFC,0x35,0x20,0x34,0x20,0x35,0xFE,0x34,0x30,0x30,0x58,0x30,0xCC,0x37,0x06,0x00,0x00,0x00,0x00,0x00,0x00}, // 818 候
    {0x04,0x3E,0x7F,0xA6,0x3F,0x24,0x3F,0x24,0x21,0x2C,0x3F,0x28,0x00,0x24,0x7F,0x26,0x06,0x22,0x07,0xA2,0x7C,0x26,0x04,0x2C,0x1C,0x20,0x08,0x20,0x00,0x00,0x00,0x00}, // 819 郭
    {0x00,0x68,0x3F,0xFE,0x3F,0xFE,0x20,0x20,0x2F,0xA4,0x22,0x24,0x2F,0xA8,0x24,0xB8,0x24,0x98,0x27,0x10,0x23,0xFA,0x66,0x6E,0x48,0xC6,0x00,0x00,0x00,0x00,0x00,0x00}, // 820 威
    {0x23,0xFC,0x32,0x04,0x02,0x04,0x02,0xF4,0x02,0x94,0x72,0x94,0x12,0x94,0x12,0xF4,0x12,0x04,0x12,0x04,0x12,0x0C,0x38,0x00,0xC7,0xFE,0x00,0x00,0x00,0x00,0x00,0x00}, // 821 迥
    {0x7F,0xFE,0x06,0x44,0x00,0x34,0x4F,0xFE,0x48,0x10,0x7B,0xD4,0x0A,0x94,0x7B,0xD4,0x7A,0x54,0x2B,0xD8,0x5A,0x98,0x53,0xFE,0x50,0x66,0x10,0x40,0x00,0x00,0x00,0x00}, // 822 藏
    {0x7C,0x30,0x04,0x00,0x25,0xFE,0x24,0x30,0x24,0x30,0x24,0x30,0x24,0xFC,0x7E,0xFC,0x06,0x30,0x7E,0x30,0x44,0x30,0x04,0x30,0x1D,0xFE,0x08,0x00,0x00,0x00,0x00,0x00}, // 823 驻
    {0x19,0x90,0x13,0xFE,0x31,0x90,0x31,0x90,0x77,0xFE,0x50,0x00,0x53,0xFC,0x13,0xFC,0x12,0x0C,0x13,0xFC,0x12,0x0C,0x13,0xFC,0x12,0x0C,0x10,0x00,0x00,0x00,0x00,0x00}, // 824 借
    {0x1F,0xFC,0x10,0x00,0x10,0x00,0x17,0xF8,0x10,0x00,0x10,0x00,0x1F,0xFE,0x16,0xC8,0x36,0x48,0x26,0x70,0x26,0x30,0x63,0x9C,0x07,0x06,0x00,0x00,0x00,0x00,0x00,0x00}, // 825 辰
    {0x7D,0xFC,0x6C,0x00,0x68,0x00,0x68,0x00,0x7B,0xFE,0x68,0x20,0x6C,0x20,0x65,0xAC,0x6D,0x24,0x7B,0x26,0x62,0x22,0x66,0x22,0x60,0x60,0x00,0x00,0x00,0x00,0x00,0x00}, // 826 际
    {0x08,0x1C,0x1B,0xF0,0x10,0x60,0x30,0x60,0x70,0x60,0x50,0x60,0x17,0xFE,0x10,0x60,0x10,0x60,0x10,0x60,0x10,0x60,0x13,0xFE,0x10,0x00,0x10,0x00,0x00,0x00,0x00,0x00}, // 827 任
    {0x01,0x80,0x01,0x80,0x01,0x80,0x01,0x80,0x01,0x80,0x3F,0xFC,0x01,0x80,0x01,0x80,0x01,0x80,0x01,0x80,0x01,0x80,0x01,0x80,0x7F,0xFE,0x7F,0xFE,0x00,0x00,0x00,0x00}, // 828 土
    {0x1F,0xFC,0x10,0x04,0x1F,0xFC,0x10,0x00,0x1F,0xFC,0x11,0x90,0x13,0x18,0x17,0xFC,0x30,0x40,0x27,0xFC,0x20,0x40,0x60,0x40,0x4F,0xFE,0x00,0x00,0x00,0x00,0x00,0x00}, // 829 屋
    {0x33,0x02,0x33,0x7E,0x7F,0x60,0x33,0x60,0x3F,0x60,0x33,0x7E,0x33,0x7E,0x3F,0x4C,0x33,0x4C,0x7F,0xCC,0x00,0x4C,0x32,0xCC,0x60,0x8C,0x41,0x8C,0x00,0x00,0x00,0x00}, // 830 斯
    {0x37,0xB8,0x14,0xA0,0x07,0x14,0x43,0x18,0x72,0xFC,0x0C,0x06,0x0B,0xF8,0x02,0x08,0x33,0xF8,0x20,0x10,0x21,0x10,0x21,0x10,0x6F,0xFE,0x20,0x00,0x00,0x00,0x00,0x00}, // 831 澄
    {0x22,0x00,0x12,0x7C,0x04,0x44,0x7F,0x44,0x08,0x7C,0x29,0x44,0x29,0x44,0x29,0x44,0x3F,0x7C,0x09,0x44,0x08,0x44,0x10,0x44,0x30,0x84,0x61,0x8C,0x00,0x00,0x00,0x00}, // 832 朔
    {0x00,0x00,0x7E,0x7C,0x12,0x24,0x7E,0xFC,0x00,0x00,0x3F,0xF8,0x3F,0xF8,0x31,0x88,0x3F,0xF8,0x3F,0xFC,0x04,0x20,0x7F,0xFE,0x04,0x30,0x38,0x1E,0x20,0x00,0x00,0x00}, // 833 翼
    {0x00,0x00,0x7C,0xFE,0x04,0x80,0x24,0x84,0x24,0xE4,0x24,0xBC,0x24,0x98,0x64,0x88,0x7E,0x9C,0x02,0xB4,0x7A,0xA2,0x42,0x80,0x02,0x80,0x0E,0xFE,0x08,0x00,0x00,0x00}, // 834 驱
    {0x20,0x04,0x33,0xFC,0x13,0x00,0x03,0x00,0x03,0xFC,0x03,0x08,0x73,0x48,0x13,0x68,0x12,0x38,0x12,0x38,0x16,0x6C,0x14,0xC4,0x38,0x00,0x67,0xFE,0x00,0x00,0x00,0x00}, // 835 返
    {0x01,0x80,0x01,0x80,0x3F,0xFC,0x01,0x80,0x1F,0xF8,0x00,0x00,0x7F,0xFE,0x7F,0xFE,0x62,0x42,0x12,0x48,0x1A,0x58,0x0A,0x50,0x02,0x40,0x7F,0xFE,0x00,0x00,0x00,0x00}, // 836 壶
    {0x30,0x60,0x18,0x20,0x03,0xFE,0x00,0x00,0x60,0x08,0x31,0x08,0x01,0x08,0x01,0x98,0x09,0x90,0x18,0x90,0x30,0x10,0x27,0xFE,0x67,0xFE,0x00,0x00,0x00,0x00,0x00,0x00}, // 837 泣
    {0x00,0x20,0x7F,0x20,0x14,0x20,0x14,0x7E,0x7F,0x42,0x75,0xC2,0x75,0x02,0x75,0x22,0x77,0x32,0x61,0x12,0x7F,0x02,0x61,0x02,0x7F,0x02,0x61,0x0C,0x00,0x00,0x00,0x00}, // 838 酌
    {0x20,0x2C,0x30,0x20,0x07,0xFE,0x06,0x20,0x66,0x24,0x27,0xA4,0x26,0xAC,0x26,0xB8,0x24,0x98,0x3C,0x98,0x35,0xBA,0x64,0x6A,0x0C,0xC6,0x00,0x00,0x00,0x00,0x00,0x00}, // 839 诚
    {0x01,0x80,0x01,0x80,0x02,0xC0,0x06,0x60,0x1C,0x38,0x30,0x0E,0x6F,0xF2,0x01,0x80,0x01,0x80,0x1F,0xF8,0x01,0x80,0x01,0x80,0x01,0x80,0x3F,0xFC,0x00,0x00,0x00,0x00}, // 840 全
    {0x00,0x80,0x3F,0xFC,0x30,0x40,0x30,0x40,0x30,0x40,0x3F,0xFC,0x30,0xE0,0x21,0x60,0x23,0x50,0x22,0x58,0x24,0x4E,0x68,0x40,0x40,0x40,0x00,0x40,0x00,0x00,0x00,0x00}, // 841 床
    {0x03,0x00,0x3F,0xFE,0x06,0x00,0x04,0x00,0x19,0xFC,0x18,0x0C,0x38,0x30,0x68,0x20,0x0B,0xFE,0x08,0x20,0x08,0x20,0x08,0x20,0x08,0xE0,0x00,0x40,0x00,0x00,0x00,0x00}, // 842 存
    {0x11,0x3E,0x17,0xF0,0x12,0x10,0x5B,0x10,0x5D,0x1E,0x57,0xD4,0x55,0x34,0x11,0x24,0x11,0xE4,0x17,0x24,0x11,0x24,0x11,0x24,0x11,0x44,0x01,0x00,0x00,0x00,0x00,0x00}, // 843 惭
    {0x00,0x00,0x27,0xFE,0x10,0x90,0x10,0x90,0x07,0xFE,0x66,0x92,0x36,0x92,0x06,0x92,0x16,0x92,0x17,0x9E,0x36,0x02,0x26,0x02,0x67,0xFE,0x46,0x02,0x06,0x02,0x00,0x00}, // 844 洒
    {0x0F,0xF0,0x08,0x10,0x0F,0x90,0x08,0x90,0x08,0x90,0x7F,0xFE,0x40,0x06,0x0F,0xF0,0x08,0x10,0x0F,0xF0,0x08,0x10,0x0F,0xF0,0x08,0x10,0x08,0x70,0x08,0x20,0x00,0x00}, // 845 骨
    {0x04,0x20,0x04,0x20,0x7F,0xFE,0x04,0x20,0x03,0x00,0x7F,0xFE,0x04,0x00,0x09,0xFC,0x18,0x18,0x38,0x20,0x4B,0xFE,0x08,0x20,0x08,0x20,0x08,0xE0,0x08,0xC0,0x00,0x00}, // 846 荐
    {0x18,0x04,0x13,0xFC,0x30,0x04,0x33,0xFC,0x50,0x00,0x57,0xFE,0x14,0x02,0x13,0xF8,0x11,0x08,0x10,0x90,0x10,0x60,0x10,0xF0,0x17,0x9E,0x00,0x00,0x00,0x00,0x00,0x00}, // 847 侵
    {0x0F,0xFC,0x1F,0xFC,0x30,0x00,0x6F,0xF8,0x09,0x08,0x08,0x88,0x7F,0xFE,0x7F,0xFE,0x09,0x88,0x08,0x88,0x0F,0xFC,0x00,0x18,0x00,0x30,0x00,0x20,0x00,0x00,0x00,0x00}, // 848 每
    {0x3F,0xFE,0x02,0x40,0x3F,0xFC,0x22,0x44,0x3F,0xFC,0x09,0xFC,0x36,0x00,0x4B,0xFC,0x1B,0xFC,0x33,0xFC,0x50,0x80,0x13,0xF8,0x12,0xD0,0x11,0xF8,0x12,0x06,0x00,0x00}, // 849 覆
    {0x01,0x80,0x7F,0xFE,0x61,0x86,0x79,0x98,0x05,0xB0,0x1F,0xF8,0x10,0x08,0x10,0x08,0x1F,0xF8,0x10,0x08,0x1F,0xF8,0x10,0x08,0x10,0x38,0x10,0x00,0x00,0x00,0x00,0x00}, // 850 宵
    {0x7F,0x24,0x69,0x20,0x7D,0x7E,0x69,0x68,0x69,0xE8,0x7F,0x7E,0x61,0x68,0x7D,0x68,0x75,0x7E,0x55,0x68,0x5D,0x68,0x41,0x7E,0x43,0x60,0x00,0x60,0x00,0x00,0x00,0x00}, // 851 雕
    {0x18,0x60,0x18,0x00,0x17,0xFE,0x30,0x60,0x70,0x60,0x50,0x60,0x13,0xFC,0x10,0x60,0x10,0x60,0x10,0x60,0x10,0x60,0x10,0x60,0x17,0xFE,0x10,0x00,0x00,0x00,0x00,0x00}, // 852 住
    {0x00,0x30,0x7C,0x30,0x04,0xB0,0x04,0xB4,0x24,0xBC,0x2C,0xF4,0x2F,0xB4,0x3E,0xB4,0x06,0xB4,0x06,0xBC,0x7C,0xB0,0x44,0x82,0x04,0x82,0x1C,0xFE,0x00,0x00,0x00,0x00}, // 853 驰
    {0x01,0xFC,0x01,0x80,0x1F,0xFE,0x11,0x82,0x11,0xF8,0x17,0x84,0x11,0xFC,0x10,0x00,0x30,0x80,0x2F,0xFC,0x21,0x84,0x21,0x04,0x46,0x3C,0x04,0x00,0x00,0x00,0x00,0x00}, // 854 虏
    {0x10,0xC0,0x10,0xC4,0x10,0xC8,0x7E,0xD8,0x52,0xF0,0x52,0xC0,0x53,0xFE,0x52,0xD0,0x52,0xD0,0x52,0xD8,0x56,0xC8,0x50,0xCC,0x10,0xE6,0x10,0xC2,0x00,0x00,0x00,0x00}, // 855 帐
    {0x00,0x10,0x1F,0xF8,0x01,0x80,0x7F,0xFE,0x03,0xC0,0x07,0xE0,0x0D,0xB0,0x71,0x8E,0x2F,0xE0,0x02,0x20,0x02,0x7C,0x04,0x0C,0x0C,0x08,0x78,0x38,0x20,0x20,0x00,0x00}, // 856 秀
    {0x3F,0xFC,0x01,0x80,0x7F,0xFE,0x5F,0xFA,0x41,0x82,0x1E,0x78,0x09,0x90,0x0D,0xB0,0x1F,0xF8,0x10,0x08,0x1F,0xF8,0x1F,0xF8,0x10,0x08,0x10,0x38,0x10,0x10,0x00,0x00}, // 857 霄
    {0x10,0xC0,0x13,0xFC,0x12,0x44,0x5F,0xFC,0x56,0x44,0x52,0x44,0x13,0xFC,0x12,0x68,0x10,0xA8,0x10,0xAA,0x11,0x2E,0x13,0x22,0x16,0x3E,0x00,0x00,0x00,0x00,0x00,0x00}, // 858 愧
    {0x10,0x88,0x03,0xDE,0x79,0xDC,0x0A,0xDC,0x16,0xAB,0x14,0x88,0x3D,0xFC,0x7C,0x00,0x54,0x02,0x13,0xFE,0x10,0x2C,0x13,0x26,0x12,0xE2,0x10,0x40,0x00,0x00,0x00,0x00}, // 859 襟
    {0x01,0x00,0x01,0x80,0x7F,0xFE,0x02,0x40,0x12,0x58,0x32,0x4C,0x22,0x46,0x42,0x40,0x00,0x80,0x24,0x88,0x24,0xC4,0x24,0x06,0x64,0x18,0x07,0xF0,0x00,0x00,0x00,0x00}, // 860 恋
    {0x10,0x30,0x3F,0xBE,0x60,0x44,0x3F,0xC8,0x7F,0xA8,0x29,0x10,0x3F,0x38,0x04,0x44,0x18,0xE0,0x07,0x98,0x1E,0x7C,0x3F,0x84,0x0C,0xB8,0x33,0x8C,0x00,0x00,0x00,0x00}, // 861 繁
    {0x08,0x3E,0x7F,0xA4,0x18,0x24,0x10,0x24,0x3F,0x24,0x71,0x2C,0x5F,0x24,0x11,0x22,0x11,0x22,0x1F,0x22,0x11,0x2E,0x11,0x20,0x13,0x20,0x00,0x20,0x00,0x00,0x00,0x00}, // 862 郁
    {0x00,0x90,0x30,0x98,0x08,0x80,0x00,0x9C,0x43,0xE0,0x30,0x80,0x00,0xDE,0x01,0xE0,0x02,0x4C,0x30,0x58,0x20,0x30,0x20,0x60,0x61,0x9A,0x42,0x0E,0x00,0x02,0x00,0x00}, // 863 浅
    {0x04,0x40,0x7F,0xFE,0x02,0x40,0x3F,0xF8,0x02,0x48,0x02,0x48,0x7F,0xFE,0x02,0x48,0x3F,0xF8,0x0E,0x70,0x0A,0x50,0x12,0x4C,0x62,0x46,0x02,0x40,0x00,0x00,0x00,0x00}, // 864 兼
    {0x31,0xFE,0x19,0x06,0x01,0x06,0x01,0xFE,0x61,0x00,0x31,0x60,0x11,0x64,0x03,0x6E,0x1B,0x78,0x12,0x60,0x22,0x60,0x66,0x63,0x4C,0x3E,0x00,0x00,0x00,0x00,0x00,0x00}, // 865 泥
    {0x00,0x08,0x79,0xF8,0x19,0x20,0x10,0x20,0x11,0x20,0x21,0x3C,0x39,0x20,0x09,0x20,0x49,0x20,0x79,0x20,0x31,0xFC,0x18,0x00,0x2E,0x00,0x43,0xFE,0x00,0x00,0x00,0x00}, // 866 延
    {0x3F,0xFC,0x02,0x40,0x12,0x4C,0x1A,0x48,0x02,0x40,0x3F,0xFE,0x30,0x00,0x30,0x00,0x20,0x00,0x20,0x00,0x20,0x00,0x60,0x00,0x40,0x00,0x00,0x00,0x00,0x00,0x00,0x00}, // 867 严
    {0x20,0x40,0x37,0xFE,0x00,0x40,0x00,0x40,0x03,0xFC,0x70,0x40,0x37,0xFE,0x30,0x46,0x30,0x44,0x30,0x5C,0x30,0x48,0x3C,0x00,0x47,0xFE,0x00,0x00,0x00,0x00,0x00,0x00}, // 868 违
    {0x00,0x10,0x7C,0x00,0x44,0xFE,0x44,0x80,0x44,0x80,0x7C,0x80,0x44,0x80,0x44,0x80,0x7D,0x80,0x45,0x80,0x41,0x00,0x01,0x00,0x03,0x00,0x00,0x00,0x00,0x00,0x00,0x00}, // 869 旷
    {0x00,0x00,0x7F,0xFE,0x00,0x00,0x00,0x00,0x3E,0x7C,0x22,0x44,0x22,0x44,0x32,0x64,0x2A,0x54,0x2E,0x54,0x22,0x44,0x22,0x44,0x22,0x44,0x26,0x4C,0x00,0x00,0x00,0x00}, // 870 丽
    {0x19,0xFE,0x01,0x86,0x61,0x86,0x6F,0xF6,0x61,0x86,0x7F,0xF6,0x60,0x06,0x61,0x86,0x6F,0xF6,0x61,0x86,0x61,0x86,0x6E,0x76,0x60,0x0E,0x00,0x00,0x00,0x00,0x00,0x00}, // 871 闺
    {0x04,0x00,0x0F,0xF8,0x1C,0x30,0x32,0x60,0x21,0xC0,0x03,0xC0,0x0E,0x78,0x7A,0x0E,0x43,0xC0,0x00,0x60,0x04,0x00,0x07,0xC0,0x00,0x60,0x00,0x00,0x00,0x00,0x00,0x00}, // 872 冬
    {0x01,0x00,0x01,0x00,0x01,0x00,0x01,0x00,0x3F,0xFE,0x01,0x04,0x01,0x04,0x03,0x04,0x03,0x04,0x02,0x04,0x06,0x04,0x0C,0x04,0x18,0x0C,0x70,0x38,0x20,0x00,0x00,0x00}, // 873 力
    {0x08,0x00,0x28,0xFE,0x2F,0x10,0x28,0x20,0x28,0x7E,0x7F,0x46,0x08,0x56,0x28,0x56,0x2B,0x56,0x6A,0x56,0x0E,0x56,0x0C,0x20,0x18,0x6C,0x61,0xC6,0x00,0x00,0x00,0x00}, // 874 频
    {0x3C,0x10,0x48,0x10,0x09,0xFE,0x09,0x92,0x7F,0x92,0x19,0x92,0x1D,0x92,0x2B,0xFE,0x29,0x92,0x69,0x92,0x48,0x10,0x08,0x10,0x08,0x10,0x08,0x10,0x00,0x00,0x00,0x00}, // 875 种
    {0x18,0x60,0x13,0xFC,0x30,0x60,0x30,0x60,0x77,0xFE,0x50,0x08,0x10,0x08,0x17,0xFE,0x10,0x08,0x11,0x08,0x10,0x88,0x10,0x08,0x10,0x38,0x00,0x00,0x00,0x00,0x00,0x00}, // 876 侍
    {0x30,0x20,0x33,0xFE,0x32,0x20,0x7A,0xFC,0x32,0x24,0x33,0xFE,0x32,0x24,0x32,0xFC,0x32,0x20,0x3A,0xFC,0x66,0x84,0x04,0xFC,0x0C,0x84,0x00,0x00,0x00,0x00,0x00,0x00}, // 877 塘
    {0x01,0x00,0x3F,0xFC,0x01,0x00,0x1F,0xF8,0x02,0x00,0x7F,0xFE,0x04,0x10,0x0C,0x10,0x1B,0xFE,0x30,0x10,0x62,0x10,0x03,0x10,0x00,0x70,0x00,0x00,0x00,0x00,0x00,0x00}, // 878 寿
    {0x37,0xFE,0x18,0x90,0x00,0x10,0x43,0xFC,0x62,0x04,0x33,0xFC,0x02,0x04,0x03,0xFC,0x10,0x40,0x37,0xFE,0x20,0x70,0x60,0x98,0x4F,0x0E,0x04,0x02,0x00,0x00,0x00,0x00}, // 879 漠
    {0x18,0x00,0x18,0x50,0x5A,0x58,0x7E,0xC8,0x1C,0x88,0x7D,0x84,0x19,0xFE,0x1C,0x4A,0x3C,0x48,0x3A,0x48,0x7A,0x48,0xD8,0xC8,0x18,0x88,0x1B,0x38,0x18,0x00,0x00,0x00}, // 880 粉
    {0x00,0x10,0x7E,0xFE,0x10,0x92,0x10,0x94,0x10,0x90,0x3C,0xFC,0x74,0xC4,0x54,0xE4,0x14,0xAC,0x14,0xA8,0x1D,0x18,0x15,0x38,0x13,0x66,0x00,0x00,0x00,0x00,0x00,0x00}, // 881 破
    {0x00,0x20,0x7F,0xFE,0x10,0x00,0x10,0x00,0x11,0xFC,0x7D,0x04,0x11,0x04,0x11,0xFC,0x10,0x20,0x1D,0x24,0x71,0x24,0x42,0x22,0x06,0x62,0x00,0x40,0x00,0x00,0x00,0x00}, // 882 琼
    {0x3F,0xFC,0x01,0x80,0x3F,0xFC,0x21,0x84,0x2D,0xB4,0x1C,0x38,0x01,0x80,0x3F,0xFC,0x06,0x60,0x01,0x80,0x7E,0x7E,0x04,0x20,0x04,0x20,0x38,0x20,0x20,0x20,0x00,0x00}, // 883 霁
    {0x00,0x00,0x7F,0x8C,0x12,0x18,0x12,0x30,0x12,0x60,0x12,0x06,0x7F,0x8C,0x12,0x18,0x12,0x30,0x12,0x42,0x12,0x04,0x22,0x18,0x22,0x30,0x62,0x60,0x00,0x00,0x00,0x00}, // 884 形
    {0x00,0x08,0x1F,0xF8,0x18,0x00,0x18,0x00,0x1F,0xFC,0x18,0x40,0x18,0x40,0x7F,0xFE,0x00,0x00,0x01,0x80,0x11,0x88,0x11,0x88,0x11,0x88,0x1F,0xF8,0x00,0x00,0x00,0x00}, // 885 岳
    {0x00,0x20,0x7C,0x20,0x0C,0x20,0x08,0x20,0x11,0xAC,0x11,0x24,0x1D,0x24,0x39,0x24,0x73,0x26,0x12,0x22,0x12,0x22,0x16,0x20,0x10,0x20,0x30,0xE0,0x00,0x00,0x00,0x00}, // 886 孙
    {0x00,0xC0,0x3F,0xFE,0x30,0xC0,0x30,0xC0,0x37,0xFC,0x34,0x0C,0x24,0x0C,0x27,0xFC,0x24,0x04,0x24,0x00,0x64,0x00,0x6C,0x00,0x48,0x00,0x00,0x00,0x00,0x00,0x00,0x00}, // 887 庐
    {0x7C,0x60,0x68,0xB0,0x69,0x98,0x6B,0x0C,0x77,0xF6,0x78,0x00,0x68,0x48,0x6B,0x48,0x6D,0x48,0x79,0x68,0x71,0x10,0x60,0x10,0x67,0xFE,0x60,0x00,0x00,0x00,0x00,0x00}, // 888 险
    {0x07,0xFE,0x36,0x66,0x16,0x66,0x07,0xFE,0x06,0x66,0x77,0xFE,0x10,0x00,0x03,0xFC,0x02,0x04,0x13,0xFC,0x32,0x04,0x23,0xFC,0x22,0x04,0x42,0x0C,0x00,0x08,0x00,0x00}, // 889 渭
    {0x3E,0x20,0x06,0x60,0x7F,0xFE,0x22,0x44,0x22,0xC4,0x3F,0xC8,0x22,0x28,0x3E,0x28,0x22,0x28,0x23,0x98,0x7F,0x38,0x62,0x6C,0x03,0xC6,0x00,0x00,0x00,0x00,0x00,0x00}, // 890 敢
    {0x3F,0xFC,0x27,0xE4,0x24,0x24,0x27,0xE4,0x20,0x04,0x27,0xE4,0x24,0x24,0x25,0xA4,0x25,0x24,0x21,0x44,0x2E,0x34,0x28,0x14,0x3F,0xFC,0x20,0x04,0x00,0x00,0x00,0x00}, // 891 圆
    {0x7D,0xC0,0x4D,0x64,0x4D,0xAC,0x4C,0x08,0x4D,0xFE,0x7C,0x40,0x4F,0xFE,0x4C,0x40,0x4C,0xFC,0x7D,0xC8,0x4D,0x38,0x02,0x38,0x04,0xCE,0x01,0x82,0x00,0x00,0x00,0x00}, // 892 暖
    {0x7F,0xFE,0x0C,0x30,0x06,0x60,0x03,0xC0,0x07,0xF0,0x78,0x1E,0x1F,0xF8,0x01,0x00,0x01,0x00,0x3F,0xFC,0x32,0x44,0x32,0x44,0x32,0x5C,0x30,0x08,0x00,0x00,0x00,0x00}, // 893 斋
    {0x30,0x60,0x18,0x40,0x00,0x40,0x07,0xFE,0x00,0x40,0x70,0x40,0x10,0xD0,0x10,0x98,0x11,0x8C,0x13,0x04,0x1A,0x04,0x2C,0x00,0x43,0xFE,0x00,0x00,0x00,0x00,0x00,0x00}, // 894 达
    {0x03,0xFC,0x7B,0x04,0x4B,0x04,0x4B,0x04,0x7B,0xFC,0x4B,0x20,0x4B,0x20,0x7B,0xFE,0x4B,0x22,0x4B,0x10,0x4B,0x10,0x7B,0x50,0x4B,0xCA,0x03,0x0E,0x00,0x00,0x00,0x00}, // 895 眠
    {0x18,0x00,0x18,0x3C,0x19,0xE0,0x18,0x60,0x7E,0x60,0x18,0x60,0x18,0x7E,0x1D,0xF0,0x38,0x60,0x78,0x60,0x18,0x60,0x18,0x62,0x18,0x62,0x30,0x3E,0x00,0x00,0x00,0x00}, // 896 托
    {0x7E,0xF8,0x18,0x98,0x18,0xD8,0x18,0xF8,0x1B,0x38,0x7D,0x1A,0x43,0x0E,0x02,0x00,0x14,0x88,0x34,0xCC,0x24,0x06,0x64,0x10,0x07,0xF0,0x00,0x00,0x00,0x00,0x00,0x00}, // 897 恐
    {0x06,0x60,0x7F,0xFE,0x06,0x60,0x00,0x00,0x3F,0xFC,0x22,0x44,0x22,0x44,0x3F,0xFC,0x04,0x00,0x0F,0xF8,0x30,0x10,0x26,0x60,0x03,0xC0,0x7F,0x00,0x20,0x00,0x00,0x00}, // 898 萝
    {0x04,0x20,0x7F,0xFE,0x04,0x20,0x04,0x20,0x1F,0xF8,0x00,0x18,0x06,0x60,0x01,0xC0,0x7F,0xFE,0x03,0x84,0x04,0x80,0x18,0x80,0x70,0x80,0x43,0x80,0x00,0x00,0x00,0x00}, // 899 茅
    {0x18,0xC8,0x00,0x18,0x7D,0xFC,0x0D,0x24,0x09,0xFC,0x19,0x24,0x31,0x24,0x7D,0xFC,0x56,0x20,0x10,0x20,0x13,0xFE,0x10,0x20,0x10,0x20,0x10,0x20,0x00,0x00,0x00,0x00}, // 900 禅
    {0x1F,0xF8,0x10,0x08,0x1F,0xF8,0x10,0x60,0x10,0x20,0x30,0x18,0x2F,0xFE,0x68,0x18,0x0F,0xF8,0x08,0x18,0x0F,0xF8,0x00,0x00,0x7F,0xFE,0x00,0x00,0x00,0x00,0x00,0x00}, // 901 昼
    {0x01,0x80,0x7F,0xFE,0x03,0xC0,0x05,0xA0,0x19,0x98,0x71,0x8E,0x5F,0xFA,0x18,0x08,0x18,0x08,0x1F,0xF8,0x18,0x08,0x1F,0xF8,0x18,0x08,0x00,0x00,0x00,0x00,0x00,0x00}, // 902 杳
    {0x10,0x00,0x13,0xFE,0x12,0x22,0x5A,0xFA,0x56,0x22,0x56,0x22,0x52,0xFA,0x52,0x02,0x12,0x7A,0x12,0x4A,0x12,0x4A,0x12,0x32,0x16,0x02,0x14,0x0E,0x10,0x00,0x00,0x00}, // 903 惆
    {0x04,0x60,0x7F,0xFC,0x04,0x60,0x1F,0xF8,0x10,0x18,0x1F,0xF8,0x1F,0xF8,0x02,0x00,0x7F,0xFE,0x0D,0xB0,0xFF,0xFE,0x09,0x90,0x09,0x90,0x09,0xB0,0x01,0x80,0x00,0x00}, // 904 幕
    {0x01,0x80,0x3F,0xFE,0x21,0x06,0x04,0xB0,0x34,0x64,0x25,0x86,0x07,0x18,0x1F,0xF0,0x60,0x00,0x10,0x8C,0x10,0x8C,0x10,0x8C,0x1F,0xFC,0x00,0x0C,0x00,0x00,0x00,0x00}, // 905 密
    {0x08,0x40,0x1F,0xFC,0x30,0x80,0x7F,0xF8,0x50,0x80,0x1F,0xFC,0x10,0x80,0x1F,0xFC,0x01,0x80,0x7F,0xFE,0x07,0xA0,0x1D,0x9C,0x71,0x86,0x01,0x80,0x00,0x00,0x00,0x00}, // 906 集
    {0x01,0x80,0x01,0x80,0x01,0x80,0x3F,0xFC,0x21,0x04,0x21,0x04,0x21,0x84,0x23,0x64,0x26,0x34,0x2C,0x14,0x20,0x04,0x20,0x04,0x20,0x04,0x20,0x1C,0x00,0x00,0x00,0x00}, // 907 内
    {0x7E,0xFE,0x40,0xC6,0x42,0xC6,0x72,0xD6,0x56,0xC4,0x4C,0xCC,0x4C,0xC0,0x4E,0xFE,0x5A,0x02,0x50,0x02,0x60,0xFA,0x7F,0x02,0x00,0x0E,0x00,0x08,0x00,0x00,0x00,0x00}, // 908 鸥
    {0x30,0x60,0x1B,0xFE,0x01,0x08,0x40,0x90,0x30,0xE0,0x10,0x70,0x03,0x9E,0x17,0x9A,0x11,0x98,0x31,0x18,0x21,0x18,0x63,0x18,0x46,0x18,0x00,0x18,0x00,0x00,0x00,0x00}, // 909 济
    {0x01,0x80,0x3F,0xFC,0x3F,0xFC,0x31,0x8C,0x31,0x8C,0x31,0x8C,0x3F,0xFC,0x19,0x80,0x0D,0x00,0x07,0x00,0x03,0x00,0x0D,0xE0,0x78,0x3E,0x00,0x00,0x00,0x00,0x00,0x00}, // 910 史
    {0x02,0x00,0x3F,0xF0,0x02,0x30,0x04,0x30,0x0C,0x32,0x39,0xBE,0x61,0x80,0x7F,0xFE,0x01,0x80,0x09,0x90,0x19,0x98,0x61,0x8C,0x43,0x80,0x03,0x00,0x00,0x00,0x00,0x00}, // 911 杂
    {0x07,0xFE,0x34,0x06,0x14,0x06,0x07,0xFE,0x44,0x00,0x65,0xFE,0x34,0x20,0x05,0xFE,0x05,0x22,0x35,0xEA,0x25,0x22,0x2D,0xEA,0x69,0x6A,0x59,0x26,0x08,0x04,0x00,0x00}, // 912 漏
    {0x06,0x20,0x3F,0xFC,0x00,0x84,0x00,0x84,0x3F,0xFC,0x20,0x80,0x20,0x80,0x3F,0xFE,0x3F,0xFE,0x02,0x86,0x04,0x84,0x18,0x9C,0x70,0x80,0x00,0x80,0x00,0x00,0x00,0x00}, // 913 弟
    {0x1E,0x40,0x24,0x7E,0x45,0x80,0x7F,0x7C,0x29,0x0C,0x29,0x30,0x3F,0xFE,0x29,0x2A,0x3F,0x32,0x29,0x52,0x29,0x92,0x69,0x24,0x43,0xCC,0x00,0x08,0x00,0x00,0x00,0x00}, // 914 觞
    {0x1F,0xFE,0x10,0x00,0x10,0x90,0x10,0x88,0x10,0x80,0x1F,0xFE,0x10,0xC0,0x10,0xC0,0x31,0xC0,0x21,0x20,0x23,0x30,0x26,0x18,0x5C,0x06,0x00,0x00,0x00,0x00,0x00,0x00}, // 915 厌
    {0x08,0xFE,0x18,0xFE,0x7E,0x06,0x7E,0x06,0x12,0x06,0x12,0xFE,0x32,0x06,0x34,0x06,0x1C,0x06,0x0C,0x06,0x1E,0xFE,0x32,0xFE,0x60,0x06,0x00,0x00,0x00,0x00,0x00,0x00}, // 916 妇
    {0x08,0x60,0x0A,0x64,0x12,0x64,0x11,0x68,0x31,0x68,0x30,0x60,0x57,0xFE,0x50,0x60,0x10,0x60,0x17,0xFE,0x10,0x60,0x10,0x60,0x10,0x60,0x10,0x60,0x10,0x60,0x00,0x00}, // 917 伴
    {0x1F,0xFC,0x18,0x0C,0x18,0x0C,0x18,0x0C,0x1F,0xFC,0x10,0x8C,0x10,0x80,0x10,0xC0,0x10,0x40,0x30,0x60,0x30,0x30,0x20,0x1C,0x60,0x0E,0x40,0x00,0x00,0x00,0x00,0x00}, // 918 尺
    {0x00,0x80,0x08,0x80,0x08,0x80,0x1F,0xFC,0x10,0x80,0x30,0x80,0x20,0x80,0x00,0x80,0x7F,0xFE,0x00,0x80,0x00,0x80,0x00,0x80,0x00,0x80,0x00,0x80,0x00,0x80,0x00,0x00}, // 919 牛
    {0x00,0x60,0x30,0x60,0x18,0x60,0x03,0xFC,0x00,0x60,0x60,0x60,0x30,0x60,0x07,0xFE,0x00,0xC0,0x08,0x80,0x19,0x98,0x31,0x0C,0x22,0x0C,0x63,0xF6,0x00,0x00,0x00,0x00}, // 920 法
    {0x04,0x00,0x0F,0xF0,0x0E,0x30,0x12,0x60,0x11,0xC0,0x01,0xC0,0x0E,0x38,0x70,0x0E,0x0F,0xF0,0x08,0x10,0x08,0x10,0x0F,0xF0,0x0F,0xF0,0x08,0x00,0x00,0x00,0x00,0x00}, // 921 各
    {0x08,0x00,0x0B,0xFC,0x08,0x44,0x10,0x44,0x30,0x44,0x37,0xFE,0x70,0x44,0x50,0x44,0x13,0xFC,0x10,0x84,0x10,0x80,0x11,0x80,0x11,0x00,0x13,0x00,0x00,0x00,0x00,0x00}, // 922 伊
    {0x02,0x00,0x03,0x10,0x01,0x90,0x00,0x30,0x04,0x20,0x24,0x68,0x24,0x4C,0x64,0xC6,0x65,0x86,0x47,0x00,0x06,0x10,0x1C,0x18,0x76,0x10,0x03,0xF0,0x00,0x00,0x00,0x00}, // 923 必
    {0x10,0x10,0x10,0x10,0x10,0x10,0x11,0xFE,0x7C,0x10,0x10,0x10,0x35,0x10,0x34,0x90,0x72,0x90,0x50,0x70,0x50,0x60,0x10,0x70,0x11,0x9C,0x13,0x06,0x02,0x00,0x00,0x00}, // 924 杖
    {0x01,0x00,0x01,0x80,0x3F,0xFC,0x22,0x04,0x22,0x24,0x02,0x10,0x7F,0xFE,0x02,0xC0,0x02,0xC8,0x04,0xD8,0x04,0xF0,0x08,0xE0,0x11,0xC6,0x66,0x7C,0x00,0x00,0x00,0x00}, // 925 宠
    {0x01,0x80,0x3F,0xFC,0x20,0x04,0x20,0x04,0x03,0xF0,0x1F,0x00,0x01,0x00,0x01,0x1C,0x7F,0xF0,0x01,0x00,0x01,0x00,0x01,0x04,0x01,0xFC,0x00,0x00,0x00,0x00,0x00,0x00}, // 926 宅
    {0x0E,0x20,0x01,0xC0,0x01,0xE0,0x06,0x30,0x18,0x88,0x00,0x80,0x7F,0xFE,0x00,0x80,0x00,0x90,0x0C,0x98,0x18,0x8C,0x30,0x84,0x03,0x80,0x00,0x00,0x00,0x00,0x00,0x00}, // 927 杀
    {0x00,0x08,0x23,0xF0,0x30,0x40,0x10,0x40,0x07,0xFE,0x00,0x40,0x70,0x40,0x13,0xFC,0x12,0x0C,0x12,0x0C,0x13,0xFC,0x12,0x0C,0x3C,0x00,0x63,0xFE,0x00,0x00,0x00,0x00}, // 928 适
    {0x06,0x40,0x3F,0xFC,0x01,0x00,0x3F,0xFC,0x02,0x00,0x7F,0xFE,0x06,0x00,0x07,0xF8,0x08,0x88,0x18,0x88,0x37,0xF8,0x41,0x08,0x1F,0xFE,0x00,0x00,0x00,0x00,0x00,0x00}, // 929 羞
    {0x06,0x40,0x3F,0xFC,0x01,0x80,0x1F,0xF8,0x01,0x80,0x7F,0xFE,0x00,0x80,0x21,0xFC,0x1B,0x4C,0x02,0x48,0x08,0xA0,0x71,0x98,0x0F,0x0E,0x04,0x00,0x00,0x00,0x00,0x00}, // 930 羡
    {0x1F,0xF8,0x11,0x88,0x1F,0xF8,0x11,0x88,0x11,0x88,0x1F,0xF8,0x00,0x00,0x7F,0xFE,0x19,0x00,0x18,0x98,0x18,0xE0,0x1E,0x70,0x1C,0x1E,0x10,0x00,0x00,0x00,0x00,0x00}, // 931 畏
    {0x02,0x40,0x02,0x44,0x7E,0x78,0x02,0x40,0x7E,0x42,0x42,0x3E,0x00,0x00,0x1F,0xF8,0x18,0x08,0x1F,0xF8,0x18,0x08,0x1F,0xF8,0x18,0x08,0x18,0x38,0x18,0x20,0x00,0x00}, // 932 背
    {0x10,0x20,0x10,0x60,0x7F,0xFE,0x7F,0x06,0x11,0x06,0x35,0x06,0x3D,0xFE,0x77,0x06,0x51,0x06,0x51,0x06,0x11,0x06,0x11,0xFE,0x11,0x06,0x18,0x00,0x00,0x00,0x00,0x00}, // 933 柏
    {0x61,0xF0,0x22,0x30,0x34,0x20,0x07,0xFC,0x06,0x44,0x76,0x44,0x37,0xFC,0x30,0xE8,0x30,0xA8,0x33,0x22,0x36,0x3E,0x38,0x00,0x47,0xFE,0x00,0x00,0x00,0x00,0x00,0x00}, // 934 逸
    {0x00,0x80,0x20,0x80,0x20,0x80,0x20,0x84,0x20,0x9C,0x3E,0xF0,0x20,0xC0,0x20,0x80,0x20,0x80,0x20,0x80,0x22,0x80,0x2E,0x86,0x78,0xC6,0x20,0x7C,0x00,0x00,0x00,0x00}, // 935 比
    {0x04,0x20,0x7F,0xFE,0x04,0x20,0x05,0x20,0x01,0x08,0x1F,0xF0,0x01,0x60,0x7F,0xFE,0x03,0x00,0x0F,0xF8,0x78,0x08,0x4F,0xF8,0x08,0x08,0x0F,0xF8,0x08,0x00,0x00,0x00}, // 936 著
    {0x01,0x80,0x7F,0xFE,0x60,0x02,0x6C,0x02,0x08,0x78,0x1F,0x48,0x12,0x48,0x22,0x48,0x6A,0x58,0x04,0x40,0x0C,0x40,0x18,0x46,0x70,0x7C,0x20,0x00,0x00,0x00,0x00,0x00}, // 937 宛
    {0x01,0x30,0x07,0xB0,0x3E,0x30,0x06,0x30,0x06,0x30,0x06,0x30,0x7F,0xFE,0x06,0x30,0x04,0x30,0x0C,0x30,0x08,0x30,0x18,0x30,0x30,0x30,0x60,0x30,0x00,0x00,0x00,0x00}, // 938 升
    {0x01,0x80,0x3F,0xFC,0x01,0x80,0x3F,0xFC,0x1F,0xF8,0x10,0x08,0x1F,0xF8,0x08,0x10,0x04,0x20,0x7B,0xDE,0x3F,0x7C,0x0B,0x44,0x12,0x44,0x26,0x7C,0x00,0x00,0x00,0x00}, // 939 嘉
    {0x20,0x00,0x21,0xFE,0x60,0x00,0x7E,0x00,0x48,0xFC,0x08,0x84,0x08,0x84,0x7E,0x84,0x18,0xFC,0x18,0x8C,0x1C,0xCC,0x36,0x48,0x20,0x18,0x41,0xFE,0x00,0x00,0x00,0x00}, // 940 短
    {0x00,0x60,0x73,0x60,0x1A,0x60,0x03,0xFC,0x06,0x60,0x60,0x60,0x37,0xFE,0x00,0x00,0x00,0x00,0x33,0xFC,0x23,0x0C,0x23,0x0C,0x63,0xFC,0x63,0x0C,0x03,0x00,0x00,0x00}, // 941 浩
    {0x3F,0xFC,0x01,0x80,0x7F,0xFE,0x41,0x82,0x5D,0xBA,0x01,0x80,0x1D,0xB8,0x00,0x00,0x1F,0xF8,0x11,0x88,0x1F,0xF8,0x11,0x88,0x11,0x88,0x1F,0xF8,0x10,0x08,0x00,0x00}, // 942 雷
    {0x31,0xF0,0x20,0x20,0xBC,0x60,0xFF,0xFE,0x24,0x50,0x28,0x88,0x49,0xCC,0x4F,0x9E,0x38,0x98,0x1C,0x98,0x14,0x98,0x21,0x98,0xC3,0x18,0x00,0x00,0x00,0x00,0x00,0x00}, // 943 娇
    {0x01,0x80,0x01,0x80,0x3F,0xFC,0x01,0x80,0x1F,0xFC,0x01,0x80,0x7F,0xFE,0x03,0x00,0x06,0x88,0x0C,0xD8,0x34,0x70,0x64,0xB0,0x07,0x9E,0x06,0x06,0x00,0x00,0x00,0x00}, // 944 表
    {0x01,0x80,0x01,0x80,0x41,0x82,0x7F,0xFE,0x01,0x80,0x01,0x80,0x3F,0xFC,0x00,0x00,0x01,0x80,0x24,0x88,0x24,0xC4,0x24,0x06,0x44,0x10,0x07,0xF0,0x00,0x00,0x00,0x00}, // 945 志
    {0x18,0x00,0x19,0xFC,0x19,0x84,0x19,0xFC,0x7D,0x84,0x19,0x84,0x1D,0xFC,0x3F,0xA4,0x3B,0xA4,0x79,0xB8,0x59,0x90,0x19,0x98,0x19,0xEE,0x19,0x86,0x00,0x00,0x00,0x00}, // 946 根
    {0x30,0x60,0x18,0x40,0x03,0xFE,0x43,0x06,0x73,0x06,0x13,0x06,0x03,0xFE,0x13,0x06,0x13,0x06,0x33,0x06,0x23,0x06,0x63,0xFE,0x63,0x06,0x03,0x06,0x00,0x00,0x00,0x00}, // 947 泊
    {0x18,0x30,0x18,0x30,0x18,0x30,0x7D,0xFE,0x18,0x30,0x18,0x30,0x1C,0x30,0x3D,0xFC,0x3E,0x84,0x58,0x84,0x58,0x84,0x18,0x84,0x18,0xFC,0x19,0x84,0x00,0x00,0x00,0x00}, // 948 枯
    {0x02,0x40,0x3E,0x7E,0x02,0x40,0x3E,0x7C,0x02,0x40,0x7E,0x7E,0x03,0x40,0x00,0x80,0x7F,0xFE,0x02,0x80,0x0C,0xD8,0x3C,0x60,0x65,0x38,0x07,0x0E,0x04,0x00,0x00,0x00}, // 949 裴
    {0x10,0x06,0x17,0xC6,0x34,0x56,0x24,0x56,0x25,0x56,0x65,0x56,0x65,0x56,0x25,0x56,0x25,0x56,0x25,0x56,0x23,0x96,0x22,0x86,0x26,0x46,0x2C,0x4E,0x30,0x00,0x00,0x00}, // 950 侧
    {0x11,0xF8,0x13,0x10,0x7F,0xFE,0x12,0xC4,0x12,0x90,0x3A,0xFE,0x36,0x00,0x52,0x7C,0x52,0xFE,0x12,0x00,0x12,0xFE,0x16,0x86,0x14,0xFE,0x10,0x80,0x00,0x00,0x00,0x00}, // 951 檐
    {0x32,0x10,0x7F,0x90,0x32,0x10,0x3E,0x10,0x08,0x7E,0x7F,0x12,0x69,0x12,0x7F,0x12,0x7F,0x32,0x08,0x26,0x7F,0x26,0x08,0x66,0x7F,0x46,0x40,0xCC,0x00,0x00,0x00,0x00}, // 952 勤
    {0x10,0x00,0x11,0xFE,0x11,0x02,0x7D,0x02,0x11,0x7A,0x31,0x02,0x31,0x7A,0x3D,0x5A,0x55,0x5A,0x51,0x5A,0x11,0x7A,0x11,0x02,0x11,0x02,0x11,0x06,0x00,0x00,0x00,0x00}, // 953 桐
    {0x10,0x00,0x13,0xFE,0x13,0x26,0x13,0x26,0x7F,0x26,0x13,0xFE,0x13,0x26,0x1F,0x26,0x3B,0xFE,0x73,0x26,0x13,0x26,0x12,0x26,0x12,0x26,0x36,0x2C,0x00,0x00,0x00,0x00}, // 954 拥
    {0x10,0x00,0x11,0xFE,0x10,0x40,0x7D,0xFC,0x10,0x48,0x10,0x48,0x30,0xC8,0x3F,0xFE,0x74,0x00,0x51,0xFC,0x51,0x04,0x11,0x04,0x11,0xFC,0x11,0x04,0x00,0x00,0x00,0x00}, // 955 梧
    {0x7D,0xB6,0x58,0xB4,0x18,0xB0,0x1A,0x30,0x7E,0xFE,0x18,0x86,0x3C,0xFE,0x3C,0x86,0x7A,0x86,0xD8,0xFE,0x18,0x86,0x18,0x86,0x18,0x8E,0x18,0x8C,0x00,0x00,0x00,0x00}, // 956 稍
    {0x00,0x30,0x78,0x10,0x4B,0xE0,0x48,0x64,0x48,0x64,0x4B,0xE8,0x48,0xF0,0x49,0x70,0x79,0x68,0x4B,0x6C,0x42,0x66,0x0C,0x62,0x00,0xE0,0x00,0x80,0x00,0x00,0x00,0x00}, // 957 咏
    {0x3F,0xFC,0x01,0x00,0x7F,0xFE,0x41,0x02,0x4D,0x32,0x1D,0x38,0x13,0xFC,0x0B,0xFC,0x72,0x04,0x11,0xF8,0x13,0xFC,0x12,0x74,0x1A,0x84,0x13,0xFC,0x00,0x08,0x00,0x00}, // 958 霭
    {0x00,0x00,0x00,0x00,0x3F,0xFC,0x03,0x04,0x03,0x04,0x03,0x04,0x02,0x04,0x02,0x04,0x02,0x04,0x06,0x04,0x0C,0x04,0x08,0x0C,0x30,0x0C,0x60,0x38,0x00,0x00,0x00,0x00}, // 959 刀
    {0x08,0x10,0x08,0x10,0x08,0x10,0x08,0x10,0x7F,0xFE,0x08,0x10,0x08,0x10,0x08,0x10,0x0F,0xF0,0x08,0x10,0x08,0x10,0x08,0x10,0x0F,0xF0,0x08,0x10,0x00,0x00,0x00,0x00}, // 960 甘
    {0x3F,0x7E,0x24,0x48,0x64,0xC8,0x46,0x84,0x08,0x00,0x08,0x7C,0x7F,0x64,0x09,0x64,0x19,0x64,0x11,0x64,0x11,0x64,0x33,0x7C,0x67,0x64,0x04,0x00,0x00,0x00,0x00,0x00}, // 961 笳
    {0x7F,0xFE,0x7F,0xFE,0x03,0xC0,0x1E,0x3C,0x30,0x00,0x7F,0xFE,0x00,0x08,0x1F,0xC8,0x10,0xC8,0x10,0xC8,0x1F,0xC8,0x10,0xC8,0x00,0x38,0x00,0x00,0x00,0x00,0x00,0x00}, // 962 奇
    {0x00,0x80,0x7F,0xFE,0x40,0x02,0x1F,0xF8,0x10,0x00,0x17,0xF8,0x10,0x00,0x1F,0xFE,0x14,0x88,0x14,0x58,0x34,0x30,0x25,0x98,0x6E,0x0E,0x00,0x02,0x00,0x00,0x00,0x00}, // 963 宸
    {0x1B,0xFE,0x00,0x06,0x68,0x76,0x65,0xC6,0x60,0x46,0x7B,0xFE,0x68,0x46,0x61,0xF6,0x6D,0x16,0x69,0x16,0x79,0xF6,0x70,0x06,0x60,0x0C,0x00,0x00,0x00,0x00,0x00,0x00}, // 964 阔
    {0x0D,0x90,0x7F,0xFE,0x60,0x02,0x6F,0xF2,0x08,0x10,0x0F,0xF0,0x01,0x80,0x7F,0xFE,0x03,0x00,0x04,0x58,0x1C,0x30,0x65,0x98,0x06,0x0E,0x00,0x00,0x00,0x00,0x00,0x00}, // 965 裳
    {0x0C,0x28,0x7F,0xA4,0x00,0x26,0x00,0x20,0x3F,0xFE,0x23,0x20,0x23,0x38,0x3F,0x38,0x2A,0x38,0x2B,0x78,0x69,0x58,0x48,0xDA,0x19,0x9E,0x10,0x00,0x00,0x00,0x00,0x00}, // 966 就
    {0x04,0x20,0x7F,0xFE,0x04,0x20,0x23,0xF8,0x1B,0x08,0x03,0xF8,0x60,0x00,0x27,0xBC,0x07,0xBC,0x10,0x40,0x1F,0xFE,0x20,0xF0,0x23,0x48,0x4C,0x46,0x00,0x40,0x00,0x00}, // 967 藻
    {0x00,0x0C,0x11,0xFC,0x30,0x20,0x20,0x20,0x6D,0xFC,0x78,0xB8,0x51,0xAC,0x13,0x26,0x21,0xF8,0x78,0xD8,0x00,0x9C,0x00,0x84,0x7D,0x84,0x43,0x1C,0x02,0x10,0x00,0x00}, // 968 绣
    {0x10,0x30,0x11,0x32,0x3D,0xB6,0x7C,0xF4,0x40,0x30,0x3C,0xFE,0x10,0x86,0x10,0xFE,0x7E,0x86,0x10,0x86,0x10,0xFE,0x14,0x86,0x18,0x86,0x10,0x8C,0x00,0x00,0x00,0x00}, // 969 销
    {0x00,0x80,0x3D,0x1C,0x23,0xC4,0x21,0x04,0x3A,0x9C,0x23,0xC4,0x20,0x84,0x3B,0xDC,0x20,0x84,0x20,0x84,0x7F,0xFE,0x04,0x20,0x0C,0x38,0x70,0x0E,0x00,0x04,0x00,0x00}, // 970 舆
    {0x10,0x60,0x3F,0x7E,0x6C,0x98,0x44,0x88,0x01,0x80,0x01,0x80,0x1F,0xFC,0x11,0x8C,0x1F,0xFC,0x11,0x8C,0x11,0x8C,0x1F,0xFC,0x10,0x0C,0x00,0x00,0x00,0x00,0x00,0x00}, // 971 笛
    {0x10,0x70,0x7E,0x58,0x10,0x8E,0x7D,0x02,0x45,0xFC,0x7C,0x24,0x45,0x3C,0x45,0xBC,0x7C,0x24,0x10,0xFC,0x7F,0xB4,0x10,0x24,0x10,0xCC,0x10,0x00,0x00,0x00,0x00,0x00}, // 972 翰
    {0x11,0x18,0x19,0x98,0x08,0xCC,0x1F,0xF8,0x11,0x88,0x1F,0xF8,0x11,0x88,0x1F,0xF8,0x01,0x80,0x7F,0xFE,0x07,0xE0,0x0D,0xB8,0x71,0x8E,0x41,0x80,0x00,0x00,0x00,0x00}, // 973 巢
    {0x11,0xFC,0x11,0xFC,0x10,0x10,0x10,0x20,0x7C,0x40,0x11,0xFE,0x11,0x52,0x10,0xD2,0x10,0x92,0x15,0xB2,0x1F,0x22,0x62,0x66,0x00,0xC6,0x01,0x8C,0x01,0x00,0x00,0x00}, // 974 场
    {0x10,0x00,0x11,0xFC,0x11,0x24,0x7F,0x24,0x11,0x24,0x11,0x24,0x11,0x24,0x1D,0xFC,0x71,0x04,0x51,0x00,0x11,0x00,0x11,0x00,0x11,0x02,0x71,0xFE,0x00,0x00,0x00,0x00}, // 975 把
    {0x00,0x40,0x20,0x40,0x33,0xF8,0x12,0x08,0x02,0x08,0x03,0xF8,0x72,0x00,0x13,0xFC,0x12,0x04,0x12,0x04,0x13,0xFC,0x1A,0x04,0x2C,0x00,0x43,0xFE,0x00,0x00,0x00,0x00}, // 976 追
    {0x1F,0x7E,0x24,0x48,0x64,0x88,0x01,0x80,0x1F,0xF8,0x01,0x88,0x7F,0xFE,0x1F,0xF8,0x01,0x80,0x37,0xE8,0x35,0xA8,0x35,0xA8,0x21,0x88,0x21,0x88,0x00,0x00,0x00,0x00}, // 977 箫
    {0x18,0x20,0x00,0x20,0x7D,0xFE,0x09,0x24,0x19,0x20,0x17,0xFC,0x3D,0x4C,0x5D,0x48,0x15,0x48,0x11,0x30,0x12,0x30,0x12,0x78,0x15,0xC6,0x10,0x00,0x00,0x00,0x00,0x00}, // 978 被
    {0x01,0x00,0x0D,0x18,0x19,0x3E,0x31,0xC0,0x07,0x00,0x7C,0xC0,0x7F,0xFC,0x18,0xC0,0x1F,0xF8,0x18,0xC0,0x1F,0xF8,0x18,0xC0,0x1F,0xFC,0x18,0x00,0x00,0x00,0x00,0x00}, // 979 雀
    {0x10,0x20,0x11,0x20,0x11,0x20,0x1D,0x20,0x55,0xFE,0x57,0x20,0x52,0x20,0x50,0x20,0x11,0xFC,0x10,0x20,0x10,0x20,0x10,0x20,0x10,0x20,0x13,0xFE,0x10,0x00,0x00,0x00}, // 980 性
    {0x01,0x80,0x11,0x98,0x0D,0x90,0x01,0xB0,0x7F,0xFE,0x60,0x02,0x6F,0xF2,0x00,0x00,0x00,0x00,0x7F,0xFE,0x02,0x00,0x04,0x30,0x08,0x18,0x1F,0xFC,0x00,0x00,0x00,0x00}, // 981 尝
    {0x19,0x18,0x11,0x10,0x13,0x80,0x06,0xF0,0x0C,0x1C,0x79,0x86,0x21,0x00,0x09,0x18,0x11,0x90,0x13,0x80,0x06,0x40,0x0C,0x30,0x78,0x1E,0x00,0x00,0x00,0x00,0x00,0x00}, // 982 炎
    {0x00,0x40,0x00,0x40,0x00,0x40,0x7F,0xFE,0x7F,0xFE,0x08,0x40,0x08,0xC0,0x0C,0xC0,0x04,0x80,0x06,0x80,0x03,0x80,0x03,0x80,0x06,0xF0,0x78,0x3E,0x20,0x00,0x00,0x00}, // 983 丈
    {0x01,0x80,0x3F,0xFC,0x01,0x80,0x01,0x80,0x7F,0xFE,0x00,0x00,0x00,0x30,0x7F,0xFE,0x00,0x30,0x18,0x30,0x08,0x30,0x0C,0x30,0x00,0x70,0x00,0x40,0x00,0x00,0x00,0x00}, // 984 寺
    {0x7B,0xFC,0x08,0x4C,0x17,0xFE,0x10,0x4C,0x23,0xFC,0x38,0x40,0x08,0x40,0x4B,0xFC,0x28,0x40,0x33,0xFC,0x18,0x40,0x2E,0x40,0x43,0xFE,0x00,0x00,0x00,0x00,0x00,0x00}, // 985 建
    {0x02,0x30,0x02,0x00,0x02,0x04,0x0F,0xFE,0x7B,0x00,0x01,0x18,0x01,0x10,0x01,0xA0,0x00,0xC0,0x01,0xC0,0x07,0x60,0x3C,0x32,0x30,0x1E,0x00,0x04,0x00,0x00,0x00,0x00}, // 986 戈
    {0x04,0x00,0x0F,0xF0,0x18,0x60,0x7F,0xFC,0x10,0x84,0x10,0x84,0x1F,0xFC,0x10,0x84,0x10,0x84,0x1F,0xFC,0x10,0x84,0x20,0x84,0x60,0x9C,0x00,0x00,0x00,0x00,0x00,0x00}, // 987 角
    {0x01,0x00,0x01,0x00,0x01,0xFC,0x01,0x00,0x01,0x00,0x1F,0xF8,0x10,0x08,0x10,0x08,0x10,0x08,0x1F,0xF8,0x00,0x00,0x34,0x4C,0x26,0x44,0x62,0x26,0x00,0x00,0x00,0x00}, // 988 点
    {0x06,0x20,0x3F,0xFE,0x01,0x00,0x01,0x00,0x3F,0xFC,0x02,0x00,0x7F,0xFE,0x04,0x00,0x0C,0x00,0x1F,0xF8,0x30,0x40,0x60,0x40,0x5F,0xFE,0x00,0x00,0x00,0x00,0x00,0x00}, // 989 差
    {0x01,0x00,0x01,0x00,0x11,0x98,0x18,0x90,0x08,0x10,0x0C,0x30,0x04,0x20,0x06,0x60,0x02,0xC0,0x03,0x80,0x03,0x80,0x06,0xE0,0x1C,0x38,0x70,0x0E,0x00,0x00,0x00,0x00}, // 990 义
    {0x03,0x00,0x03,0x00,0x03,0x00,0x7F,0xFE,0x02,0x00,0x02,0x00,0x07,0xF8,0x06,0x10,0x0E,0x30,0x19,0x20,0x11,0xE0,0x60,0xC0,0x43,0xB8,0x1E,0x0E,0x00,0x00,0x00,0x00}, // 991 友
    {0x10,0x00,0x13,0xFE,0x12,0x46,0x7E,0x40,0x13,0xFC,0x10,0x80,0x15,0x20,0x3B,0x20,0x73,0xFC,0x10,0x20,0x10,0x20,0x17,0xFE,0x10,0x20,0x70,0x20,0x00,0x20,0x00,0x00}, // 992 挥
    {0x01,0x80,0x7F,0xFE,0x02,0x20,0x04,0x30,0x1F,0xF8,0x10,0x08,0x06,0x20,0x04,0x20,0x7F,0xFE,0x04,0x20,0x04,0x20,0x08,0x20,0x30,0x20,0x00,0x00,0x00,0x00,0x00,0x00}, // 993 弃
    {0x00,0x40,0x00,0x40,0x7C,0x40,0x04,0xC0,0x04,0xFE,0x05,0x88,0x3D,0x88,0x20,0xC8,0x20,0x50,0x20,0x70,0x20,0x30,0x2C,0x70,0x38,0xCC,0x27,0x06,0x00,0x02,0x00,0x00}, // 994 改
    {0x10,0x90,0x13,0xFE,0x78,0xD0,0x13,0xFC,0x32,0x94,0x3A,0x8C,0x3B,0xFC,0x52,0x04,0x53,0xFC,0x50,0x08,0x17,0xFE,0x10,0x88,0x10,0xB8,0x10,0x10,0x00,0x00,0x00,0x00}, // 995 樽
    {0x01,0xFC,0x79,0x04,0x69,0xFC,0x69,0x04,0x69,0xFC,0x68,0x00,0x6B,0xFE,0x6B,0x02,0x7B,0x02,0x6B,0xFE,0x63,0x02,0x63,0xFE,0x03,0x02,0x03,0x00,0x00,0x00,0x00,0x00}, // 996 唱
    {0x00,0x1C,0x3F,0xE0,0x01,0x80,0x02,0x10,0x0C,0x60,0x1F,0xC0,0x03,0x10,0x0C,0x0C,0x3F,0xFE,0x00,0x80,0x08,0x90,0x10,0x8C,0x20,0x86,0x43,0x80,0x00,0x00,0x00,0x00}, // 997 系
    {0x7F,0xFE,0x60,0x06,0x61,0x1E,0x6B,0x16,0x6A,0xD6,0x66,0x76,0x66,0x26,0x66,0x76,0x6F,0x56,0x68,0xDE,0x71,0x86,0x60,0x06,0x60,0x0E,0x60,0x00,0x00,0x00,0x00,0x00}, // 998 网
    {0x31,0x18,0x18,0x90,0x00,0x10,0x03,0xFC,0x73,0x04,0x13,0x04,0x13,0xFC,0x10,0x90,0x10,0x90,0x14,0x90,0x19,0x90,0x31,0x12,0x06,0x1E,0x04,0x00,0x00,0x00,0x00,0x00}, // 999 说
    {0x27,0xF8,0x32,0x60,0x10,0x60,0x00,0x60,0x07,0xFE,0x77,0xFE,0x10,0x60,0x10,0x60,0x10,0x60,0x10,0x60,0x10,0x60,0x6C,0x00,0x43,0xFE,0x00,0x00,0x00,0x00,0x00,0x00}, // 1000 迁
    {0x10,0x00,0x13,0xFE,0x13,0x00,0x13,0x00,0x7F,0xFC,0x13,0x00,0x17,0xFE,0x3B,0x50,0x72,0x50,0x12,0x54,0x12,0x58,0x12,0x48,0x12,0x7C,0x34,0xE6,0x00,0x00,0x00,0x00}, // 1001 振
    {0x3D,0xFE,0x24,0x50,0x25,0xFC,0x25,0x54,0x3D,0x54,0x25,0xFC,0x24,0x20,0x3C,0x40,0x27,0xFE,0x24,0x88,0x44,0xF0,0x44,0x3C,0xD9,0xC4,0x01,0x00,0x00,0x00,0x00,0x00}, // 1002 腰
    {0x08,0xEE,0x3E,0x22,0x22,0x22,0x3E,0xAA,0x20,0xEA,0x20,0x62,0x3F,0x22,0x6D,0x26,0x5F,0x6A,0x6D,0xAA,0x2D,0x22,0x2D,0x22,0x23,0x66,0x00,0x40,0x00,0x00,0x00,0x00}, // 1003 翩
    {0x17,0xFC,0x14,0x0C,0x14,0x0C,0x25,0xFC,0x24,0x4C,0x64,0x4C,0x65,0xFC,0x25,0x5C,0x25,0x54,0x25,0x54,0x25,0x56,0x25,0x76,0x2C,0x46,0x28,0x42,0x00,0x00,0x00,0x00}, // 1004 佩
    {0x01,0x80,0x31,0x84,0x3F,0xFC,0x00,0x00,0x3F,0xFE,0x20,0x00,0x20,0x80,0x2F,0xF8,0x20,0x80,0x3F,0xFE,0x20,0x80,0x2F,0xF8,0x60,0x80,0x5F,0xFE,0x00,0x00,0x00,0x00}, // 1005 崖
    {0x61,0xF8,0x12,0x10,0x07,0xFE,0x04,0x8C,0x65,0x30,0x05,0xFE,0x05,0xFC,0x14,0x00,0x35,0xFC,0x24,0x00,0x25,0xFE,0x6D,0x06,0x49,0xFE,0x01,0x00,0x00,0x00,0x00,0x00}, // 1006 澹
    {0x18,0x04,0x01,0x84,0x41,0x04,0x4F,0xF4,0x4F,0xF4,0x49,0x14,0x4B,0x54,0x49,0x14,0x4F,0xF4,0x43,0x44,0x4D,0x34,0x49,0x04,0x40,0x1C,0x00,0x00,0x00,0x00,0x00,0x00}, // 1007 阑
    {0x01,0x00,0x01,0x10,0x09,0x18,0x11,0x06,0x61,0x70,0x01,0x80,0x0F,0xF8,0x78,0x08,0x08,0x08,0x0F,0xF8,0x08,0x08,0x0F,0xF8,0x08,0x08,0x0F,0xF8,0x08,0x08,0x00,0x00}, // 1008 省
    {0x10,0x48,0x3E,0x40,0x60,0x5C,0x41,0xE0,0x3C,0x42,0x10,0x5C,0x11,0xE0,0x7D,0x24,0x10,0x28,0x10,0x30,0x14,0x30,0x18,0xDA,0x11,0x0E,0x00,0x00,0x00,0x00,0x00,0x00}, // 1009 钱
    {0x19,0xFE,0x18,0x66,0x7C,0x46,0x18,0x46,0x18,0xC6,0x19,0x8C,0x1C,0x00,0x79,0xFE,0x19,0x06,0x19,0x06,0x19,0x06,0x19,0xFE,0x31,0xFE,0x01,0x06,0x00,0x00,0x00,0x00}, // 1010 招
    {0x11,0x10,0x11,0x10,0x31,0x10,0x25,0x10,0x6D,0x10,0x79,0x10,0x11,0x18,0x11,0x98,0x25,0x58,0x79,0x58,0x03,0x2C,0x1E,0x24,0x62,0x66,0x04,0xC2,0x00,0x00,0x00,0x00}, // 1011 纵
    {0x18,0x00,0x19,0xFE,0x18,0x06,0x7E,0x06,0x18,0x06,0x18,0x06,0x1E,0xFE,0x1C,0x06,0x78,0x06,0x58,0x06,0x18,0x06,0x19,0xFE,0x19,0xFE,0x38,0x06,0x00,0x00,0x00,0x00}, // 1012 扫
    {0x1F,0x7E,0x34,0x58,0x64,0x88,0x3F,0xF8,0x01,0x88,0x01,0x88,0x3F,0xF8,0x31,0x80,0x3F,0xFE,0x3F,0xFC,0x07,0x84,0x1D,0x8C,0x71,0x98,0x01,0x80,0x00,0x00,0x00,0x00}, // 1013 第
    {0x7D,0xFC,0x04,0x88,0x24,0x58,0x2C,0x70,0x28,0x78,0x2B,0x8E,0x3E,0x20,0x04,0xFC,0x04,0x20,0x3C,0x20,0x65,0xFE,0x04,0x20,0x1C,0x20,0x00,0x20,0x00,0x00,0x00,0x00}, // 1014 驿
    {0x0B,0xF0,0x7D,0x3E,0x09,0x22,0x09,0xE2,0x7F,0x3C,0x09,0x2C,0x09,0xE4,0x2D,0x24,0x29,0x3A,0x29,0xEB,0x58,0x20,0x48,0x20,0x47,0xFE,0x00,0x00,0x00,0x00,0x00,0x00}, // 1015 趣
    {0x12,0x00,0x35,0xCE,0x60,0x80,0x17,0xE0,0x14,0xBE,0x37,0xE4,0x74,0xA4,0x77,0xE4,0x31,0x04,0x3F,0xF4,0x31,0x84,0x36,0x64,0x3C,0x2C,0x30,0x08,0x00,0x00,0x00,0x00}, // 1016 衡
    {0x01,0x80,0x01,0x80,0x7F,0xFC,0x01,0x80,0x01,0x80,0x3F,0xFC,0x01,0x80,0x01,0x80,0x7F,0xFE,0x7F,0xFE,0x01,0x80,0x01,0x80,0x01,0x80,0x01,0x80,0x00,0x00,0x00,0x00}, // 1017 丰
    {0x0C,0x00,0x1B,0xFC,0x10,0x40,0x30,0x40,0x57,0xFE,0x10,0x40,0x10,0x40,0x13,0xFC,0x10,0x00,0x07,0xE0,0x04,0x20,0x0C,0x20,0x08,0x22,0x78,0x3E,0x20,0x00,0x00,0x00}, // 1018 凭
    {0x08,0x30,0x11,0x18,0x32,0x4E,0x46,0x62,0x0F,0xF0,0x00,0x10,0x3E,0xFC,0x02,0x04,0x12,0x64,0x1A,0x24,0x06,0x1C,0x7A,0xE4,0x06,0x0C,0x06,0x08,0x00,0x00,0x00,0x00}, // 1019 翁
    {0x08,0x00,0x1F,0xFE,0x10,0x60,0x13,0xFC,0x32,0x64,0x72,0x64,0x53,0xFC,0x12,0x64,0x13,0xFC,0x12,0x40,0x11,0x40,0x10,0xC0,0x11,0xE0,0x17,0x1E,0x14,0x00,0x00,0x00}, // 1020 便
    {0x11,0xA0,0x11,0x10,0x11,0xFE,0x7B,0x20,0x37,0x20,0x31,0xFC,0x39,0x20,0x3D,0xFC,0x51,0x20,0x51,0xFE,0x11,0x00,0x12,0x14,0x12,0x56,0x12,0x52,0x00,0x00,0x00,0x00}, // 1021 樵
    {0x17,0xFE,0x10,0x00,0x33,0xF8,0x32,0x08,0x53,0xF8,0x50,0x00,0x17,0xFE,0x14,0x02,0x13,0xFC,0x10,0x20,0x10,0x20,0x10,0x20,0x10,0xE0,0x00,0x80,0x00,0x00,0x00,0x00}, // 1022 停
    {0x24,0x10,0x7E,0xFE,0x24,0x82,0x3C,0xA2,0x08,0x20,0x7E,0x20,0x4A,0xFE,0x4A,0x44,0x3C,0x4C,0x08,0x68,0x7F,0x18,0x08,0x3C,0x09,0xC2,0x08,0x00,0x00,0x00,0x00,0x00}, // 1023 鞍
    {0x01,0x80,0x01,0x80,0x7F,0xFE,0x01,0x80,0x3F,0xF8,0x01,0x88,0x1F,0xF8,0x11,0x00,0x11,0x00,0x1F,0xFC,0x03,0xC4,0x02,0x6C,0x0C,0x30,0x78,0x1E,0x00,0x00,0x00,0x00}, // 1024 夷
    {0x00,0x20,0x00,0x20,0x79,0xFC,0x48,0x24,0x4B,0xFE,0x48,0x24,0x4B,0xFC,0x48,0x20,0x4A,0xA2,0x7A,0xAA,0x4A,0xAA,0x43,0xAA,0x04,0x22,0x0C,0x22,0x00,0x00,0x00,0x00}, // 1025 啸
    {0x00,0x80,0x1F,0xFC,0x10,0x0C,0x10,0x0C,0x1F,0xFC,0x1F,0xFC,0x10,0x00,0x17,0xFC,0x14,0x0C,0x34,0x0C,0x24,0x0C,0x67,0xFC,0x44,0x0C,0x04,0x0C,0x00,0x00,0x00,0x00}, // 1026 启
    {0x00,0x20,0xFD,0x24,0x11,0x24,0x11,0xFC,0x10,0x00,0x7C,0x00,0x7F,0xFE,0x10,0x20,0x13,0xFE,0x13,0x52,0x1F,0x52,0x63,0x52,0x03,0x52,0x03,0x06,0x03,0x00,0x00,0x00}, // 1027 瑞
    {0x13,0xF8,0x02,0x08,0x7E,0x28,0x02,0xA8,0x4A,0xA8,0x4A,0x48,0x4A,0x48,0x32,0x68,0x12,0xA8,0x3E,0xB8,0x65,0x1E,0x0D,0x06,0x18,0x06,0x00,0x00,0x00,0x00,0x00,0x00}, // 1028 飒
    {0x01,0x80,0x3F,0xFE,0x20,0x06,0x20,0x06,0x0F,0xF0,0x00,0x60,0x00,0xC0,0x00,0x80,0x7F,0xFE,0x00,0x80,0x00,0x80,0x00,0x80,0x03,0x80,0x02,0x00,0x00,0x00,0x00,0x00}, // 1029 字
    {0x08,0x60,0x18,0x20,0x17,0xFE,0x37,0xFE,0x36,0x06,0x56,0x06,0x50,0x00,0x10,0x00,0x10,0x00,0x10,0x00,0x10,0x00,0x17,0xFE,0x10,0x00,0x10,0x00,0x00,0x00,0x00,0x00}, // 1030 伫
    {0x01,0x80,0x3F,0xFC,0x20,0x04,0x20,0x44,0x06,0x40,0x10,0x40,0x18,0x40,0x00,0x40,0x7F,0xFE,0x00,0x80,0x01,0x20,0x06,0x38,0x7C,0x0E,0x20,0x00,0x00,0x00,0x00,0x00}, // 1031 实
    {0x00,0x00,0x01,0xF8,0x3F,0x00,0x03,0x00,0x03,0x18,0x0F,0xF0,0x3B,0x00,0x03,0x04,0x03,0xFC,0x7F,0x00,0x03,0x00,0x03,0x04,0x03,0x06,0x01,0xFC,0x00,0x00,0x00,0x00}, // 1032 毛
    {0x24,0xFE,0x7F,0x10,0x25,0x7E,0x3F,0x52,0x13,0x52,0x7D,0x7E,0x55,0x52,0x55,0x7E,0x39,0x10,0x11,0x70,0x7F,0x30,0x11,0x38,0x11,0x66,0x11,0x40,0x00,0x00,0x00,0x00}, // 1033 鞭
    {0x02,0x60,0x3E,0x60,0x20,0x40,0x20,0x7E,0x20,0xC4,0x3E,0x84,0x25,0xA0,0x24,0x20,0x24,0x30,0x24,0x30,0x24,0x70,0x64,0x58,0x44,0x8C,0x43,0x07,0x00,0x00,0x00,0x00}, // 1034 欣
    {0x27,0xD0,0x24,0xD0,0x27,0xFE,0x04,0xE4,0x07,0xE4,0x63,0x14,0x2F,0xD4,0x22,0x08,0x23,0x8C,0x24,0x94,0x2D,0xA2,0x38,0x00,0x4F,0xFE,0x00,0x00,0x00,0x00,0x00,0x00}, // 1035 邀
    {0x00,0xC0,0x1F,0xFE,0x50,0x00,0x73,0x00,0x33,0xFC,0x16,0x40,0x34,0x40,0x70,0x40,0x17,0xFE,0x10,0xE0,0x30,0xB0,0x23,0x18,0x6E,0x06,0x00,0x00,0x00,0x00,0x00,0x00}, // 1036 疾
    {0x08,0x40,0x08,0x40,0x7D,0xF8,0x08,0x48,0x1D,0xC8,0x68,0xE8,0x09,0x8A,0x3B,0x0E,0x21,0x04,0x3F,0xF8,0x03,0x08,0x02,0x08,0x0C,0x08,0x78,0x70,0x00,0x00,0x00,0x00}, // 1037 势
    {0x02,0x7C,0x3F,0x80,0x73,0x18,0x01,0x60,0x01,0xC6,0x3E,0x7C,0x20,0x0C,0x7F,0xFE,0x06,0x40,0x06,0x40,0x04,0x40,0x0C,0x46,0x78,0x7C,0x00,0x00,0x00,0x00,0x00,0x00}, // 1038 尧
    {0x08,0xC0,0x00,0xFE,0x7E,0x80,0x11,0xFE,0x11,0xFE,0x1C,0x16,0x34,0x90,0x34,0x9E,0x24,0x90,0x24,0x90,0x65,0xD0,0x5D,0x70,0x42,0x3E,0x02,0x00,0x00,0x00,0x00,0x00}, // 1039 旋
    {0x01,0xF8,0x79,0x10,0x4B,0xFE,0x4A,0x4C,0x7A,0x94,0x4A,0xFE,0x4A,0x00,0x7A,0xFE,0x4A,0x00,0x4A,0xFE,0x7A,0xFE,0x46,0x82,0x04,0xFE,0x00,0x82,0x00,0x00,0x00,0x00}, // 1040 瞻
    {0x19,0xFC,0x11,0x04,0x31,0x04,0x31,0x04,0x71,0xFC,0x50,0x20,0x11,0x20,0x11,0x3C,0x13,0x20,0x13,0x20,0x13,0xA0,0x16,0xE0,0x14,0x3E,0x00,0x00,0x00,0x00,0x00,0x00}, // 1041 促
    {0x00,0x80,0x3F,0xFE,0x20,0x40,0x20,0x40,0x20,0x40,0x27,0xFC,0x24,0x44,0x24,0x44,0x27,0xFC,0x24,0x44,0x24,0x44,0x67,0xFC,0x44,0x04,0x00,0x00,0x00,0x00,0x00,0x00}, // 1042 庙
    {0x1F,0xF8,0x10,0x18,0x13,0xB0,0x10,0x00,0x1F,0xFC,0x01,0x04,0x01,0x1C,0x7F,0xFE,0x7F,0xFE,0x06,0x88,0x1C,0x58,0x75,0x20,0x07,0x1E,0x00,0x02,0x00,0x00,0x00,0x00}, // 1043 袅
    {0x7F,0xFE,0x40,0x02,0x42,0x42,0x1F,0xF8,0x1F,0xF8,0x10,0x18,0x1F,0xF8,0x10,0x18,0x1F,0xF8,0x01,0x00,0x3F,0xFC,0x06,0x60,0x3C,0x1E,0x00,0x02,0x00,0x00,0x00,0x00}, // 1044 寞
    {0x08,0x00,0x08,0x00,0x08,0xFE,0x7E,0x10,0x4A,0x10,0x4A,0x10,0x4A,0x10,0x4A,0x10,0x7E,0x10,0x48,0x10,0x0A,0x10,0x0A,0x10,0x3E,0x10,0x63,0xFE,0x00,0x00,0x00,0x00}, // 1045 虹
    {0x20,0x24,0x10,0x24,0x07,0xFE,0x00,0x20,0x70,0x20,0x13,0xA0,0x13,0xA0,0x11,0x30,0x11,0x10,0x15,0x10,0x19,0xDA,0x37,0x8A,0x00,0x0E,0x00,0x00,0x00,0x00,0x00,0x00}, // 1046 试
    {0x1F,0xFC,0x1F,0xFC,0x10,0x0C,0x1F,0xFC,0x10,0x00,0x10,0x00,0x17,0xFC,0x30,0x00,0x30,0x00,0x2F,0xFE,0x21,0x80,0x21,0x18,0x62,0x08,0x47,0xFC,0x00,0x04,0x00,0x00}, // 1047 层
    {0x1C,0xFC,0x13,0x08,0x21,0x38,0x5E,0x30,0x08,0x10,0x7E,0xFE,0x7E,0x12,0x08,0x16,0x3F,0x10,0x23,0x10,0x23,0x10,0x3F,0x10,0x23,0x70,0x00,0x60,0x00,0x00,0x00,0x00}, // 1048 舒
    {0x01,0x80,0x7F,0xFE,0x7F,0xFE,0x01,0x80,0x01,0x80,0x3F,0xF8,0x31,0x88,0x31,0x88,0x31,0x88,0x31,0x88,0x31,0x88,0x31,0xB8,0x01,0x80,0x01,0x80,0x00,0x00,0x00,0x00}, // 1049 市
    {0x3F,0xFC,0x00,0x0C,0x00,0x0C,0x1F,0xFC,0x1F,0xFC,0x10,0x00,0x30,0x00,0x3F,0xFC,0x00,0x04,0x00,0x04,0x00,0x0C,0x00,0x0C,0x00,0xF8,0x00,0xC0,0x00,0x00,0x00,0x00}, // 1050 弓
    {0x1F,0x7E,0x34,0x48,0x66,0xCC,0x08,0x80,0x0C,0x08,0x18,0x08,0x1B,0xFE,0x38,0x08,0x59,0x88,0x18,0x88,0x18,0x88,0x18,0x08,0x18,0x38,0x18,0x20,0x00,0x00,0x00,0x00}, // 1051 符
    {0x10,0x00,0x13,0xDE,0x12,0x52,0x11,0x42,0x39,0xDE,0x12,0x52,0x39,0xA0,0x35,0xFE,0x33,0x10,0x53,0xFE,0x55,0x10,0x11,0xFE,0x11,0x10,0x11,0xFE,0x00,0x00,0x00,0x00}, // 1052 櫂
    {0x79,0x00,0x4B,0xFE,0x4A,0x02,0x57,0x82,0x51,0xF2,0x52,0x42,0x58,0x42,0x4B,0xFA,0x48,0x52,0x4A,0x52,0x5A,0x52,0x43,0xF2,0x40,0x1E,0x40,0x08,0x00,0x00,0x00,0x00}, // 1053 陶
    {0x10,0x48,0x10,0x10,0x7C,0xFE,0x54,0xB6,0x54,0xB6,0x54,0xFE,0x7C,0xB6,0x54,0xFE,0x50,0x30,0x16,0x30,0x1F,0xFE,0x62,0x30,0x00,0x30,0x00,0x30,0x00,0x00,0x00,0x00}, // 1054 蝉
    {0x7F,0x20,0x0C,0x60,0x0C,0x7E,0x0C,0xC8,0x2C,0x88,0x2F,0x48,0x2C,0x48,0x2C,0x68,0x2C,0x38,0x2F,0x30,0x3E,0x30,0x60,0xCC,0x03,0x86,0x00,0x00,0x00,0x00,0x00,0x00}, // 1055 政
    {0x1F,0x7E,0x24,0x48,0x64,0xCC,0x46,0x00,0x3F,0xF8,0x31,0x00,0x01,0x1C,0x3F,0xFC,0x01,0x00,0x7F,0xFE,0x41,0x00,0x01,0x02,0x01,0xFE,0x00,0x00,0x00,0x00,0x00,0x00}, // 1056 笔
    {0x18,0x20,0x18,0x20,0x18,0x20,0x18,0x20,0x7E,0x20,0x19,0xFE,0x18,0x20,0x3C,0x20,0x3E,0x20,0x58,0x20,0x58,0x20,0x18,0x20,0x1B,0xFE,0x18,0x00,0x00,0x00,0x00,0x00}, // 1057 杜
    {0x00,0x20,0x00,0x20,0x7C,0x20,0x44,0x20,0x44,0x20,0x45,0xFC,0x44,0x20,0x44,0x20,0x44,0x20,0x44,0x20,0x7C,0x20,0x44,0x20,0x40,0x20,0x03,0xFE,0x00,0x00,0x00,0x00}, // 1058 吐
    {0x00,0x20,0x33,0x20,0x1A,0x20,0x03,0xFC,0x06,0x20,0x60,0x20,0x37,0xFE,0x00,0x90,0x00,0x90,0x11,0x90,0x31,0x10,0x21,0x10,0x23,0x12,0x66,0x1E,0x00,0x00,0x00,0x00}, // 1059 洗
    {0x67,0x98,0x24,0xFE,0x24,0xA4,0x07,0xB4,0x64,0x04,0x64,0x7E,0x2F,0x98,0x2E,0x98,0x2E,0xFE,0x3E,0x98,0x27,0x98,0x38,0x18,0x47,0xFE,0x00,0x00,0x00,0x00,0x00,0x00}, // 1060 避
    {0x10,0xD8,0x10,0x80,0x7C,0xFE,0x55,0x90,0x55,0x90,0x54,0xFE,0x54,0x90,0x54,0x90,0x54,0xFE,0x5C,0x90,0x50,0x90,0x10,0xFE,0x10,0x80,0x00,0x80,0x00,0x00,0x00,0x00}, // 1061 帷
    {0x10,0x98,0x11,0x00,0x7D,0xFE,0x7F,0x10,0x17,0x10,0x11,0xFE,0x1D,0x10,0x71,0x10,0x51,0xFE,0x11,0x10,0x11,0x10,0x11,0xFE,0x71,0x00,0x01,0x00,0x00,0x00,0x00,0x00}, // 1062 推
    {0x08,0x00,0x1B,0xFC,0x12,0x24,0x33,0xFC,0x32,0x24,0x73,0xFC,0x53,0xFC,0x10,0x20,0x17,0xFE,0x14,0x22,0x14,0x2A,0x15,0xFA,0x14,0x02,0x14,0x06,0x10,0x00,0x00,0x00}, // 1063 偶
    {0x04,0x20,0x04,0x40,0x1F,0xF8,0x11,0x88,0x1F,0xF8,0x1F,0xF8,0x11,0x88,0x1F,0xF8,0x01,0x80,0x01,0x80,0x7F,0xFE,0x01,0x80,0x01,0x80,0x01,0x80,0x00,0x00,0x00,0x00}, // 1064 单
    {0x00,0xC0,0x00,0xD8,0x7C,0xCC,0x04,0xC0,0x04,0x5E,0x67,0xF0,0x2E,0x48,0x18,0x48,0x18,0x58,0x1C,0x70,0x14,0x30,0x36,0x70,0x60,0xDA,0x43,0x8E,0x00,0x04,0x00,0x00}, // 1065 戏
    {0x3F,0xFC,0x21,0x84,0x21,0x84,0x21,0x84,0x3F,0xFC,0x21,0x84,0x21,0x84,0x3F,0xFC,0x3F,0xFC,0x01,0x80,0x01,0x80,0x01,0x80,0x01,0x80,0x01,0x80,0x00,0x00,0x00,0x00}, // 1066 甲
    {0x18,0x40,0x10,0x40,0x13,0xFC,0x32,0x04,0x32,0x04,0x52,0x04,0x53,0xFC,0x12,0x04,0x12,0x04,0x12,0x04,0x12,0x04,0x13,0xFC,0x12,0x04,0x10,0x00,0x00,0x00,0x00,0x00}, // 1067 伯
    {0x00,0x00,0x1F,0xF8,0x00,0x30,0x06,0x40,0x01,0x80,0x00,0x80,0x7F,0xFE,0x01,0x86,0x01,0x84,0x01,0x80,0x01,0x80,0x01,0x80,0x01,0x80,0x03,0x80,0x02,0x00,0x00,0x00}, // 1068 予
    {0x11,0xFE,0x19,0x00,0x01,0x00,0x01,0x00,0x79,0xFC,0x11,0x04,0x11,0x04,0x11,0x04,0x11,0xFC,0x15,0x00,0x1D,0x00,0x19,0x00,0x11,0xFE,0x00,0x00,0x00,0x00,0x00,0x00}, // 1069 讵
    {0x18,0xD8,0x13,0xFE,0x12,0x22,0x32,0xAA,0x72,0xBA,0x53,0xFE,0x10,0x00,0x11,0xFC,0x11,0x04,0x11,0x04,0x11,0xFC,0x11,0x04,0x11,0xFC,0x11,0x04,0x00,0x00,0x00,0x00}, // 1070 僧
    {0x1F,0xF8,0x1F,0xF8,0x10,0x18,0x1F,0xF8,0x00,0x00,0x7F,0xFE,0x11,0x00,0x1F,0xF8,0x11,0x48,0x1F,0x48,0x11,0xB0,0x7F,0x38,0x01,0x4E,0x00,0x00,0x00,0x00,0x00,0x00}, // 1071 最
    {0x01,0x80,0x21,0x84,0x3F,0xFC,0x00,0x00,0x01,0x80,0x7F,0xFE,0x60,0x06,0x6F,0xF6,0x00,0x00,0x7F,0xFE,0x01,0x80,0x09,0x90,0x19,0x98,0x63,0x86,0x02,0x00,0x00,0x00}, // 1072 崇
    {0x01,0x80,0x01,0x80,0x01,0x80,0x3F,0xFC,0x21,0x84,0x21,0x84,0x21,0x84,0x21,0x84,0x21,0x84,0x21,0x84,0x21,0x8C,0x21,0x9C,0x01,0x80,0x01,0x80,0x00,0x00,0x00,0x00}, // 1073 巾
    {0x00,0x00,0x7F,0xFE,0x60,0x06,0x6C,0x06,0x0C,0x00,0x0F,0xF8,0x08,0x00,0x08,0x00,0x0F,0xFC,0x00,0x0C,0x00,0x0C,0x3F,0xEC,0x00,0x08,0x00,0x38,0x00,0x00,0x00,0x00}, // 1074 写
    {0x00,0xC0,0x1F,0xFE,0x10,0x00,0x10,0x40,0x10,0x40,0x1F,0xFC,0x30,0xC0,0x30,0xE0,0x20,0xA0,0x21,0x30,0x23,0x18,0x66,0x0C,0x4C,0x06,0x08,0x00,0x00,0x00,0x00,0x00}, // 1075 庆
    {0x7F,0xFE,0x04,0x20,0x20,0x08,0x30,0x44,0x17,0xFE,0x40,0x40,0x67,0xFC,0x06,0x44,0x17,0xFC,0x16,0x44,0x37,0xFC,0x26,0x44,0x66,0x4C,0x06,0x08,0x00,0x00,0x00,0x00}, // 1076 蒲
    {0x3F,0xFC,0x22,0xCC,0x56,0xDA,0x0C,0x7E,0x32,0x00,0x4F,0xF8,0x08,0x10,0x09,0x30,0x09,0x00,0x0F,0xFC,0x00,0x04,0x7F,0xE4,0x00,0x0C,0x00,0x18,0x00,0x00,0x00,0x00}, // 1077 鸳
    {0x18,0x20,0x17,0xFE,0x36,0x00,0x36,0xC4,0x76,0x84,0x56,0xBE,0x57,0x84,0x15,0xA4,0x14,0xA4,0x14,0x94,0x14,0x84,0x1C,0x84,0x10,0x9C,0x10,0x90,0x00,0x00,0x00,0x00}, // 1078 俯
    {0x00,0x00,0x7F,0xFE,0x01,0x80,0x01,0x00,0x3F,0xFC,0x3F,0xFC,0x22,0x44,0x22,0x44,0x22,0x44,0x22,0x44,0x22,0x44,0x22,0x44,0x22,0x44,0x20,0x1C,0x00,0x00,0x00,0x00}, // 1079 而
    {0x02,0x00,0x3E,0x78,0x20,0x48,0x3E,0xC8,0x22,0x8E,0x3E,0x80,0x22,0x00,0x3E,0xFC,0x20,0x4C,0x3E,0x48,0x22,0x28,0x22,0x30,0x62,0x38,0x4F,0xC6,0x40,0x00,0x00,0x00}, // 1080 殷
    {0x04,0x60,0x04,0x60,0x7F,0xFE,0x04,0x60,0x00,0x00,0x1F,0xF8,0x01,0x00,0x01,0x00,0x7F,0xFE,0x02,0x40,0x02,0x40,0x04,0x40,0x0C,0x46,0x70,0x7C,0x20,0x00,0x00,0x00}, // 1081 芜
    {0x10,0x00,0x11,0xFC,0x10,0x00,0x10,0x00,0x7C,0x00,0x10,0x00,0x13,0xFE,0x10,0x60,0x10,0x40,0x10,0x48,0x1C,0x88,0x70,0x8C,0x41,0x7C,0x01,0xC6,0x00,0x00,0x00,0x00}, // 1082 坛
    {0x3F,0xFC,0x01,0x00,0x06,0xF8,0x38,0x0C,0x7F,0xFE,0x40,0x02,0x48,0x82,0x1F,0xF8,0x30,0x80,0x00,0x80,0x7F,0xFE,0x00,0x80,0x00,0x80,0x00,0x80,0x00,0x00,0x00,0x00}, // 1083 牵
    {0x00,0x00,0x7B,0xDC,0x4A,0x44,0x4A,0x44,0x4B,0xDC,0x4A,0x00,0x7A,0x00,0x4B,0xFE,0x4A,0x14,0x4B,0xD4,0x7B,0xD4,0x4A,0x08,0x42,0x1C,0x02,0x67,0x02,0x02,0x00,0x00}, // 1084 暇
    {0x3F,0xFC,0x30,0x04,0x30,0x04,0x3F,0xFC,0x30,0x10,0x33,0x10,0x3F,0xFC,0x3F,0xFC,0x21,0x10,0x2F,0xFE,0x21,0x10,0x61,0x10,0x62,0x10,0x06,0x10,0x04,0x00,0x00,0x00}, // 1085 屏
    {0x18,0x20,0x10,0x20,0x7E,0xAC,0x16,0xA4,0x34,0xA2,0x25,0xA2,0x25,0x24,0x25,0x24,0x18,0x2C,0x0C,0x18,0x16,0x30,0x60,0x60,0x43,0xC0,0x00,0x00,0x00,0x00,0x00,0x00}, // 1086 妙
    {0x01,0x80,0x3F,0xFC,0x00,0x20,0x0C,0x30,0x04,0x20,0x7F,0xFE,0x7F,0xFE,0x01,0x80,0x01,0x80,0x3F,0xFC,0x01,0x80,0x01,0x80,0x01,0x80,0x01,0x80,0x00,0x00,0x00,0x00}, // 1087 辛
    {0x10,0x00,0x11,0xFC,0x11,0x04,0x7D,0x14,0x11,0x94,0x11,0x64,0x39,0x64,0x35,0x24,0x73,0x64,0x52,0x54,0x12,0x94,0x13,0x96,0x14,0x06,0x14,0x06,0x00,0x00,0x00,0x00}, // 1088 枫
    {0x10,0x00,0x10,0x00,0x11,0xFE,0x10,0x66,0x12,0x66,0x7E,0x66,0x10,0x46,0x10,0x44,0x10,0x44,0x16,0xC4,0x1C,0x84,0x39,0x84,0x03,0x04,0x06,0x1C,0x00,0x00,0x00,0x00}, // 1089 切
    {0x00,0xC0,0x1F,0xFE,0x10,0x00,0x17,0xFC,0x16,0x60,0x16,0x60,0x16,0x20,0x17,0xFE,0x36,0x20,0x26,0xA0,0x27,0x90,0x67,0x9A,0x44,0xCE,0x00,0x00,0x00,0x00,0x00,0x00}, // 1090 底
    {0x00,0x38,0x1F,0xC0,0x00,0x80,0x7F,0xFE,0x02,0xE0,0x04,0xB0,0x38,0x9C,0x62,0x06,0x02,0x00,0x7F,0xFE,0x04,0x20,0x07,0xC0,0x01,0xF0,0x7E,0x1C,0x20,0x00,0x00,0x00}, // 1091 委
    {0x08,0x60,0x7E,0x7C,0x08,0x88,0x09,0x88,0x08,0x7E,0x7F,0x06,0x08,0x06,0x28,0x7E,0x2E,0x06,0x28,0x06,0x38,0xFE,0x4C,0x00,0x43,0xFE,0x00,0x00,0x00,0x00,0x00,0x00}, // 1092 趋
    {0x63,0xDE,0x6A,0x52,0x6A,0x52,0x6B,0xD2,0x6A,0x52,0x6A,0x52,0x6B,0xD2,0x7A,0x12,0x4A,0xD2,0x12,0x56,0x13,0xD0,0x32,0x50,0x60,0x10,0x00,0x10,0x00,0x00,0x00,0x00}, // 1093 卿
    {0x34,0x20,0x7F,0x5C,0x34,0x54,0x34,0x54,0x34,0x4C,0xFF,0x48,0x00,0x40,0x3E,0x7E,0x22,0x02,0x3E,0xFA,0x22,0x02,0x22,0x02,0x3E,0x0E,0x00,0x08,0x00,0x00,0x00,0x00}, // 1094 鹊
    {0x08,0x08,0x3F,0x08,0x21,0x08,0x3F,0xFE,0x21,0x08,0x3F,0x08,0x21,0x48,0x21,0x68,0x7F,0x08,0x0D,0x08,0x09,0x08,0x31,0x08,0x67,0x38,0x00,0x00,0x00,0x00,0x00,0x00}, // 1095 射
    {0x3F,0xFC,0x31,0x8C,0x31,0x8C,0x3F,0xFC,0x31,0x8C,0x3F,0xFC,0x06,0x38,0x1F,0xC0,0x03,0x18,0x1F,0xFC,0x39,0x80,0x0D,0xB0,0x39,0x9C,0x23,0x84,0x02,0x00,0x00,0x00}, // 1096 累
    {0x3E,0x7C,0x22,0x44,0x22,0x44,0x3E,0x7C,0x00,0x00,0x01,0x90,0x01,0x10,0x7F,0xFE,0x01,0x80,0x03,0x40,0x06,0x20,0x1C,0x1C,0x70,0x0E,0x00,0x00,0x00,0x00,0x00,0x00}, // 1097 哭
    {0x7D,0xFE,0x10,0x30,0x10,0x20,0x10,0x20,0x7C,0x68,0x10,0x68,0x10,0xE4,0x10,0xA6,0x1D,0x22,0x73,0x20,0x42,0x20,0x00,0x20,0x00,0x20,0x00,0x20,0x00,0x00,0x00,0x00}, // 1098 环
    {0x0F,0xE0,0x18,0x40,0x3F,0xF8,0x51,0x88,0x1F,0xF8,0x1F,0xF8,0x00,0x00,0x7F,0xFE,0x1F,0xF8,0x10,0x08,0x1F,0xF8,0x10,0x08,0x1F,0xF8,0x10,0x08,0x00,0x00,0x00,0x00}, // 1099 鲁
    {0x01,0x80,0x3F,0xFC,0x20,0x04,0x20,0x04,0x0F,0xF0,0x00,0x00,0x00,0x00,0x7F,0xFE,0x01,0x80,0x09,0x90,0x19,0x98,0x31,0x8C,0x23,0x04,0x02,0x00,0x00,0x00,0x00,0x00}, // 1100 宗
    {0x3F,0x7E,0x24,0x48,0x64,0xC8,0x44,0x8C,0x18,0x80,0x18,0x80,0x1F,0xFC,0x30,0x80,0x20,0x80,0x0F,0xF8,0x00,0x80,0x00,0x80,0x7F,0xFE,0x00,0x00,0x00,0x00,0x00,0x00}, // 1101 笙
    {0x00,0x04,0x7B,0xFE,0x48,0x20,0x49,0x24,0x49,0x24,0x49,0x24,0x49,0x24,0x48,0x20,0x7B,0xFE,0x78,0x20,0x48,0x20,0x40,0x20,0x00,0x20,0x00,0xE0,0x00,0x80,0x00,0x00}, // 1102 呼
    {0x32,0x26,0x1B,0x24,0x01,0x24,0x00,0x20,0x63,0xFE,0x32,0x06,0x03,0xFE,0x03,0xFE,0x12,0x06,0x33,0xFE,0x22,0x06,0x22,0x06,0x62,0x0E,0x22,0x08,0x00,0x00,0x00,0x00}, // 1103 消
    {0x00,0xC0,0x30,0xC0,0x17,0xFE,0x00,0x80,0x07,0xFC,0x60,0x80,0x20,0x80,0x0F,0xFE,0x11,0x08,0x11,0xFE,0x32,0x08,0x26,0x88,0x6C,0x48,0x40,0x38,0x00,0x00,0x00,0x00}, // 1104 涛
    {0x1F,0xC2,0x11,0x12,0x33,0x12,0x32,0x52,0x77,0xD2,0xD5,0x52,0x11,0x12,0x17,0xD2,0x11,0x12,0x11,0x12,0x11,0x42,0x17,0xC2,0x10,0x0E,0x10,0x00,0x00,0x00,0x00,0x00}, // 1105 倒
    {0x06,0x20,0x3F,0xFC,0x01,0x00,0x1F,0xF8,0x01,0x00,0x7F,0xFC,0x02,0x40,0x04,0x20,0x1A,0x38,0x66,0x26,0x04,0x20,0x04,0x20,0x18,0x20,0x10,0x20,0x00,0x00,0x00,0x00}, // 1106 养
    {0x10,0xD4,0x11,0x96,0x7C,0x90,0x54,0x90,0x57,0xFE,0x54,0x90,0x7C,0x94,0x54,0xF4,0x13,0x8C,0x14,0x88,0x14,0x98,0x7E,0xBE,0x41,0x86,0x01,0x00,0x00,0x00,0x00,0x00}, // 1107 蛾
    {0x00,0x80,0x7F,0xFE,0x40,0x02,0x1F,0xF8,0x10,0x80,0x10,0x80,0x1F,0xF8,0x10,0x08,0x10,0x08,0x1F,0xF8,0x10,0x80,0x10,0x80,0x1F,0xFE,0x00,0x00,0x00,0x00,0x00,0x00}, // 1108 宦
    {0x3F,0x7E,0x64,0xC8,0x44,0x00,0x3E,0xFC,0x28,0xB0,0x3E,0xFE,0x15,0x28,0x36,0xCE,0x40,0x80,0x1F,0x78,0x1F,0xF8,0x18,0x08,0x1F,0xF8,0x18,0x08,0x00,0x00,0x00,0x00}, // 1109 簪
    {0x0C,0x20,0x0C,0x20,0x7F,0xFE,0x0C,0x20,0x0D,0x20,0x01,0x00,0x3F,0xF0,0x01,0x10,0x13,0x1C,0x32,0x14,0x26,0x32,0x44,0x30,0x0C,0x30,0x30,0xE0,0x00,0x00,0x00,0x00}, // 1110 苏
    {0x3F,0xFE,0x3F,0xFC,0x20,0x44,0x20,0x44,0x2F,0xF4,0x20,0xC4,0x21,0xC4,0x23,0x44,0x22,0x44,0x2C,0x44,0x29,0xC4,0x20,0x04,0x3F,0xFC,0x20,0x04,0x00,0x00,0x00,0x00}, // 1111 团
    {0x08,0x20,0x08,0xA0,0x3F,0x20,0x09,0x3E,0x7F,0xC4,0x7F,0xC4,0x08,0xCC,0x3F,0xA8,0x66,0x28,0x04,0xA8,0x3F,0x90,0x64,0x38,0x04,0x6C,0x1D,0x86,0x01,0x00,0x00,0x00}, // 1112 教
    {0x00,0x40,0x30,0x40,0x18,0x40,0x00,0xC0,0x07,0xFE,0x67,0xFE,0x11,0x88,0x01,0x08,0x01,0x18,0x11,0x90,0x30,0x70,0x20,0x78,0x60,0xCE,0x67,0x82,0x02,0x00,0x00,0x00}, // 1113 汝
    {0x04,0x20,0x04,0x20,0x7F,0xFE,0x04,0x20,0x01,0x80,0x1F,0xFC,0x1F,0xFC,0x01,0x00,0x7F,0xFE,0x01,0xC0,0x03,0x40,0x02,0x60,0x0C,0x38,0x78,0x0E,0x00,0x00,0x00,0x00}, // 1114 芙
    {0x1F,0xF8,0x11,0x88,0x11,0x88,0x1F,0xF8,0x11,0x88,0x11,0x88,0x1F,0xF8,0x01,0x80,0x7F,0xFE,0x03,0xE0,0x05,0xB0,0x19,0x98,0x71,0x8E,0x01,0x80,0x00,0x00,0x00,0x00}, // 1115 果
    {0x7B,0xFE,0x4A,0x02,0x49,0xFC,0x49,0x04,0x79,0xFC,0x79,0x04,0x49,0xFC,0x48,0x60,0x48,0x20,0x7B,0xFE,0x48,0x88,0x41,0xCC,0x07,0x06,0x00,0x02,0x00,0x00,0x00,0x00}, // 1116 暝
    {0x04,0x20,0x7F,0xFE,0x04,0x20,0x7F,0xFE,0x42,0x26,0x06,0x60,0x1F,0xC0,0x03,0x10,0x0C,0x38,0x1F,0xC4,0x01,0xB0,0x1D,0x9C,0x33,0x84,0x02,0x00,0x00,0x00,0x00,0x00}, // 1117 萦
    {0x00,0x18,0x3F,0xFC,0x01,0x18,0x19,0x98,0x08,0x30,0x7F,0xFE,0x60,0x06,0x60,0x06,0x0F,0xF0,0x04,0x20,0x02,0x60,0x03,0xC0,0x03,0xC0,0x3C,0x3C,0x00,0x00,0x00,0x00}, // 1118 受
    {0x18,0x20,0x08,0x40,0x7F,0x7E,0x10,0x4C,0x10,0xCC,0x1E,0xC8,0x12,0x48,0x12,0x28,0x12,0x28,0x32,0x30,0x22,0x30,0x62,0x68,0x4F,0xC6,0x00,0x02,0x00,0x00,0x00,0x00}, // 1119 放
    {0x7F,0xFE,0x02,0x40,0x02,0x40,0x3F,0xFC,0x32,0x4C,0x32,0x4C,0x3F,0xFC,0x01,0x00,0xFF,0xFE,0x06,0x20,0x0C,0x60,0x07,0xC0,0x01,0xF8,0x7E,0x0E,0x20,0x00,0x00,0x00}, // 1120 要
    {0x13,0x22,0x13,0x22,0x7F,0xFE,0x11,0xA0,0x11,0x20,0x1F,0xFE,0x33,0x20,0x55,0xFC,0x11,0x20,0x11,0xFE,0x11,0x20,0x11,0xFE,0x71,0x00,0x01,0x00,0x00,0x00,0x00,0x00}, // 1121 摧
    {0x18,0x40,0x12,0x48,0x12,0x68,0x33,0x18,0x71,0x10,0x51,0x10,0x11,0x90,0x10,0xA0,0x10,0xE0,0x10,0xE0,0x11,0xB0,0x13,0x0E,0x16,0x06,0x10,0x00,0x00,0x00,0x00,0x00}, // 1122 仪
    {0x23,0xFC,0x20,0x10,0x20,0x90,0x7F,0xFE,0x20,0x00,0x23,0xFC,0x22,0x04,0x23,0xFC,0x22,0x04,0x3B,0xFC,0x40,0xA0,0x01,0x22,0x0E,0x3E,0x08,0x00,0x00,0x00,0x00,0x00}, // 1123 境
    {0x00,0x40,0x7E,0x48,0x62,0x48,0x62,0x5C,0x6B,0xE0,0x6A,0x40,0x6A,0x5E,0x6B,0xE0,0x72,0x24,0x72,0x28,0x10,0x30,0x14,0x30,0x20,0xDA,0x63,0x0E,0x00,0x00,0x00,0x00}, // 1124 贱
    {0x00,0x20,0x3E,0x60,0x08,0xFC,0x7E,0x94,0x18,0xFC,0x1C,0xA4,0x6A,0xA4,0x10,0xFC,0x7E,0x34,0x12,0x58,0x24,0x5E,0x1C,0x9A,0x1B,0x92,0x73,0x1E,0x00,0x00,0x00,0x00}, // 1125 魏
    {0x18,0xC0,0x1E,0xFE,0x30,0x82,0x61,0x02,0x5D,0x62,0x18,0x46,0x18,0x56,0x3E,0x96,0x18,0x96,0x18,0xFE,0x1E,0x06,0x1C,0x06,0x10,0x1C,0x00,0x10,0x00,0x00,0x00,0x00}, // 1126 钩
    {0x23,0xFC,0x33,0x04,0x13,0xFC,0x03,0x04,0x03,0x04,0x73,0xFC,0x31,0x00,0x33,0xFE,0x36,0x22,0x36,0x72,0x32,0xCA,0x3A,0x02,0x3B,0xF2,0x30,0x0E,0x00,0x0C,0x00,0x00}, // 1127 谒
    {0x01,0x80,0x7F,0xFE,0x0C,0x20,0x04,0x60,0x3F,0xFC,0x22,0x44,0x22,0x64,0x2C,0x14,0x23,0xE4,0x22,0x64,0x23,0xE4,0x20,0x04,0x20,0x1C,0x20,0x10,0x00,0x00,0x00,0x00}, // 1128 商
    {0x00,0x80,0x3F,0xFC,0x20,0x40,0x26,0x48,0x24,0x48,0x26,0x5C,0x29,0x56,0x29,0x60,0x2F,0xFC,0x20,0x40,0x20,0x40,0x60,0x40,0x5F,0xFE,0x00,0x00,0x00,0x00,0x00,0x00}, // 1129 座
    {0x1F,0xF8,0x10,0x08,0x10,0x08,0x10,0x08,0x1F,0xF8,0x10,0x08,0x10,0x08,0x10,0x08,0x1F,0xF8,0x00,0x00,0x00,0x00,0x00,0x00,0x7F,0xFE,0x00,0x00,0x00,0x00,0x00,0x00}, // 1130 旦
    {0x03,0x48,0x63,0x48,0x37,0xFE,0x03,0x48,0x03,0x48,0x60,0x00,0x2F,0xFE,0x0C,0x62,0x03,0xFC,0x22,0x64,0x22,0x64,0x22,0x64,0x62,0x7C,0x40,0x60,0x00,0x60,0x00,0x00}, // 1131 滞
    {0x3F,0xFC,0x01,0x8C,0x09,0x08,0x19,0x08,0x13,0x08,0x06,0x08,0x3C,0x38,0x01,0x80,0x24,0x88,0x24,0x44,0x64,0x02,0x44,0x10,0x07,0xF0,0x00,0x00,0x00,0x00,0x00,0x00}, // 1132 忍
    {0x27,0x90,0x14,0x90,0x07,0x9E,0x44,0xA4,0x27,0xA4,0x00,0x64,0x03,0x14,0x1F,0xD4,0x22,0x18,0x27,0x98,0x64,0x98,0x4D,0xB4,0x19,0x66,0x00,0x02,0x00,0x00,0x00,0x00}, // 1133 激
    {0x07,0xF0,0x04,0x10,0x07,0xF0,0x24,0x16,0x27,0xF6,0x24,0x16,0x27,0xF6,0x20,0x06,0x3E,0x7E,0x02,0x40,0x7E,0x7C,0x12,0x44,0x32,0x44,0x62,0x44,0x02,0x00,0x00,0x00}, // 1134 鼎
    {0x01,0x80,0x7F,0xFE,0x40,0x02,0x4F,0xF0,0x00,0x00,0x1F,0xF8,0x18,0x18,0x1F,0xF8,0x1F,0xF8,0x18,0x18,0x1F,0xF8,0x00,0x00,0x7F,0xFE,0x00,0x00,0x00,0x00,0x00,0x00}, // 1135 宣
    {0x3D,0xFC,0x2D,0x84,0x29,0xFC,0x29,0x84,0x29,0x84,0x29,0xFC,0x25,0xA0,0x25,0xA6,0x25,0xB8,0x2D,0x90,0x21,0x98,0x21,0xEC,0x21,0x86,0x00,0x00,0x00,0x00,0x00,0x00}, // 1136 限
    {0x24,0xFC,0x3D,0x78,0x08,0x78,0x2D,0x86,0x28,0xF8,0x7E,0xF8,0x02,0x00,0x1D,0xF0,0x13,0xB0,0x1F,0xFC,0x00,0x04,0x7F,0xE4,0x00,0x18,0x00,0x00,0x00,0x00,0x00,0x00}, // 1137 鹭
    {0x08,0x6C,0x18,0x44,0x10,0x44,0x30,0x40,0x37,0xFE,0x50,0x60,0x50,0x60,0x10,0xE0,0x10,0xB0,0x10,0x90,0x11,0x18,0x13,0x0C,0x16,0x06,0x10,0x00,0x00,0x00,0x00,0x00}, // 1138 伏
    {0x3F,0x7E,0x24,0x48,0x64,0xC8,0x44,0xAC,0x02,0x30,0x7F,0xFE,0x7F,0xFE,0x06,0xC0,0x04,0xD8,0x0C,0xF0,0x08,0xC0,0x1F,0xC2,0x62,0xFE,0x40,0x00,0x00,0x00,0x00,0x00}, // 1139 笼
    {0x00,0x4C,0x00,0x40,0x3F,0xFE,0x20,0x60,0x2F,0xA4,0x20,0x24,0x20,0x2C,0x2F,0x28,0x2D,0x38,0x2D,0x10,0x2F,0x32,0x60,0x4A,0x41,0x8E,0x00,0x00,0x00,0x00,0x00,0x00}, // 1140 咸
    {0x7F,0xFE,0x04,0x20,0x01,0x80,0x7F,0xFE,0x60,0x06,0x6D,0xB6,0x1B,0x88,0x06,0x60,0x1C,0x38,0x7F,0xFE,0x08,0x10,0x08,0x10,0x0F,0xF0,0x08,0x10,0x00,0x00,0x00,0x00}, // 1141 蓉
    {0x01,0xFC,0x7D,0x04,0x0D,0x04,0x0D,0xFC,0x7C,0x20,0x60,0x20,0x61,0xFC,0x79,0x24,0x09,0x24,0x09,0xFC,0x09,0x20,0x08,0x24,0x08,0x3E,0x3B,0xC2,0x00,0x00,0x00,0x00}, // 1142 强
    {0x79,0xFC,0x49,0x24,0x49,0xFC,0x59,0x24,0x51,0x24,0x49,0xFC,0x48,0x20,0x47,0xFE,0x4E,0x22,0x5A,0x2A,0x42,0xFA,0x42,0x02,0x42,0x06,0x00,0x00,0x00,0x00,0x00,0x00}, // 1143 隅
    {0x20,0x00,0x33,0xFE,0x10,0x0C,0x00,0x18,0x00,0x20,0x70,0x20,0x10,0x20,0x10,0x20,0x10,0x20,0x10,0x20,0x10,0xE0,0x10,0xC0,0x2C,0x00,0x43,0xFE,0x00,0x00,0x00,0x00}, // 1144 辽
    {0x19,0xFC,0x01,0x0C,0x7D,0x0C,0x0D,0x0C,0x09,0xFC,0x19,0x0C,0x31,0x0C,0x3D,0x0C,0x55,0xFC,0x11,0x0C,0x11,0x0C,0x11,0x0C,0x13,0xFE,0x10,0x00,0x00,0x00,0x00,0x00}, // 1145 祖
    {0x7C,0xC0,0x0C,0x80,0x0C,0xFE,0x7D,0x84,0x43,0x24,0x40,0x20,0x40,0x20,0x7C,0xAC,0x0D,0xA4,0x09,0x26,0x0B,0x22,0x08,0x20,0x38,0x60,0x00,0x00,0x00,0x00,0x00,0x00}, // 1146 弥
    {0x3F,0xFC,0x30,0x04,0x3F,0xFC,0x24,0xFE,0x2D,0x80,0x29,0xFC,0x26,0xFC,0x24,0x84,0x2C,0xFC,0x24,0xFC,0x65,0x88,0x45,0x70,0x44,0xFE,0x05,0x00,0x00,0x00,0x00,0x00}, // 1147 履
    {0x04,0x40,0x04,0x44,0x24,0x5C,0x27,0x60,0x24,0x40,0x24,0x42,0x7F,0x7E,0x01,0x80,0x01,0x80,0x7F,0xFE,0x03,0xC0,0x0D,0xB0,0x39,0x9C,0x61,0x86,0x01,0x80,0x00,0x00}, // 1148 柴
    {0x31,0x08,0x17,0xBC,0x01,0x08,0x4F,0xBE,0x63,0x18,0x06,0xB4,0x0C,0x62,0x03,0xFC,0x12,0x0C,0x33,0xFC,0x22,0x0C,0x62,0x0C,0x43,0xFC,0x02,0x0C,0x00,0x00,0x00,0x00}, // 1149 潜
    {0x7E,0xF8,0x0D,0x88,0x29,0xFE,0x12,0x92,0x00,0xA2,0x7E,0xFE,0x14,0xE4,0x11,0xAC,0x10,0x58,0x11,0xB4,0x12,0x74,0x11,0x92,0x73,0x72,0x20,0x00,0x00,0x00,0x00,0x00}, // 1150 豫
    {0x04,0x20,0x04,0x20,0x7F,0xFE,0x05,0xA0,0x01,0x80,0x3F,0xFC,0x01,0x90,0x09,0xB0,0x09,0x80,0x7F,0xFE,0x05,0xE0,0x0D,0xB8,0x31,0x8E,0x21,0x80,0x01,0x80,0x00,0x00}, // 1151 莱
    {0x00,0x00,0x0C,0x00,0x08,0x00,0x1F,0xFE,0x33,0x26,0x22,0x24,0x42,0x64,0x04,0x44,0x08,0x44,0x30,0x84,0x21,0x84,0x03,0x04,0x06,0x0C,0x0C,0x38,0x00,0x00,0x00,0x00}, // 1152 勿
    {0x7E,0xFC,0x08,0x10,0x7E,0xFC,0x08,0x10,0x08,0x10,0x7E,0xFE,0x00,0x00,0x01,0x30,0x34,0x24,0x24,0xC6,0x65,0x92,0x0E,0x18,0x7F,0xF0,0x00,0x00,0x00,0x00,0x00,0x00}, // 1153 瑟
    {0x11,0xFE,0x3D,0x06,0x21,0x06,0x41,0x76,0x79,0x06,0x11,0x76,0x11,0x56,0x7D,0x56,0x11,0x56,0x11,0x76,0x19,0x06,0x19,0x06,0x31,0x0C,0x01,0x08,0x00,0x00,0x00,0x00}, // 1154 铜
    {0x06,0x00,0x0C,0x30,0x33,0xFC,0x1C,0x04,0x0C,0x00,0x1F,0xF8,0x11,0x80,0x21,0x80,0x7F,0xFE,0x01,0x40,0x02,0x60,0x0C,0x30,0x78,0x1E,0x00,0x02,0x00,0x00,0x00,0x00}, // 1155 矣
    {0x01,0x80,0x09,0xFC,0x09,0xFC,0x09,0x80,0x7F,0xFE,0x00,0x00,0x1F,0xF8,0x18,0x08,0x1F,0xF8,0x1F,0xF8,0x18,0x08,0x1F,0xF8,0x18,0x08,0x18,0x38,0x18,0x20,0x00,0x00}, // 1156 肯
    {0x00,0x80,0x00,0x80,0x00,0x80,0x00,0x80,0x18,0x80,0x18,0xFC,0x18,0x80,0x18,0x80,0x18,0x80,0x18,0x80,0x18,0x80,0x18,0x80,0x7F,0xFE,0x7F,0xFE,0x00,0x00,0x00,0x00}, // 1157 止
    {0x1F,0xFC,0x10,0x0C,0x1F,0xFC,0x10,0x0C,0x1F,0xFC,0x01,0x80,0x7F,0xFE,0x62,0x02,0x03,0x00,0x7F,0xFE,0x0C,0x30,0x07,0xE0,0x01,0xF0,0x7F,0x1E,0x20,0x00,0x00,0x00}, // 1158 晏
    {0x78,0xFE,0x18,0x86,0x18,0x86,0x7E,0xFE,0x7E,0x00,0x18,0x00,0x1D,0xFE,0x3E,0x30,0x7A,0x30,0x58,0xFC,0x18,0x30,0x18,0x30,0x1B,0xFE,0x18,0x00,0x00,0x00,0x00,0x00}, // 1159 程
    {0x03,0xFC,0x30,0x40,0x10,0xC0,0x07,0xFE,0x00,0xA0,0x61,0x90,0x33,0x08,0x06,0xC6,0x0C,0xC0,0x12,0xEC,0x32,0xF4,0x24,0xD6,0x64,0xD2,0x41,0xC0,0x01,0x00,0x00,0x00}, // 1160 添
    {0x7D,0xFC,0x6D,0x0C,0x69,0x0C,0x69,0x0C,0x79,0xFC,0x69,0x0C,0x65,0x0C,0x65,0x0C,0x6D,0xFC,0x69,0x0C,0x61,0x0C,0x61,0x0C,0x67,0xFE,0x00,0x00,0x00,0x00,0x00,0x00}, // 1161 阻
    {0x1F,0xF8,0x10,0x08,0x10,0x08,0x1F,0xF8,0x10,0x08,0x1F,0xF8,0x00,0x00,0x3F,0xFC,0x20,0x04,0x20,0x04,0x3F,0xFC,0x20,0x04,0x3F,0xFC,0x20,0x04,0x00,0x00,0x00,0x00}, // 1162 昌
    {0x61,0x10,0x11,0x10,0x0F,0xFE,0x00,0x00,0x62,0x18,0x26,0x10,0x05,0xB6,0x0F,0x3C,0x39,0x0C,0x22,0x08,0x26,0x9C,0x67,0x96,0x4E,0xBE,0x00,0x22,0x00,0x00,0x00,0x00}, // 1163 滋
    {0x10,0xA4,0x13,0xFE,0x7C,0xA4,0x54,0xA4,0x54,0xBC,0x54,0xFE,0x7C,0x30,0x54,0x30,0x11,0xFE,0x14,0x78,0x1E,0xF8,0x63,0xB6,0x01,0x32,0x00,0x30,0x00,0x00,0x00,0x00}, // 1164 蝶
    {0x3F,0xFC,0x01,0x80,0x09,0xF8,0x09,0x80,0x7F,0xFE,0x08,0x00,0x0F,0xF8,0x08,0x00,0x1F,0xFC,0x00,0x04,0x35,0xA4,0x24,0xA4,0x20,0x1C,0x00,0x00,0x00,0x00,0x00,0x00}, // 1165 焉
    {0x7C,0x60,0x64,0xD0,0x68,0x98,0x69,0x0E,0x7E,0xFA,0x68,0x20,0x6C,0x20,0x67,0xFC,0x64,0x20,0x79,0xA8,0x61,0x2C,0x62,0x26,0x60,0xE0,0x60,0x00,0x00,0x00,0x00,0x00}, // 1166 除
    {0x00,0x00,0x33,0xFC,0x10,0x00,0x00,0x00,0x00,0x00,0x7F,0xFE,0x78,0x80,0x18,0x90,0x19,0x08,0x19,0x1C,0x1B,0xE4,0x18,0x00,0x3C,0x00,0x43,0xFE,0x00,0x00,0x00,0x00}, // 1167 运
    {0x03,0x00,0x7F,0xFE,0x7F,0xFE,0x04,0x80,0x0C,0x80,0x1F,0xFC,0x38,0x8C,0x68,0x8C,0x48,0x8C,0x08,0x84,0x08,0x8C,0x08,0x98,0x00,0x80,0x00,0x80,0x00,0x00,0x00,0x00}, // 1168 布
    {0x03,0xFE,0x32,0x22,0x12,0x22,0x03,0xFE,0x02,0x22,0x73,0xFE,0x10,0x00,0x11,0xFC,0x11,0x04,0x11,0xFC,0x15,0x04,0x1D,0xFC,0x19,0x04,0x11,0x0C,0x01,0x08,0x00,0x00}, // 1169 谓
    {0x1F,0xF8,0x18,0x18,0x18,0x18,0x18,0x18,0x18,0x18,0x1F,0xF8,0x06,0x40,0x06,0x40,0x04,0x40,0x0C,0x40,0x18,0x42,0x30,0x42,0x60,0x7E,0x00,0x00,0x00,0x00,0x00,0x00}, // 1170 兄
    {0x3F,0xFC,0x32,0x44,0x3F,0xFC,0x01,0x80,0x3F,0xFC,0x0F,0xF8,0x08,0x10,0x0F,0xF0,0x08,0x10,0x0F,0xF0,0x0F,0xF0,0x08,0x10,0x7F,0xFE,0x00,0x00,0x00,0x00,0x00,0x00}, // 1171 置
    {0x10,0x20,0x33,0xFE,0x7C,0x00,0x4C,0x98,0x4C,0x8C,0x7D,0x06,0x4F,0x00,0x4C,0x98,0x4C,0x90,0x7C,0x50,0x4C,0x60,0x40,0x78,0x03,0x8E,0x00,0x00,0x00,0x00,0x00,0x00}, // 1172 皎
    {0x24,0x40,0x24,0xFE,0x24,0x80,0x25,0x98,0x24,0x08,0x00,0x00,0x1F,0xF0,0x18,0x10,0x19,0x10,0x1B,0xD0,0x1A,0xC0,0x0C,0xC2,0x78,0xFE,0x00,0x00,0x00,0x00,0x00,0x00}, // 1173 览
    {0x00,0xF8,0x3F,0xFE,0x20,0x02,0x2F,0xF2,0x09,0x90,0x13,0xCC,0x0C,0x30,0x3F,0xFE,0x68,0x1A,0x0F,0xF8,0x0F,0xF8,0x08,0x18,0x0F,0xF8,0x08,0x18,0x00,0x00,0x00,0x00}, // 1174 睿
    {0x1F,0xFC,0x10,0x00,0x6F,0xF8,0x40,0x00,0x3F,0xF8,0x00,0x08,0x1F,0xC8,0x1F,0xC8,0x1F,0xC8,0x00,0x08,0x3F,0xEA,0x25,0x2F,0x7F,0xF6,0x00,0x00,0x00,0x00,0x00,0x00}, // 1175 氲
    {0x00,0x50,0x7E,0x98,0x04,0x80,0x25,0xFE,0x27,0x90,0x24,0x90,0x3E,0xFC,0x0C,0x90,0x14,0x90,0x14,0xFC,0x24,0x90,0x24,0x90,0x44,0xFE,0x1C,0x80,0x00,0x80,0x00,0x00}, // 1176 雅
    {0x3F,0x80,0x11,0x7C,0x1F,0x04,0x11,0x6C,0x1F,0x18,0x11,0x1C,0x1F,0xE2,0x31,0x78,0x1F,0xE0,0x00,0x8C,0x18,0xF0,0x66,0xB0,0x4C,0x9C,0x30,0x86,0x00,0x00,0x00,0x00}, // 1177 聚
    {0x18,0x20,0x18,0x30,0x18,0x00,0x7F,0xFE,0x18,0x30,0x18,0x30,0x1C,0x30,0x3C,0xFE,0x7E,0x30,0x58,0x30,0x58,0x30,0x18,0x30,0x18,0x30,0x1B,0xFE,0x00,0x00,0x00,0x00}, // 1178 柱
    {0x20,0xC0,0x17,0xFE,0x01,0x90,0x03,0x58,0x66,0x4C,0x2F,0xFA,0x02,0x48,0x03,0xF8,0x12,0x48,0x33,0xF8,0x23,0xF8,0x22,0x46,0x60,0x7C,0x00,0x00,0x00,0x00,0x00,0x00}, // 1179 淹
    {0x08,0x68,0x08,0x48,0x7E,0x48,0x08,0x48,0x3F,0xFE,0x3A,0x48,0x08,0x48,0x7E,0x48,0x19,0xFE,0x1E,0x48,0x2A,0x48,0x68,0xC8,0x48,0x88,0x09,0x88,0x00,0x00,0x00,0x00}, // 1180 耕
    {0x2C,0x88,0x1B,0xFE,0x30,0x88,0x68,0x88,0x4F,0xFE,0x08,0x00,0x19,0xFC,0x39,0x04,0x69,0x04,0x49,0xFC,0x09,0x04,0x09,0x04,0x31,0xFC,0x21,0x00,0x00,0x00,0x00,0x00}, // 1181 猎
    {0x10,0xC0,0x11,0x88,0x13,0xFC,0x13,0x02,0x7D,0x00,0x11,0xFC,0x12,0x60,0x10,0x60,0x13,0xFE,0x18,0x70,0x60,0xD0,0x01,0x88,0x07,0x06,0x00,0x00,0x00,0x00,0x00,0x00}, // 1182 埃
    {0x08,0x00,0x09,0xFC,0x19,0x04,0x11,0x04,0x31,0x04,0x31,0xFC,0x50,0x00,0x50,0x00,0x13,0xFE,0x12,0x06,0x12,0x06,0x12,0x06,0x13,0xFE,0x12,0x06,0x00,0x00,0x00,0x00}, // 1183 侣
    {0x08,0x20,0x18,0x20,0x17,0xFE,0x37,0xFE,0x32,0x20,0x73,0x20,0x51,0x20,0x11,0x20,0x10,0xE0,0x10,0xC0,0x10,0xE0,0x11,0x98,0x16,0x0E,0x00,0x00,0x00,0x00,0x00,0x00}, // 1184 仗
    {0x27,0xFC,0x10,0x40,0x07,0xFE,0x04,0x42,0x65,0x5A,0x33,0xD8,0x04,0x80,0x0F,0xFE,0x17,0xA2,0x2F,0xBE,0x2A,0xA2,0x2F,0xBE,0x6F,0xE2,0x42,0x66,0x00,0x04,0x00,0x00}, // 1185 灞
    {0x06,0x20,0x06,0x20,0x7F,0xFE,0x06,0x20,0x02,0x60,0x7E,0x7E,0x02,0x60,0x02,0x60,0x3E,0x7C,0x02,0x60,0x02,0x60,0x7E,0x7E,0x02,0x60,0x02,0x60,0x00,0x00,0x00,0x00}, // 1186 菲
    {0x10,0x00,0x13,0xFE,0x18,0x42,0x00,0x42,0x00,0xC6,0x78,0x84,0x19,0x1C,0x1A,0x00,0x19,0xFE,0x19,0x86,0x1D,0x86,0x1D,0x86,0x19,0xFE,0x11,0x06,0x00,0x00,0x00,0x00}, // 1187 诏
    {0x18,0x01,0x1B,0xFF,0x18,0x20,0x18,0x20,0x5D,0xFE,0x59,0x86,0x59,0xB6,0x51,0xA6,0x11,0xA6,0x19,0xA6,0x15,0xA6,0x20,0x68,0x60,0xCC,0x43,0x06,0x02,0x02,0x00,0x00}, // 1188 烦
    {0x18,0x00,0x19,0xFE,0x18,0x20,0x18,0x20,0x7E,0x20,0x18,0x20,0x19,0xFC,0x3C,0x20,0x3E,0x20,0x58,0x20,0x58,0x20,0x18,0x20,0x1B,0xFE,0x18,0x00,0x00,0x00,0x00,0x00}, // 1189 枉
    {0x00,0x20,0x7C,0x20,0x4C,0x20,0x49,0xFC,0x48,0x20,0x48,0x20,0x5B,0xFE,0x4C,0x20,0x45,0x26,0x45,0x26,0x5D,0x26,0x59,0x26,0x41,0x3E,0x41,0xF6,0x00,0x00,0x00,0x00}, // 1190 陆
    {0x3F,0xFC,0x22,0x64,0x22,0x64,0x3F,0xFC,0x22,0x00,0x7F,0x7C,0x3E,0x44,0x08,0x44,0x7F,0x44,0x69,0x3A,0x7F,0x02,0x08,0xFA,0x7F,0x02,0x08,0x0E,0x00,0x00,0x00,0x00}, // 1191 羁
    {0x00,0x80,0x00,0x80,0x01,0x80,0x3F,0xFC,0x31,0x04,0x03,0x00,0x06,0x88,0x0C,0x98,0x1C,0x70,0x34,0x60,0x64,0x30,0x05,0x18,0x07,0x0E,0x0E,0x04,0x00,0x00,0x00,0x00}, // 1192 农
    {0x1F,0xF8,0x10,0x18,0x1F,0xF8,0x10,0x18,0x10,0x18,0x1F,0xF8,0x30,0x40,0x30,0x44,0x3E,0x5C,0x30,0x70,0x30,0x40,0x3E,0x42,0x38,0x7E,0x00,0x00,0x00,0x00,0x00,0x00}, // 1193 昆
    {0x1F,0xF8,0x10,0x08,0x1F,0xF8,0x10,0x08,0x1F,0xF8,0x03,0x00,0x7F,0xFE,0x06,0x20,0x0D,0xB0,0x19,0x98,0x7F,0xFE,0x41,0x80,0x01,0x80,0x01,0x80,0x00,0x00,0x00,0x00}, // 1194 皋
    {0x10,0xC0,0x10,0xFC,0x35,0x48,0x37,0x30,0x54,0x78,0x57,0xCE,0x14,0x30,0x14,0xC8,0x14,0x18,0x14,0x60,0x11,0xCE,0x10,0x38,0x13,0xE0,0x01,0x00,0x00,0x00,0x00,0x00}, // 1195 修
    {0x01,0x00,0x7F,0xFE,0x02,0x20,0x04,0xB0,0x18,0x9C,0x6F,0xF6,0x00,0x80,0x04,0x90,0x04,0x10,0x7F,0xFE,0x04,0x10,0x08,0x10,0x30,0x10,0x20,0x00,0x00,0x00,0x00,0x00}, // 1196 奔
    {0x7F,0x44,0x14,0x44,0x14,0xFF,0x7F,0x44,0x55,0x44,0x55,0x44,0x55,0x7C,0x67,0x44,0x41,0x44,0x7F,0x44,0x41,0x44,0x41,0x7C,0x7F,0x44,0x40,0x00,0x00,0x00,0x00,0x00}, // 1197 酣
    {0x19,0xFC,0x11,0xFC,0x11,0x04,0x7F,0x04,0x7D,0xFC,0x34,0x00,0x25,0xFC,0x24,0x20,0x6C,0x20,0x3B,0xFE,0x18,0x70,0x14,0x58,0x21,0x8C,0x67,0x06,0x00,0x02,0x00,0x00}, // 1198 娱
    {0x10,0x10,0x10,0x10,0x10,0x10,0x54,0xFE,0x54,0x92,0x54,0x92,0x54,0x92,0x54,0xFE,0x54,0x92,0x54,0x92,0x54,0x92,0x7C,0xFE,0x44,0x82,0x00,0x82,0x00,0x00,0x00,0x00}, // 1199 岫
    {0x7F,0xFC,0x7F,0xFC,0x61,0x84,0x61,0x84,0x6F,0xF4,0x61,0x84,0x61,0x84,0x67,0xE4,0x64,0x24,0x64,0x24,0x67,0xE4,0x60,0x04,0x7F,0xFC,0x7F,0xFC,0x60,0x00,0x00,0x00}, // 1200 固
    {0x37,0xFE,0x1F,0xFE,0x06,0x12,0x03,0xF8,0x73,0x00,0x13,0x00,0x03,0xFC,0x13,0x10,0x13,0x10,0x37,0xFE,0x21,0x00,0x63,0x0C,0x46,0x06,0x04,0x00,0x00,0x00,0x00,0x00}, // 1201 滨
    {0x04,0x20,0x04,0x60,0x7F,0xFE,0x00,0x00,0x06,0x70,0x18,0x1C,0x70,0x04,0x1F,0xF8,0x12,0x48,0x12,0x48,0x12,0x48,0x12,0x48,0x7F,0xFE,0x00,0x00,0x00,0x00,0x00,0x00}, // 1202 益
    {0x7E,0xFA,0x48,0x22,0x5E,0x7A,0x48,0x22,0x7E,0xFA,0x40,0x02,0x5B,0x7A,0x5B,0x42,0x5B,0x7A,0x5B,0x52,0x51,0x52,0x5B,0x92,0x4F,0x92,0x50,0x8E,0x40,0x00,0x00,0x00}, // 1203 鬬
    {0x00,0x60,0x00,0x60,0x60,0x60,0x33,0xFE,0x12,0x66,0x02,0x66,0x02,0x66,0x12,0x66,0x1B,0xFE,0x12,0x66,0x36,0x60,0x60,0x60,0x40,0x60,0x00,0x60,0x00,0x00,0x00,0x00}, // 1204 冲
    {0x1F,0xF8,0x18,0x08,0x11,0x08,0x10,0x88,0x10,0x08,0x7F,0xFE,0x10,0x08,0x11,0x08,0x10,0x98,0x10,0x18,0x1F,0xFE,0x00,0x10,0x00,0x70,0x00,0x00,0x00,0x00,0x00,0x00}, // 1205 母
    {0x00,0x30,0x7E,0x30,0x24,0x30,0x24,0xF2,0x24,0xB6,0x3C,0xB4,0x24,0xB4,0x24,0x30,0x3C,0x30,0x24,0x38,0x27,0x68,0x7C,0x4C,0x44,0xC6,0x05,0x82,0x04,0x00,0x00,0x00}, // 1206 耿
    {0x3E,0xFE,0x22,0x0C,0x3E,0x28,0x20,0xFE,0x7E,0x10,0x52,0xFE,0x5E,0x10,0x00,0x10,0x3F,0xFC,0x01,0x80,0x1F,0xF8,0x01,0x90,0x7F,0xFE,0x00,0x00,0x00,0x00,0x00,0x00}, // 1207 璧
    {0x10,0x00,0x10,0xFC,0x10,0x84,0x24,0x84,0x64,0x84,0x7C,0x84,0x48,0x84,0x10,0xFC,0x20,0xFC,0x7E,0x00,0x00,0x48,0x02,0xCC,0x7F,0x86,0x63,0x02,0x00,0x00,0x00,0x00}, // 1208 织
    {0x00,0x00,0x04,0x30,0x0C,0x18,0x18,0x0C,0x30,0x06,0x04,0x10,0x04,0x30,0x06,0x20,0x02,0x40,0x03,0xC0,0x01,0x80,0x07,0xC0,0x1C,0x78,0x70,0x1E,0x00,0x00,0x00,0x00}, // 1209 父
    {0x00,0x00,0x3E,0x7C,0x02,0x04,0x3E,0x7C,0x20,0x40,0x20,0x40,0x3E,0x7C,0x02,0x04,0x32,0x64,0x12,0x24,0x0E,0x3C,0x72,0xC4,0x02,0x04,0x0E,0x1C,0x00,0x00,0x00,0x00}, // 1210 弱
    {0x11,0x04,0x11,0x04,0x11,0xFC,0x7D,0x04,0x11,0xFC,0x10,0x00,0x13,0xFE,0x10,0x20,0x1D,0x20,0x39,0x3C,0x43,0x20,0x06,0xE0,0x0C,0x7E,0x00,0x00,0x00,0x00,0x00,0x00}, // 1211 堤
    {0x3D,0xFE,0x18,0x20,0x38,0x20,0x68,0x20,0x48,0x20,0x0D,0xFE,0x1C,0x20,0x2C,0x20,0x6C,0x20,0x0C,0x20,0x0C,0x20,0x1B,0xFE,0x32,0x00,0x00,0x00,0x00,0x00,0x00,0x00}, // 1212 狂
    {0x3F,0xFC,0x21,0x04,0x2F,0xF4,0x21,0x04,0x2F,0xF4,0x21,0x04,0x21,0x04,0x2F,0xF4,0x21,0x14,0x21,0x74,0x21,0x04,0x3F,0xFC,0x20,0x04,0x20,0x00,0x00,0x00,0x00,0x00}, // 1213 围
    {0x02,0x40,0x7F,0xFE,0x02,0x40,0x3F,0xFC,0x32,0x44,0x3F,0xFC,0x32,0x44,0x3F,0xFC,0x00,0x00,0x1F,0xF8,0x10,0x08,0x1F,0xF8,0x10,0x08,0x1F,0xF8,0x10,0x08,0x00,0x00}, // 1214 曹
    {0x7C,0x20,0x44,0x20,0x44,0xAC,0x7D,0xA6,0x45,0xA2,0x45,0x20,0x7F,0x2C,0x44,0x2C,0x44,0x08,0x7C,0x10,0x44,0x30,0x40,0xE0,0x07,0x80,0x02,0x00,0x00,0x00,0x00,0x00}, // 1215 眇
    {0x18,0xF8,0x30,0x98,0x60,0x98,0x0D,0x9E,0x09,0x00,0x13,0xFC,0x33,0xF8,0x51,0x98,0x10,0x90,0x10,0xF0,0x10,0x60,0x11,0xD8,0x17,0x0E,0x00,0x00,0x00,0x00,0x00,0x00}, // 1216 役
    {0x21,0x84,0x21,0x84,0x3F,0xFC,0x01,0x80,0x03,0x80,0x06,0x60,0x19,0x3C,0x71,0x86,0x00,0x00,0x1F,0xF0,0x00,0x30,0x00,0x60,0x00,0x40,0x00,0x00,0x00,0x00,0x00,0x00}, // 1217 岑
    {0x02,0x80,0x02,0x9E,0x77,0xD0,0x52,0x90,0x52,0x90,0x53,0x9E,0x52,0x94,0x53,0x94,0x52,0x94,0x52,0x94,0x77,0xF4,0x50,0xA4,0x46,0xA4,0x0C,0x64,0x00,0x00,0x00,0x00}, // 1218 嘶
    {0x1F,0xF8,0x01,0x80,0x7F,0xFE,0x41,0x86,0x5D,0xFE,0x01,0x80,0x1D,0xF8,0x03,0xC0,0x0D,0x70,0x79,0x9E,0x4F,0xE2,0x00,0x40,0x07,0x80,0x01,0xE0,0x00,0x00,0x00,0x00}, // 1219 零
    {0x30,0x20,0x3F,0x7E,0x64,0x4C,0x46,0x84,0x00,0x00,0x1F,0xFC,0x01,0x80,0x01,0x80,0x7F,0xFE,0x01,0x80,0x01,0x80,0x01,0x80,0x01,0x80,0x01,0x80,0x00,0x00,0x00,0x00}, // 1220 竿
    {0x1F,0xFE,0x10,0x80,0x10,0x80,0x17,0xF8,0x10,0x88,0x1F,0xFE,0x10,0x88,0x37,0xF8,0x3C,0xCC,0x27,0xB8,0x22,0x90,0x6C,0x8C,0x49,0x86,0x00,0x00,0x00,0x00,0x00,0x00}, // 1221 康
    {0x08,0xC8,0x00,0x18,0x7D,0xFE,0x0C,0x20,0x08,0x20,0x18,0x20,0x1D,0xFC,0x3C,0x20,0x78,0x20,0x1B,0xFE,0x18,0x20,0x18,0x20,0x18,0x20,0x18,0x20,0x00,0x00,0x00,0x00}, // 1222 祥
    {0x10,0x00,0x1B,0xFE,0x08,0x00,0x7D,0xFC,0x05,0x84,0x09,0x84,0x19,0xFC,0x10,0x00,0x3D,0xFE,0x55,0x22,0x11,0xFE,0x11,0x22,0x11,0x22,0x11,0xFE,0x10,0x00,0x00,0x00}, // 1223 福
    {0x08,0x00,0x08,0x00,0x1B,0xFC,0x18,0x00,0x38,0x00,0x78,0x00,0x58,0x00,0x18,0x00,0x18,0x00,0x18,0x00,0x1F,0xFE,0x1F,0xFE,0x18,0x00,0x18,0x00,0x00,0x00,0x00,0x00}, // 1224 仁
    {0x10,0x00,0x13,0xFE,0x10,0x00,0x54,0x00,0x55,0xFC,0x55,0x04,0x51,0x04,0x51,0xFC,0x11,0x04,0x11,0x04,0x11,0xFC,0x11,0x00,0x10,0x00,0x13,0xFE,0x00,0x00,0x00,0x00}, // 1225 恒
    {0x78,0x90,0x4A,0x96,0x4A,0x94,0x7A,0x9C,0x4A,0x90,0x48,0x90,0x49,0x98,0x7B,0x9C,0x4C,0x94,0x48,0x90,0x79,0x10,0x4B,0x12,0x06,0x1E,0x04,0x00,0x00,0x00,0x00,0x00}, // 1226 眺
    {0x7D,0xFC,0x10,0x00,0x10,0x00,0x10,0x00,0x13,0xFE,0x7C,0x90,0x10,0x90,0x10,0x90,0x10,0x90,0x1D,0x90,0x71,0x12,0x43,0x12,0x06,0x1E,0x00,0x00,0x00,0x00,0x00,0x00}, // 1227 玩
    {0x11,0xFE,0x10,0x08,0x54,0x48,0x55,0xFE,0x54,0x00,0x55,0xFC,0x55,0x84,0x55,0xFC,0x55,0xFC,0x54,0x20,0x7C,0x20,0x05,0xFE,0x00,0x20,0x00,0x20,0x00,0x00,0x00,0x00}, // 1228 嶂
    {0x00,0x10,0x2F,0x10,0x09,0x10,0x09,0x14,0x0F,0x54,0x69,0x52,0x29,0xD2,0x09,0x90,0x0F,0x16,0x29,0x04,0x29,0x08,0x4F,0x18,0x48,0x30,0x40,0xE0,0x00,0x80,0x00,0x00}, // 1229 渺
    {0x7F,0x60,0x10,0x40,0x10,0x7E,0x32,0x48,0x66,0x88,0x78,0xC8,0x08,0x48,0x08,0x48,0x7E,0x30,0x08,0x30,0x09,0x30,0x7F,0x78,0x61,0x86,0x00,0x00,0x00,0x00,0x00,0x00}, // 1230 致
    {0x3F,0x7E,0x2C,0x48,0x64,0x88,0x04,0x08,0x01,0xF8,0x7F,0x88,0x19,0x88,0x19,0xC8,0x19,0x28,0x19,0x28,0x7F,0x08,0x43,0x0A,0x02,0x0E,0x02,0x00,0x00,0x00,0x00,0x00}, // 1231 筑
    {0x10,0x20,0x10,0xA0,0x3E,0xA0,0x3F,0xFC,0x41,0x20,0x3D,0x20,0x10,0x20,0x13,0xFE,0x7C,0x30,0x10,0x70,0x10,0x58,0x16,0xC8,0x19,0x84,0x13,0x06,0x00,0x00,0x00,0x00}, // 1232 铁
    {0x31,0xFC,0x3D,0x84,0x61,0xFC,0x41,0x84,0x3D,0xFC,0x10,0x80,0x10,0xFE,0x7D,0x6A,0x13,0x52,0x10,0xD2,0x15,0xB2,0x19,0x62,0x10,0xCC,0x01,0x00,0x00,0x00,0x00,0x00}, // 1233 锡
    {0x01,0x80,0x7F,0xFE,0x01,0x80,0x1F,0xF8,0x11,0x88,0x1F,0xF8,0x11,0x88,0x1F,0xF8,0x01,0x98,0x3F,0xFC,0x00,0x00,0x2D,0x8C,0x6C,0x96,0x4F,0xF2,0x00,0x00,0x00,0x00}, // 1234 惠
    {0x00,0x00,0x0C,0x20,0x04,0x40,0x1F,0xF8,0x10,0x18,0x10,0x18,0x10,0x18,0x1F,0xF8,0x01,0x00,0x2D,0x08,0x2C,0x8C,0x2C,0x06,0x44,0x10,0x07,0xF0,0x00,0x00,0x00,0x00}, // 1235 总
    {0x7F,0xFE,0x00,0x00,0x3E,0x78,0x32,0x48,0x3E,0xFC,0x7F,0xFC,0x04,0x20,0x3F,0xFC,0x7F,0xFE,0x02,0x08,0x0C,0xD8,0x75,0x70,0x07,0x1E,0x04,0x00,0x00,0x00,0x00,0x00}, // 1236 襄
    {0x10,0x00,0x10,0xF8,0x20,0x88,0x3E,0x88,0x64,0x88,0x54,0x88,0x10,0x88,0x10,0x88,0x10,0x88,0x10,0x88,0x14,0x88,0x1D,0x88,0x19,0x0A,0x12,0x0E,0x02,0x00,0x00,0x00}, // 1237 饥
    {0x00,0xC0,0x3F,0xFE,0x30,0x00,0x31,0x10,0x39,0x10,0x3F,0xFE,0x31,0x10,0x31,0x10,0x21,0xF0,0x20,0x00,0x25,0xA4,0x6D,0xB6,0x48,0xB6,0x00,0x00,0x00,0x00,0x00,0x00}, // 1238 庶
    {0x7C,0xFC,0x44,0x84,0x44,0x84,0x5C,0xFC,0x54,0x84,0x54,0xFC,0x54,0x40,0x54,0xFE,0x55,0xAA,0x55,0x4A,0x10,0xD2,0x1D,0xB2,0x24,0x62,0x60,0xCE,0x00,0x08,0x00,0x00}, // 1239 赐
    {0x6F,0xFE,0x11,0x10,0x00,0x40,0x47,0xFC,0x60,0x44,0x2F,0xFF,0x00,0x44,0x07,0xFC,0x34,0x44,0x25,0x54,0x25,0x54,0x65,0x54,0x48,0x44,0x08,0x04,0x00,0x00,0x00,0x00}, // 1240 潇
    {0x23,0xFE,0x22,0x22,0x32,0x22,0x12,0xFA,0x02,0x22,0x03,0xFA,0x1A,0x02,0x12,0x02,0x22,0xF2,0x66,0x92,0x44,0xF2,0x04,0x02,0x0C,0x0E,0x00,0x00,0x00,0x00,0x00,0x00}, // 1241 凋
    {0x02,0x00,0x3F,0xFE,0x04,0x00,0x04,0x40,0x0C,0x40,0x0A,0x4C,0x1A,0x48,0x16,0x48,0x30,0xE0,0x60,0xA0,0x41,0x90,0x03,0x0C,0x1C,0x06,0x00,0x00,0x00,0x00,0x00,0x00}, // 1242 灰
    {0x01,0x80,0x3F,0xFE,0x26,0x62,0x1C,0x18,0x00,0x00,0x3F,0xFC,0x08,0x20,0x10,0x20,0x1F,0xFE,0x01,0xA0,0x07,0x20,0x1C,0x20,0x60,0xE0,0x00,0x00,0x00,0x00,0x00,0x00}, // 1243 穿
    {0x7C,0x40,0x4D,0xFC,0x4C,0x48,0x4C,0x50,0x7F,0xFE,0x4C,0x20,0x4C,0xFC,0x7D,0x84,0x4F,0x84,0x4C,0xFC,0x7C,0x84,0x4C,0x84,0x00,0xFC,0x00,0x84,0x00,0x00,0x00,0x00}, // 1244 睹
    {0x18,0x20,0x19,0xFE,0x5A,0x20,0x5A,0x20,0x5A,0x20,0x5B,0xFC,0x5A,0x84,0x5A,0x48,0x5A,0x48,0x5E,0x70,0x72,0x30,0x00,0x78,0x03,0x8E,0x00,0x02,0x00,0x00,0x00,0x00}, // 1245 岐
    {0x10,0xFE,0x10,0x86,0x7E,0xFE,0x34,0x00,0x24,0x00,0x25,0xFE,0x25,0x82,0x65,0xFE,0x3D,0x82,0x0D,0xFE,0x17,0xFE,0x31,0x82,0x61,0x8E,0x40,0x00,0x00,0x00,0x00,0x00}, // 1246 娟
    {0x01,0x00,0x01,0x00,0x01,0xFE,0x01,0x00,0x01,0x00,0x1F,0xF8,0x11,0x08,0x11,0x88,0x11,0x08,0x11,0x08,0x13,0x00,0x02,0x60,0x0C,0x38,0x78,0x0C,0x00,0x00,0x00,0x00}, // 1247 贞
    {0x13,0x48,0x11,0x58,0x33,0xFC,0x30,0x40,0x70,0xC0,0xD7,0xFE,0x11,0x88,0x13,0xFC,0x1F,0x96,0x11,0x90,0x11,0xB4,0x11,0x86,0x10,0xFC,0x00,0x00,0x00,0x00,0x00,0x00}, // 1248 倦
    {0x20,0x94,0x3C,0x10,0x49,0xFE,0x7E,0x58,0x2A,0x96,0x2B,0x10,0x3E,0x84,0x2A,0xFE,0x2B,0x24,0x3E,0xD4,0x02,0xDE,0x7C,0x84,0x41,0x04,0x00,0x00,0x00,0x00,0x00,0x00}, // 1249 鳞
    {0x00,0x48,0x10,0x48,0x30,0x48,0x3C,0x5C,0x65,0xE0,0x40,0x40,0x10,0x5E,0x11,0xE0,0x13,0x26,0x10,0x2C,0x14,0x38,0x1C,0x30,0x18,0xCA,0x11,0x0E,0x00,0x02,0x00,0x00}, // 1250 饯
    {0x1F,0x7E,0x34,0xD8,0x66,0x88,0x0C,0x20,0x7F,0xFE,0x00,0x00,0x3F,0x64,0x21,0x24,0x3F,0x24,0x21,0x24,0x3F,0x24,0x21,0x24,0x27,0x1C,0x20,0x10,0x00,0x00,0x00,0x00}, // 1251 箭
    {0x10,0x60,0x10,0x7E,0x10,0x60,0x7D,0xFC,0x11,0x04,0x11,0x04,0x39,0xFC,0x35,0x04,0x75,0xFC,0x50,0x20,0x50,0x20,0x13,0xFE,0x10,0x20,0x10,0x20,0x00,0x20,0x00,0x00}, // 1252 棹
    {0x30,0x60,0x1F,0xFE,0x01,0x98,0x00,0x90,0x67,0xFE,0x36,0x62,0x07,0xFA,0x06,0x62,0x16,0x62,0x36,0xF2,0x26,0x92,0x66,0xF2,0x46,0x0E,0x06,0x04,0x00,0x00,0x00,0x00}, // 1253 滴
    {0x04,0x60,0x3F,0xFC,0x01,0x00,0x01,0x00,0x1F,0xF8,0x01,0x00,0x01,0x00,0x7F,0xFE,0x02,0x40,0x06,0x40,0x0C,0x40,0x18,0x42,0x70,0x7E,0x00,0x00,0x00,0x00,0x00,0x00}, // 1254 羌
    {0x00,0x00,0x13,0xDE,0x22,0x52,0x2B,0x5A,0x5B,0x5A,0x73,0x5A,0x33,0x08,0x23,0xCC,0x7E,0x32,0x40,0x80,0x07,0xFE,0x19,0x90,0x60,0x70,0x00,0xEE,0x03,0x00,0x00,0x00}, // 1255 缨
    {0x00,0xE0,0x21,0x10,0x07,0xEE,0x0C,0x00,0x07,0xC4,0x74,0x54,0x37,0xD4,0x34,0x54,0x37,0xD4,0x34,0x54,0x34,0xCC,0x38,0x00,0x47,0xFE,0x00,0x00,0x00,0x00,0x00,0x00}, // 1256 逾
    {0x08,0x20,0x0C,0x20,0x08,0x20,0x13,0xFE,0x13,0x22,0x33,0x22,0x73,0x22,0x53,0x22,0x13,0xFE,0x13,0x22,0x13,0x22,0x10,0x20,0x10,0x20,0x10,0x20,0x00,0x00,0x00,0x00}, // 1257 仲
    {0x10,0x20,0x13,0xFE,0x10,0x88,0x7C,0x98,0x13,0xFE,0x16,0x22,0x1E,0xFA,0x72,0x22,0x12,0xF2,0x12,0xD2,0x12,0xD2,0x12,0x22,0x32,0x0E,0x00,0x00,0x00,0x00,0x00,0x00}, // 1258 摘
    {0x18,0x10,0x18,0x00,0x18,0xFE,0x7E,0x82,0x5C,0x82,0x50,0x82,0x50,0xFE,0x10,0x82,0x18,0x80,0x14,0x80,0x23,0x80,0x61,0x00,0x43,0x00,0x00,0x00,0x00,0x00,0x00,0x00}, // 1259 炉
    {0x04,0x20,0x04,0x40,0x7F,0xFC,0x01,0x80,0x01,0x80,0x01,0x80,0x3F,0xF8,0x01,0x80,0x01,0x80,0x7F,0xFE,0x01,0x80,0x01,0x80,0x01,0x80,0x01,0x80,0x00,0x00,0x00,0x00}, // 1260 羊
    {0x00,0x60,0x7C,0x40,0x6B,0xFE,0x68,0x80,0x78,0x80,0x71,0x20,0x69,0x20,0x6B,0xFC,0x64,0x20,0x6C,0x20,0x7B,0xFE,0x60,0x20,0x60,0x20,0x60,0x20,0x00,0x20,0x00,0x00}, // 1261 阵
    {0x1F,0x00,0x01,0x00,0x01,0x00,0x7F,0xFE,0x02,0x60,0x04,0x30,0x18,0x38,0x76,0x2E,0x04,0x20,0x04,0x20,0x04,0x20,0x08,0x20,0x38,0x20,0x00,0x20,0x00,0x00,0x00,0x00}, // 1262 乔
    {0x23,0x60,0x13,0xFC,0x16,0x60,0x00,0x60,0x77,0xFE,0x70,0x00,0x13,0xFC,0x13,0x0C,0x13,0x0C,0x13,0xFC,0x13,0x0C,0x3C,0x00,0x43,0xFE,0x00,0x00,0x00,0x00,0x00,0x00}, // 1263 造
    {0x18,0x20,0x13,0xFE,0x22,0x26,0x4A,0x24,0x1A,0x20,0x33,0xFC,0x72,0x88,0x52,0x88,0x12,0x58,0x12,0x70,0x14,0x30,0x1C,0xD8,0x11,0x86,0x00,0x00,0x00,0x00,0x00,0x00}, // 1264 彼
    {0x04,0x20,0x7F,0xFE,0x7F,0xFE,0x04,0x20,0x3F,0xFC,0x3F,0xFC,0x01,0x80,0x19,0x98,0x0D,0xB0,0x01,0x80,0x7F,0xFE,0x01,0x80,0x01,0x80,0x01,0x80,0x01,0x80,0x00,0x00}, // 1265 苹
    {0x3E,0x10,0x22,0xFE,0x22,0x44,0x3E,0x6C,0x20,0x28,0x20,0xFE,0x3E,0xFE,0x7E,0x10,0x52,0x10,0x52,0xFE,0x1E,0x10,0x1E,0x10,0x12,0x10,0x00,0x10,0x00,0x00,0x00,0x00}, // 1266 辟
    {0x1B,0xFC,0x10,0x40,0x37,0xFE,0x35,0x5A,0x70,0x40,0xD3,0x5C,0x17,0xFE,0x10,0x40,0x10,0x40,0x17,0xFC,0x16,0xB4,0x16,0xB4,0x16,0xBC,0x16,0x00,0x00,0x00,0x00,0x00}, // 1267 儒
    {0x18,0xFC,0x11,0x88,0x15,0x50,0x5C,0x20,0x59,0xDE,0x53,0x22,0x51,0xFE,0x10,0x20,0x19,0xFC,0x1C,0x20,0x24,0x20,0x23,0xFE,0x40,0x20,0x00,0x20,0x00,0x00,0x00,0x00}, // 1268 烽
    {0x3F,0xF8,0x00,0x08,0x00,0x08,0x00,0x08,0x00,0x08,0x3F,0xF8,0x30,0x08,0x30,0x00,0x30,0x00,0x30,0x00,0x30,0x06,0x30,0x06,0x3F,0xFC,0x00,0x00,0x00,0x00,0x00,0x00}, // 1269 己
    {0x30,0xE0,0x18,0xA0,0x01,0x10,0x43,0x58,0x66,0x46,0x04,0x62,0x00,0x00,0x13,0xF8,0x10,0x10,0x31,0x30,0x21,0xE0,0x60,0xC0,0x60,0x30,0x00,0x00,0x00,0x00,0x00,0x00}, // 1270 泠
    {0x00,0xC0,0x1F,0xFC,0x10,0x04,0x1F,0xFC,0x1F,0xFC,0x10,0x00,0x1F,0xFE,0x19,0x26,0x39,0x26,0x2F,0xFE,0x69,0x26,0x49,0x26,0x09,0x2E,0x00,0x08,0x00,0x00,0x00,0x00}, // 1271 扁
    {0x01,0x00,0x01,0x80,0x7C,0x3E,0x17,0xE8,0x10,0x48,0x12,0xC8,0x7A,0x88,0x79,0xBE,0x11,0x88,0x10,0x88,0x11,0x48,0x1F,0x48,0xF6,0x08,0x4C,0x7E,0x00,0x00,0x00,0x00}, // 1272 斑
    {0x00,0x00,0x30,0x90,0x19,0x90,0x09,0x18,0x41,0x08,0x62,0x0C,0x17,0xFE,0x04,0x8A,0x00,0x88,0x18,0x88,0x10,0x88,0x31,0x08,0x23,0x18,0x66,0x30,0x00,0x00,0x00,0x00}, // 1273 汾
    {0x1F,0xF8,0x10,0x08,0x1F,0xF8,0x1F,0xF8,0x01,0x00,0x1F,0xEC,0x01,0x10,0x7F,0xFE,0x01,0x80,0x0F,0xF8,0x38,0x08,0x6F,0xF8,0x08,0x08,0x0F,0xF8,0x08,0x00,0x00,0x00}, // 1274 暑
    {0x30,0x48,0x3C,0x48,0x64,0xFE,0x7E,0x30,0x2A,0x30,0x2A,0x30,0x3E,0xFC,0x2A,0x30,0x2A,0x30,0x3E,0xFE,0x00,0x30,0x7E,0x30,0x20,0x30,0x00,0x30,0x00,0x00,0x00,0x00}, // 1275 鲜
    {0x08,0x20,0x08,0x20,0x28,0x40,0x68,0x7E,0x7E,0x44,0x48,0x84,0x49,0xCC,0x0A,0x48,0x0C,0x48,0x78,0x38,0x48,0x30,0x08,0x30,0x08,0x4C,0x0B,0x87,0x08,0x02,0x00,0x00}, // 1276 牧
    {0x00,0x20,0x00,0x20,0x00,0x20,0x00,0x20,0x7F,0xFE,0x00,0x20,0x00,0x20,0x18,0x20,0x08,0x20,0x0C,0x20,0x04,0x20,0x00,0x20,0x00,0x20,0x00,0xE0,0x00,0x00,0x00,0x00}, // 1277 寸
    {0x0C,0x20,0x0C,0x20,0x7F,0xFE,0x0C,0x20,0x0D,0x20,0x00,0x80,0x3F,0xFC,0x3F,0xFC,0x00,0x60,0x01,0x80,0x0E,0x00,0x1C,0x00,0x23,0x80,0x60,0xFE,0x00,0x00,0x00,0x00}, // 1278 芝
    {0x02,0x00,0x1F,0xF8,0x12,0x18,0x13,0x18,0x11,0x30,0x1F,0xFC,0x00,0x04,0x00,0x04,0x0F,0xDC,0x08,0x40,0x08,0x40,0x18,0x42,0x70,0x7E,0x00,0x00,0x00,0x00,0x00,0x00}, // 1279 凫
    {0x33,0x7E,0x11,0x02,0x04,0x02,0x45,0xFA,0x64,0x62,0x14,0x62,0x04,0xF2,0x04,0x62,0x14,0x62,0x35,0xFA,0x24,0x02,0x64,0x02,0x64,0x0E,0x04,0x04,0x00,0x00,0x00,0x00}, // 1280 润
    {0x18,0x3C,0x01,0xE0,0x7D,0x20,0x0D,0x30,0x09,0x10,0x19,0xFE,0x11,0x10,0x3D,0x10,0x57,0x10,0x11,0x58,0x11,0x4A,0x11,0xAE,0x11,0x26,0x10,0x00,0x00,0x00,0x00,0x00}, // 1281 祗
    {0x0C,0x30,0x0C,0x30,0x3F,0x30,0x0C,0x30,0x0C,0x38,0x0C,0x3C,0x7F,0xB6,0x04,0x32,0x24,0x30,0x27,0xB0,0x34,0x30,0x3C,0x30,0x4C,0x00,0x47,0xFE,0x00,0x00,0x00,0x00}, // 1282 赴
    {0x08,0x40,0x18,0x60,0x10,0x00,0x13,0xFE,0x30,0x00,0x31,0x08,0x51,0x18,0x51,0x18,0x11,0x90,0x10,0x90,0x10,0x90,0x10,0x30,0x17,0xFE,0x10,0x00,0x10,0x00,0x00,0x00}, // 1283 位
    {0x08,0xC0,0x08,0x80,0x18,0x80,0x17,0xFE,0x30,0x80,0x30,0x80,0x71,0x00,0x51,0xFC,0x13,0x20,0x12,0x20,0x16,0x20,0x14,0x20,0x10,0x20,0x13,0xFE,0x00,0x00,0x00,0x00}, // 1284 佐
    {0x01,0x88,0x7F,0xFE,0x11,0x88,0x09,0xF0,0x0F,0x98,0x70,0x04,0x01,0x80,0x7F,0xFE,0x02,0x00,0x04,0x98,0x1C,0x70,0x65,0x30,0x0E,0x1E,0x00,0x00,0x00,0x00,0x00,0x00}, // 1285 裘
    {0x00,0x80,0x7F,0xFE,0x42,0x46,0x5F,0xF8,0x02,0x40,0x02,0x40,0x1F,0xF8,0x19,0x18,0x19,0x18,0x1B,0x58,0x02,0x40,0x06,0x42,0x78,0x7E,0x20,0x00,0x00,0x00,0x00,0x00}, // 1286 宽
    {0x7F,0xB2,0x52,0xB4,0x52,0xF4,0x52,0x3C,0x52,0x30,0x7E,0xFE,0x52,0x30,0x52,0x30,0x53,0xFE,0x7E,0x30,0x42,0x30,0x40,0x30,0x00,0x30,0x00,0x30,0x00,0x00,0x00,0x00}, // 1287 畔
    {0x08,0x30,0x7E,0xFE,0x08,0x30,0x1E,0x7C,0x28,0xF6,0x49,0xB2,0x01,0x00,0x11,0x88,0x11,0x88,0x31,0x90,0x02,0x40,0x0C,0x30,0x78,0x1E,0x40,0x00,0x00,0x00,0x00,0x00}, // 1288 焚
    {0x3F,0xFC,0x21,0x84,0x2D,0xB4,0x25,0xA4,0x25,0xA4,0x3F,0xFC,0x01,0x80,0x3F,0xFC,0x01,0x80,0x01,0x80,0x7F,0xFE,0x20,0x04,0x26,0x44,0x62,0x66,0x00,0x00,0x00,0x00}, // 1289 黑
    {0x18,0x20,0x18,0x20,0x18,0x20,0x7D,0xFC,0x18,0x20,0x18,0x20,0x1D,0xFE,0x3D,0xFE,0x78,0x60,0x18,0x50,0x18,0xD0,0x18,0x88,0x19,0x0C,0x37,0x06,0x00,0x00,0x00,0x00}, // 1290 扶
    {0x01,0x90,0x01,0x98,0x01,0x8C,0x01,0x88,0x7F,0xFE,0x03,0xC0,0x07,0xC0,0x05,0xA0,0x0D,0xB0,0x19,0x98,0x31,0x8C,0x61,0x86,0x01,0x80,0x01,0x80,0x00,0x00,0x00,0x00}, // 1291 术
    {0x00,0x20,0x7E,0x20,0x02,0xFE,0x02,0x22,0x02,0x22,0x36,0x22,0x1C,0x22,0x0C,0x22,0x0C,0x66,0x1A,0x46,0x32,0xC6,0x60,0x86,0x01,0x1C,0x00,0x00,0x00,0x00,0x00,0x00}, // 1292 劝
    {0x3F,0xFC,0x3F,0xFC,0x12,0x48,0x1A,0x58,0x0A,0x50,0x7F,0xFE,0x7F,0xFE,0x00,0x00,0x1F,0xF8,0x10,0x08,0x1F,0xF8,0x10,0x08,0x10,0x08,0x1F,0xF8,0x10,0x08,0x00,0x00}, // 1293 晋
    {0x01,0x80,0x01,0x00,0x03,0x00,0x7F,0xFE,0x02,0x00,0x06,0x00,0x04,0x00,0x0F,0xF8,0x1C,0x08,0x3C,0x08,0x6C,0x08,0x4C,0x08,0x0F,0xF8,0x0F,0xF8,0x0C,0x08,0x00,0x00}, // 1294 右
    {0x10,0xD4,0x11,0x96,0x10,0x92,0x54,0x90,0x55,0xFE,0x54,0x90,0x54,0x92,0x54,0xFC,0x57,0x8C,0x54,0x88,0x5C,0x98,0x64,0xB6,0x01,0xA6,0x00,0x00,0x00,0x00,0x00,0x00}, // 1295 峨
    {0x19,0xFE,0x00,0x06,0x61,0x06,0x6F,0xF6,0x61,0x06,0x61,0x06,0x6F,0xF6,0x61,0x06,0x7F,0xF6,0x61,0x16,0x61,0x36,0x61,0x06,0x61,0x0C,0x00,0x00,0x00,0x00,0x00,0x00}, // 1296 闱
    {0x1F,0x7E,0x34,0x58,0x66,0x88,0x08,0x80,0x0B,0xFC,0x20,0x04,0x27,0xE4,0x24,0x24,0x27,0xE4,0x24,0x24,0x24,0x24,0x27,0xE4,0x20,0x1C,0x20,0x18,0x00,0x00,0x00,0x00}, // 1297 简
    {0x71,0xFC,0x1B,0x44,0x02,0x4C,0x0C,0xE0,0x19,0xB0,0x37,0x0E,0x20,0x00,0x03,0x00,0x7F,0xFE,0x04,0x60,0x07,0xC0,0x01,0xF0,0x3E,0x0C,0x20,0x00,0x00,0x00,0x00,0x00}, // 1298 姿
    {0x7F,0xFE,0x60,0x02,0x0B,0xF8,0x08,0x08,0x69,0xF8,0x2B,0xF8,0x08,0x00,0x1F,0xFE,0x3E,0x06,0x69,0xF8,0x48,0x90,0x08,0x60,0x0B,0xDE,0x0A,0x02,0x00,0x00,0x00,0x00}, // 1299 寝
    {0x01,0x00,0x01,0x00,0x01,0x00,0x3F,0xF8,0x21,0x08,0x21,0x08,0x21,0x08,0x21,0x08,0x3F,0xF8,0x21,0x08,0x01,0x08,0x01,0x0C,0x01,0x3C,0x7F,0xC6,0x00,0x00,0x00,0x00}, // 1300 虫
    {0x01,0x80,0x3F,0xFC,0x01,0x80,0x01,0x80,0x7F,0xFE,0x43,0x06,0x44,0x30,0x1F,0xC0,0x03,0x30,0x1D,0xFC,0x3B,0x84,0x09,0x90,0x31,0x9C,0x63,0x84,0x02,0x00,0x00,0x00}, // 1301 索
    {0x3E,0xFC,0x58,0x84,0x18,0xFC,0x18,0x84,0x7C,0xFC,0x18,0xB4,0x1D,0xB2,0x3E,0x18,0x38,0xE4,0x58,0x18,0x58,0xE6,0x19,0x1C,0x18,0xE0,0x19,0x00,0x00,0x00,0x00,0x00}, // 1302 穆
    {0x01,0x30,0x01,0x18,0x01,0x08,0x01,0x00,0x7F,0xFE,0x01,0x80,0x03,0x80,0x02,0xC0,0x06,0x40,0x04,0x60,0x0C,0x30,0x38,0x1C,0x70,0x06,0x00,0x00,0x00,0x00,0x00,0x00}, // 1303 犬
    {0x7C,0x30,0x44,0x70,0x5C,0x48,0x5C,0x86,0x5D,0x7A,0x5C,0x00,0x5D,0xFE,0x5C,0x30,0x54,0x30,0x10,0xB4,0x1C,0xB6,0x25,0x32,0x64,0x70,0x00,0x00,0x00,0x00,0x00,0x00}, // 1304 赊
    {0x31,0xE0,0x20,0x24,0x65,0x2C,0x49,0x08,0x7B,0xFE,0x12,0x02,0x32,0x00,0x25,0xF8,0x78,0x88,0x00,0xD8,0x1C,0x70,0x60,0x70,0x03,0x8E,0x00,0x02,0x00,0x00,0x00,0x00}, // 1305 绶
    {0x15,0xFE,0x32,0x20,0x22,0x20,0x21,0xFC,0x48,0xA4,0x18,0x94,0x10,0x94,0x16,0x94,0x32,0xB4,0x22,0xA4,0x7E,0x28,0x00,0x44,0x01,0xC2,0x00,0x00,0x00,0x00,0x00,0x00}, // 1306 颂
    {0x00,0x00,0x1F,0xFC,0x00,0x0C,0x08,0x0C,0x0C,0x0C,0x07,0x0C,0x01,0x08,0x00,0x08,0x00,0x68,0x01,0xC8,0x0E,0x08,0x18,0x08,0x00,0x08,0x00,0x78,0x00,0x00,0x00,0x00}, // 1307 习
    {0x01,0x80,0x7F,0xFC,0x61,0x04,0x01,0x80,0x3F,0xFC,0x0C,0x20,0x06,0x60,0x7F,0xFE,0x01,0x80,0x01,0x80,0x3F,0xFC,0x01,0x80,0x01,0x80,0x01,0x80,0x00,0x00,0x00,0x00}, // 1308 宰
    {0x00,0x90,0x30,0x90,0x10,0x90,0x07,0xFE,0x00,0x90,0x70,0x90,0x10,0x90,0x17,0xFE,0x11,0x10,0x11,0x10,0x13,0x10,0x12,0x10,0x7E,0x00,0x43,0xFE,0x00,0x00,0x00,0x00}, // 1309 进
    {0x00,0x20,0x7C,0x20,0x05,0xDE,0x2D,0x22,0x29,0x5A,0x29,0xBA,0x29,0x3A,0x3D,0x62,0x05,0xFE,0x04,0x20,0x75,0x56,0x05,0x42,0x06,0x4B,0x1C,0x78,0x00,0x00,0x00,0x00}, // 1310 骢
    {0x10,0x00,0x11,0xFC,0x10,0xD8,0x7F,0xFE,0x10,0x72,0x11,0x90,0x33,0x30,0x39,0xFE,0x55,0x02,0x51,0x4A,0x11,0xFA,0x11,0x52,0x11,0x72,0x11,0x06,0x00,0x00,0x00,0x00}, // 1311 橘
    {0x10,0x00,0x11,0xFC,0x21,0x80,0x3E,0x80,0x64,0x80,0xC4,0xFC,0x10,0xC4,0x11,0xEC,0x11,0x28,0x15,0x28,0x1D,0x38,0x1B,0x38,0x32,0x6C,0x06,0xC6,0x00,0x80,0x00,0x00}, // 1312 饭
    {0x30,0x40,0x17,0xFC,0x04,0x44,0x44,0xC4,0x70,0xC0,0x11,0xC4,0x01,0x2C,0x03,0x38,0x17,0x30,0x2D,0x18,0x21,0x48,0x61,0xC6,0x41,0x82,0x01,0x00,0x00,0x00,0x00,0x00}, // 1313 浓
    {0x3F,0xFE,0x22,0x60,0x22,0x60,0x3F,0xFC,0x22,0x64,0x22,0x64,0x3F,0xFC,0x24,0x60,0x24,0x64,0x27,0x78,0x24,0x60,0x45,0x62,0x46,0x7E,0x00,0x00,0x00,0x00,0x00,0x00}, // 1314 鹿
    {0x04,0x20,0x04,0x20,0x7F,0xFE,0x04,0x20,0x00,0x98,0x00,0x88,0x1F,0xFE,0x10,0x80,0x10,0x88,0x10,0xD0,0x30,0x60,0x30,0xE0,0x21,0xB2,0x67,0x1E,0x00,0x00,0x00,0x00}, // 1315 茂
    {0x11,0xFC,0x01,0x04,0x7D,0x24,0x09,0x24,0x09,0x24,0x11,0x24,0x3D,0x24,0x75,0x64,0x50,0x70,0x10,0x70,0x10,0xB2,0x11,0xB2,0x13,0x1E,0x10,0x00,0x00,0x00,0x00,0x00}, // 1316 视
    {0x04,0x00,0x0F,0xF0,0x1C,0x30,0x32,0x60,0x01,0x80,0x07,0xF0,0x78,0x1E,0x1F,0xF8,0x19,0x88,0x1F,0xF8,0x19,0x88,0x19,0x88,0x1F,0xF8,0x18,0x08,0x00,0x00,0x00,0x00}, // 1317 备
    {0x3F,0xFE,0x26,0xB0,0x25,0xFE,0x2F,0xFC,0x25,0x10,0x25,0xFC,0x25,0xFE,0x27,0xFC,0x24,0x08,0x24,0xC8,0x67,0xFE,0x40,0x02,0x4F,0xF6,0x40,0x04,0x00,0x00,0x00,0x00}, // 1318 鹰
    {0x00,0x20,0x30,0x20,0x19,0x3C,0x01,0x20,0x41,0x20,0x61,0x20,0x37,0xFE,0x00,0x20,0x11,0x24,0x13,0x24,0x32,0x28,0x26,0x38,0x20,0x70,0x63,0xC0,0x06,0x00,0x00,0x00}, // 1319 涉
    {0x18,0x60,0x10,0x60,0x30,0xD0,0x20,0x98,0x09,0x0C,0x1E,0xFE,0x12,0x20,0x30,0x20,0x73,0xFE,0x50,0x20,0x11,0xA8,0x13,0x24,0x16,0x26,0x10,0xE0,0x10,0x80,0x00,0x00}, // 1320 徐
    {0x01,0x80,0x01,0x80,0x3F,0xF8,0x31,0x88,0x31,0x88,0x31,0x88,0x3F,0xF8,0x01,0x80,0x01,0x80,0x25,0x88,0x24,0xC4,0x64,0x02,0x44,0x12,0x07,0xF0,0x00,0x00,0x00,0x00}, // 1321 忠
    {0x01,0x80,0x01,0x80,0x01,0x80,0x3F,0xFC,0x01,0x80,0x01,0x80,0x7F,0xFE,0x7F,0xFE,0x01,0x80,0x11,0x88,0x11,0x88,0x11,0x88,0x1F,0xF8,0x1F,0xF8,0x00,0x00,0x00,0x00}, // 1322 击
    {0x79,0x80,0x49,0xFE,0x4B,0x00,0x4F,0xFC,0x49,0x24,0x79,0x24,0x4B,0xFE,0x49,0x04,0x49,0x24,0x49,0x2C,0x79,0xFE,0x40,0x0C,0x00,0x18,0x00,0x00,0x00,0x00,0x00,0x00}, // 1323 晦
    {0x0C,0x20,0x1B,0x20,0x31,0xFE,0x60,0x44,0x5E,0xC4,0x00,0xC8,0x29,0x48,0x29,0x28,0x2E,0x28,0x32,0x10,0x03,0xB8,0x7E,0x6C,0x01,0xC6,0x00,0x00,0x00,0x00,0x00,0x00}, // 1324 敛
    {0x23,0xF8,0x12,0x48,0x03,0xF8,0x07,0xFE,0x70,0x00,0x33,0xF8,0x32,0x08,0x33,0xF8,0x32,0x00,0x33,0xFC,0x32,0x0C,0x7B,0xFC,0x47,0xFE,0x00,0x00,0x00,0x00,0x00,0x00}, // 1325 遣
    {0x01,0x08,0x21,0x08,0x17,0xFE,0x01,0x08,0x01,0xF8,0x71,0x08,0x11,0xF8,0x10,0x20,0x10,0x20,0x17,0xFE,0x10,0xB0,0x1D,0xA8,0x1B,0x26,0x16,0x22,0x00,0x20,0x00,0x00}, // 1326 谋
    {0x08,0x60,0x08,0x60,0x1B,0xFE,0x10,0x40,0x33,0xF8,0x73,0x08,0x53,0xF8,0x53,0x08,0x13,0xF8,0x13,0x08,0x13,0xF8,0x13,0x08,0x13,0x08,0x17,0xFE,0x00,0x00,0x00,0x00}, // 1327 值
    {0x7D,0xE0,0x04,0x20,0x2C,0x20,0x2D,0xFE,0x28,0x48,0x28,0x4C,0x68,0x86,0x7D,0x4A,0x04,0x48,0x74,0x48,0x44,0x48,0x04,0xC8,0x1D,0x88,0x10,0x08,0x00,0x00,0x00,0x00}, // 1328 骄
    {0x01,0x20,0x33,0x26,0x13,0x64,0x12,0x4C,0x02,0x48,0x04,0x98,0x76,0xC8,0x12,0x4C,0x12,0x64,0x11,0x26,0x11,0x34,0x10,0x00,0x2C,0x01,0x43,0xFE,0x00,0x00,0x00,0x00}, // 1329 巡
    {0x7F,0xFE,0x04,0x20,0x01,0x28,0x3C,0xA8,0x2D,0xFC,0x3C,0x40,0x2F,0xFE,0x2C,0x88,0x3D,0x26,0x2E,0xAA,0x6C,0x30,0x4D,0xAC,0x48,0xE4,0x00,0x40,0x00,0x00,0x00,0x00}, // 1330 藤
    {0x37,0xFE,0x04,0x02,0x00,0x00,0x43,0xFC,0x72,0x04,0x03,0xFC,0x02,0x04,0x23,0xFC,0x30,0x60,0x27,0xFE,0x20,0x10,0x61,0x98,0x46,0x06,0x00,0x02,0x00,0x00,0x00,0x00}, // 1331 溟
    {0x09,0x90,0x09,0x90,0x01,0xB0,0x7F,0xFE,0x6F,0xF6,0x08,0x10,0x0F,0xF0,0x00,0x00,0x3F,0xFC,0x00,0x80,0x1F,0xF8,0x7F,0xFE,0x00,0x80,0x03,0x80,0x03,0x00,0x00,0x00}, // 1332 掌
    {0x60,0x90,0x17,0xFE,0x00,0x40,0x03,0xFC,0x60,0x40,0x27,0xFE,0x00,0x60,0x03,0xE0,0x10,0x6C,0x27,0xF8,0x21,0x50,0x63,0x4C,0x4C,0xC6,0x00,0x80,0x00,0x00,0x00,0x00}, // 1333 漾
    {0x06,0x20,0x7F,0xFC,0x01,0x00,0x3F,0xFC,0x02,0x00,0x7F,0xFE,0x04,0x00,0x0F,0xF8,0x3F,0xF8,0x68,0x08,0x0F,0xF8,0x08,0x08,0x0F,0xF8,0x08,0x08,0x00,0x00,0x00,0x00}, // 1334 着
    {0x30,0x20,0x33,0xFE,0x78,0x30,0x31,0x20,0x31,0x3E,0x3B,0x46,0x3B,0x54,0x75,0xD4,0x31,0x2C,0x31,0x28,0x31,0x18,0x31,0x3C,0x71,0xC6,0x41,0x00,0x00,0x00,0x00,0x00}, // 1335 掖
    {0x33,0x44,0x1A,0x4C,0x02,0x60,0x00,0xD8,0x71,0x8E,0x16,0x60,0x10,0x60,0x11,0x64,0x13,0x6C,0x10,0x60,0x1C,0xD0,0x39,0x88,0x13,0x06,0x06,0x00,0x00,0x00,0x00,0x00}, // 1336 谈
    {0x10,0x88,0x7C,0xBE,0x00,0x80,0x4F,0xB6,0x2B,0x94,0x0A,0x84,0x7E,0xBE,0x12,0x88,0x7C,0x88,0x11,0xBE,0x11,0x08,0x23,0x08,0x66,0x08,0x00,0x00,0x00,0x00,0x00,0x00}, // 1337 辨
    {0x10,0x40,0x10,0x40,0x10,0x5C,0x1F,0x60,0x10,0x40,0x10,0x40,0x1E,0x44,0x11,0xFC,0x01,0x80,0x7F,0xFE,0x7F,0xFE,0x01,0x80,0x01,0x80,0x01,0x80,0x01,0x80,0x00,0x00}, // 1338 毕
    {0x11,0x10,0x17,0xBC,0x59,0x68,0x59,0x3E,0x57,0xE2,0x55,0x6A,0x17,0xEA,0x17,0xEA,0x13,0xAA,0x17,0x6A,0x15,0x18,0x19,0x14,0x11,0x66,0x00,0x00,0x00,0x00,0x00,0x00}, // 1339 懒
    {0x00,0x98,0x00,0x98,0x7F,0xFE,0x4C,0x98,0x4C,0x20,0x4D,0xFC,0x7D,0x24,0x4D,0x24,0x4D,0x24,0x4F,0xFE,0x4C,0x50,0x7C,0x50,0x41,0x8C,0x07,0x06,0x00,0x00,0x00,0x00}, // 1340 暎
    {0x1F,0x7E,0x24,0xD8,0x46,0x80,0x08,0x48,0x7E,0xFE,0x08,0x48,0x3D,0xFF,0x08,0x00,0x7E,0xFC,0x18,0x84,0x2E,0xFC,0x6A,0x84,0x48,0xFC,0x08,0x00,0x00,0x00,0x00,0x00}, // 1341 籍
    {0x08,0xFE,0x7F,0x26,0x02,0x26,0x16,0x24,0x04,0x64,0x7F,0xCC,0x00,0x00,0x3E,0x7E,0x22,0x46,0x3E,0x46,0x22,0x46,0x3E,0x7E,0x22,0x46,0x20,0x46,0x00,0x00,0x00,0x00}, // 1342 韶
    {0x02,0x00,0x1F,0xF8,0x12,0x08,0x13,0x08,0x11,0x30,0x10,0x00,0x1F,0xFE,0x02,0x04,0x62,0x24,0x62,0x24,0x7F,0xE4,0x00,0x24,0x00,0x1C,0x00,0x00,0x00,0x00,0x00,0x00}, // 1343 岛
    {0x00,0x20,0x30,0x20,0x18,0x20,0x08,0x20,0x00,0x20,0x77,0xFE,0x10,0x20,0x10,0x20,0x10,0x20,0x10,0x20,0x16,0x20,0x1C,0x20,0x18,0x20,0x10,0x20,0x00,0x00,0x00,0x00}, // 1344 计
    {0x08,0x40,0x00,0xC0,0x7E,0xFE,0x11,0x90,0x11,0x10,0x10,0xFE,0x1E,0x92,0x12,0x92,0x32,0x92,0x22,0x92,0x22,0x92,0x62,0x96,0x4E,0x10,0x40,0x10,0x00,0x00,0x00,0x00}, // 1345 斾
    {0x08,0x00,0x08,0xFE,0x3E,0x26,0x08,0x24,0x08,0x44,0x7F,0xDC,0x0C,0x80,0x0C,0x7C,0x2F,0x44,0x2D,0x44,0x2C,0x44,0x7C,0x7C,0x4C,0x00,0x47,0xFE,0x00,0x00,0x00,0x00}, // 1346 超
    {0x3F,0xFC,0x3F,0xFC,0x20,0x0C,0x3F,0xFC,0x22,0x20,0x22,0x24,0x2F,0xFC,0x22,0x20,0x3F,0xFE,0x26,0x88,0x26,0x48,0x26,0x70,0x67,0xB0,0x46,0x0E,0x00,0x00,0x00,0x00}, // 1347 展
    {0x7F,0xFE,0x05,0x40,0x3F,0xFC,0x01,0x00,0x1F,0xF8,0x01,0x08,0x3F,0xFC,0x1F,0xF8,0x01,0x00,0x7F,0xFE,0x04,0x20,0x03,0xC0,0x0F,0xBC,0x30,0x04,0x00,0x00,0x00,0x00}, // 1348 萋
    {0x00,0x00,0x3F,0xFE,0x23,0x20,0x23,0x20,0x23,0x20,0x23,0x20,0x22,0x20,0x22,0x20,0x26,0x26,0x24,0x3E,0x2C,0x00,0x20,0x00,0x20,0x00,0x3F,0xFE,0x00,0x00,0x00,0x00}, // 1349 匹
    {0x1F,0xBE,0x34,0x48,0x66,0x08,0x00,0x80,0x1F,0xFC,0x10,0x04,0x1F,0xFC,0x10,0x00,0x1F,0xFC,0x29,0x24,0x2F,0xFC,0x69,0x24,0x49,0x2C,0x08,0x08,0x00,0x00,0x00,0x00}, // 1350 篇
    {0x01,0x80,0x01,0x80,0x1F,0xF8,0x11,0x88,0x11,0x88,0x11,0x08,0x11,0x08,0x7F,0xFE,0x03,0x40,0x02,0x60,0x04,0x30,0x18,0x18,0x70,0x0E,0x00,0x00,0x00,0x00,0x00,0x00}, // 1351 央
    {0x00,0xC0,0x3F,0xFE,0x20,0x00,0x27,0xFC,0x20,0x30,0x20,0xE0,0x20,0x40,0x2F,0xFE,0x20,0x44,0x20,0x40,0x60,0x40,0x60,0x40,0x41,0xC0,0x00,0x00,0x00,0x00,0x00,0x00}, // 1352 序
    {0x3F,0xFC,0x3F,0xFC,0x30,0x04,0x3F,0xFC,0x30,0x40,0x30,0x40,0x34,0x4C,0x34,0x4C,0x37,0xFC,0x20,0x40,0x24,0x44,0x24,0x44,0x64,0x44,0x47,0xFC,0x00,0x00,0x00,0x00}, // 1353 屈
    {0x00,0x00,0x02,0x00,0x02,0x00,0x3F,0xF8,0x32,0x48,0x32,0x48,0x32,0x48,0x32,0x48,0x32,0x48,0x32,0x48,0x32,0x48,0x32,0x48,0x32,0x48,0x7F,0xFE,0x00,0x00,0x00,0x00}, // 1354 血
    {0x03,0x00,0x03,0x00,0x02,0x00,0x3F,0xFE,0x02,0x00,0x06,0x00,0x04,0x00,0x0F,0xFC,0x08,0xC0,0x18,0xC0,0x30,0xC0,0x60,0xC0,0x40,0xC0,0x1F,0xFE,0x00,0x00,0x00,0x00}, // 1355 左
    {0x00,0x20,0x33,0xFE,0x18,0x20,0x03,0xFC,0x00,0x20,0x77,0xFE,0x10,0x00,0x11,0xFC,0x11,0x04,0x11,0xFC,0x15,0x04,0x19,0xFC,0x31,0x04,0x01,0x0C,0x00,0x00,0x00,0x00}, // 1356 请
    {0x01,0x80,0x01,0x80,0x41,0x82,0x7F,0xFE,0x01,0x80,0x01,0x80,0x1F,0xF0,0x04,0x30,0x04,0x20,0x02,0x60,0x03,0xC0,0x01,0x80,0x06,0x70,0x38,0x1E,0x00,0x00,0x00,0x00}, // 1357 支
    {0x29,0xDE,0x08,0x42,0x7C,0x42,0x11,0x52,0x11,0x52,0x7D,0x5A,0x10,0x46,0x10,0xCE,0x7D,0xD2,0x11,0x42,0x30,0x42,0x20,0x42,0x60,0xCE,0x00,0x00,0x00,0x00,0x00,0x00}, // 1358 翔
    {0x1B,0xFE,0x12,0x00,0x32,0xFC,0x32,0x84,0x72,0xFC,0x52,0xFC,0x12,0x20,0x13,0xFE,0x12,0x48,0x12,0xF8,0x12,0x3C,0x12,0xC4,0x13,0xFE,0x10,0x00,0x00,0x00,0x00,0x00}, // 1359 偃
    {0x7F,0xFE,0x05,0xA0,0x7F,0xFE,0x01,0x80,0x1F,0xF8,0x11,0x88,0x1F,0xF8,0x1F,0xF8,0x01,0x88,0x7F,0xFE,0x05,0x88,0x34,0xAC,0x27,0xE6,0x00,0x00,0x00,0x00,0x00,0x00}, // 1360 蕙
    {0x00,0x80,0x00,0x80,0x00,0x80,0x7F,0xFE,0x00,0x80,0x00,0x80,0x3F,0xFC,0x03,0xC0,0x02,0xC0,0x04,0xA0,0x0C,0xB0,0x38,0x8C,0x60,0x86,0x00,0x80,0x01,0x80,0x00,0x00}, // 1361 末
    {0x01,0xE0,0x01,0x00,0x01,0x00,0x01,0x00,0x01,0x00,0x01,0x00,0x01,0x00,0x01,0x00,0x01,0x00,0x01,0x00,0x01,0x00,0x01,0x00,0x01,0x00,0x01,0xE0,0x00,0x00,0x00,0x00}, // 1362 [
    {0x07,0x80,0x00,0x80,0x00,0x80,0x00,0x80,0x00,0x80,0x00,0x80,0x00,0x80,0x00,0x80,0x00,0x80,0x00,0x80,0x00,0x80,0x00,0x80,0x00,0x80,0x07,0x80,0x00,0x00,0x00,0x00}, // 1363 ]
    {0x1B,0xFE,0x00,0x02,0x67,0xE2,0x64,0x22,0x64,0x22,0x67,0xE2,0x60,0x02,0x6F,0xF2,0x68,0x12,0x68,0x12,0x6F,0xF2,0x60,0x02,0x60,0x0E,0x00,0x00,0x00,0x00,0x00,0x00}, // 1364 闾
    {0x01,0x80,0x01,0x80,0x3F,0xFC,0x07,0xE0,0x0D,0xB0,0x31,0x8C,0x29,0xA0,0x08,0x20,0x7E,0xFE,0x18,0x70,0x1B,0x68,0x28,0xA4,0x69,0xA6,0x08,0x20,0x00,0x00,0x00,0x00}, // 1365 森
    {0x63,0x00,0x23,0xFE,0x24,0x40,0x0F,0x44,0x03,0x7C,0x73,0xC4,0x17,0x44,0x13,0x5C,0x13,0x40,0x13,0x06,0x11,0xFC,0x38,0x00,0x67,0xFE,0x00,0x00,0x00,0x00,0x00,0x00}, // 1366 迤
    {0x7C,0x90,0x64,0x96,0x64,0xDC,0x7C,0x90,0x08,0x92,0x08,0xFA,0x4F,0x8C,0x48,0x30,0x48,0x30,0x49,0xFE,0x4C,0x30,0x70,0x30,0x00,0x30,0x00,0x30,0x00,0x00,0x00,0x00}, // 1367 跸
    {0x7F,0x20,0x00,0x20,0x3E,0xFC,0x22,0x28,0x3E,0xA8,0x7E,0xE8,0x04,0x78,0x0A,0x5E,0x7C,0x86,0x09,0x80,0x38,0x0C,0x24,0x44,0x62,0x66,0x40,0x00,0x00,0x00,0x00,0x00}, // 1368 熟
    {0x08,0x60,0x7F,0x7C,0x08,0x88,0x08,0x90,0x7E,0xFE,0x4A,0xC6,0x4A,0xD6,0x7F,0xD6,0x18,0xD6,0x3E,0xF6,0x6A,0x28,0x48,0x6C,0x09,0xC6,0x00,0x00,0x00,0x00,0x00,0x00}, // 1369 赖
    {0x0C,0x46,0x3F,0x44,0x0C,0x2C,0x0C,0x38,0x0C,0x18,0x7F,0x98,0x04,0x18,0x34,0x3C,0x27,0x64,0x34,0xC6,0x3C,0x00,0x6E,0x00,0x43,0xFE,0x00,0x00,0x00,0x00,0x00,0x00}, // 1370 赵
    {0x00,0x20,0x3C,0x24,0x25,0xFC,0x24,0xB8,0x24,0xA8,0x3D,0xAC,0x0B,0x66,0x48,0x40,0x4F,0xFC,0x49,0x04,0x49,0xFC,0x4B,0x04,0x7F,0x04,0x41,0xFC,0x01,0x04,0x00,0x00}, // 1371 踏
    {0x08,0x20,0x7F,0x7E,0x08,0x40,0x3E,0x80,0x22,0x80,0x3E,0x78,0x22,0x18,0x3E,0x10,0x08,0x20,0x08,0x60,0x7F,0x42,0x08,0x42,0x08,0x7C,0x08,0x00,0x00,0x00,0x00,0x00}, // 1372 乾
    {0x21,0x08,0x3F,0x7E,0x20,0x08,0x2F,0x28,0x20,0x28,0x2F,0xA8,0x6B,0x08,0x52,0x98,0x04,0x10,0x05,0x08,0x34,0x8C,0x24,0x16,0x27,0xF0,0x00,0x00,0x00,0x00,0x00,0x00}, // 1373 慰
    {0x19,0xFC,0x11,0x0C,0x11,0x0C,0x31,0xFC,0x30,0x60,0x50,0x60,0x57,0xFE,0x10,0xF0,0x11,0xF0,0x11,0x78,0x12,0x6C,0x16,0x66,0x10,0x60,0x00,0x00,0x00,0x00,0x00,0x00}, // 1374 保
    {0x21,0x84,0x3F,0xFC,0x01,0x80,0x7F,0xFE,0x0F,0xF0,0x08,0x10,0x0F,0xF0,0x00,0x00,0x3F,0xFE,0x20,0x06,0x27,0xE6,0x27,0xE6,0x20,0x0C,0x00,0x08,0x00,0x00,0x00,0x00}, // 1375 嵩
    {0x00,0x08,0x3F,0xF8,0x31,0x80,0x31,0x80,0x30,0x80,0x30,0x80,0x3F,0xFE,0x30,0x80,0x30,0x80,0x30,0x40,0x30,0x40,0x3C,0x66,0x38,0x36,0x20,0x1C,0x00,0x00,0x00,0x00}, // 1376 氏
    {0x7F,0xFE,0x7F,0xFE,0x02,0x40,0x3F,0xFC,0x22,0x44,0x3F,0xFC,0x3F,0xFC,0x1F,0xF8,0x10,0x08,0x11,0x88,0x11,0x08,0x03,0x60,0x06,0x38,0x7C,0x0E,0x00,0x00,0x00,0x00}, // 1377 贾
    {0x10,0xBC,0x13,0xC0,0x10,0x4C,0x54,0x70,0x58,0xE0,0x53,0xB6,0x50,0x1C,0x13,0xFE,0x18,0x90,0x3C,0x90,0x24,0x90,0x61,0x12,0x47,0x1E,0x00,0x00,0x00,0x00,0x00,0x00}, // 1378 烧
    {0x31,0x90,0x21,0x00,0x2D,0xFE,0x4B,0x30,0x7B,0x30,0x15,0xFC,0x11,0x30,0x21,0x30,0x79,0xFC,0x01,0x30,0x01,0x30,0x7D,0xFE,0x41,0x00,0x01,0x00,0x00,0x00,0x00,0x00}, // 1379 维
    {0x01,0x0C,0x1F,0xF8,0x01,0x30,0x7F,0xFE,0x00,0xC0,0x03,0x00,0x07,0xF8,0x18,0x70,0x60,0x80,0x1F,0xFC,0x00,0x80,0x00,0x80,0x03,0x80,0x02,0x00,0x00,0x00,0x00,0x00}, // 1380 孝
    {0x21,0x90,0x30,0x10,0x17,0xFC,0x00,0x64,0x67,0xFC,0x37,0xFE,0x06,0x60,0x17,0xFE,0x10,0xE2,0x31,0xE2,0x23,0x66,0x66,0x6C,0x0C,0x60,0x00,0x60,0x00,0x00,0x00,0x00}, // 1381 涕
    {0x00,0x00,0x3F,0xFC,0x03,0x0C,0x03,0x0C,0x03,0x08,0x03,0x08,0x03,0x08,0x03,0x08,0x03,0x08,0x03,0x38,0x03,0x00,0x03,0x00,0x03,0x00,0x7F,0xFE,0x00,0x00,0x00,0x00}, // 1382 卫
    {0x10,0x00,0x13,0xDC,0x55,0x54,0x55,0x44,0x59,0xDC,0x10,0x44,0x7C,0xB0,0x29,0xFE,0x2B,0x30,0x2B,0xFC,0x29,0x30,0x2F,0xFC,0x4D,0xFE,0x49,0x00,0x00,0x00,0x00,0x00}, // 1383 耀
    {0x10,0xD8,0x11,0xFC,0x11,0x24,0x54,0x40,0x57,0xFE,0x50,0x98,0x13,0x2C,0x16,0xC2,0x11,0x98,0x10,0x64,0x11,0xCC,0x10,0x30,0x13,0xC0,0x10,0x00,0x00,0x00,0x00,0x00}, // 1384 惨
    {0x3E,0x08,0x23,0xFC,0x22,0x20,0x22,0x20,0x3E,0x20,0x08,0x20,0x09,0xFE,0x2E,0x20,0x28,0x30,0x28,0x50,0x28,0x58,0x2E,0xC8,0x71,0x84,0x03,0x06,0x00,0x00,0x00,0x00}, // 1385 跃
    {0x7C,0x30,0x45,0xFE,0x44,0xC8,0x7C,0x48,0x11,0xFE,0x11,0x22,0x50,0x20,0x5D,0xFE,0x51,0x26,0x51,0x26,0x5D,0x2E,0x79,0x20,0x40,0x20,0x00,0x20,0x00,0x00,0x00,0x00}, // 1386 蹄
    {0x00,0x80,0x31,0x80,0x19,0x00,0x0B,0xFE,0x42,0x02,0x66,0x82,0x10,0x82,0x00,0x82,0x09,0x36,0x19,0x16,0x13,0xF6,0x30,0x16,0x60,0x06,0x00,0x1C,0x00,0x10,0x00,0x00}, // 1387 沟
    {0x00,0x80,0x1F,0xF8,0x11,0x08,0x11,0x08,0x7F,0xFE,0x05,0x30,0x39,0x1E,0x6E,0xFE,0x09,0x18,0x08,0x20,0x0F,0xFC,0x00,0x04,0x7F,0xE4,0x00,0x1C,0x00,0x00,0x00,0x00}, // 1388 鸯
    {0x00,0x80,0x3F,0xFE,0x30,0x80,0x37,0xF8,0x30,0x88,0x3F,0xFE,0x20,0x88,0x27,0xF8,0x20,0x80,0x2F,0xF8,0x2C,0x08,0x6F,0xF8,0x4F,0xF8,0x0C,0x00,0x00,0x00,0x00,0x00}, // 1389 唐
    {0x7F,0xFE,0x00,0x00,0x1F,0xF8,0x1F,0xF8,0x00,0x00,0x7F,0xFE,0x40,0x02,0x0F,0xF8,0x0E,0x98,0x33,0xE0,0x1D,0xD0,0x26,0x4C,0x38,0xC6,0x01,0x00,0x00,0x00,0x00,0x00}, // 1390 豪
    {0x00,0x58,0x00,0x48,0x7F,0xFE,0x00,0x40,0x3E,0x40,0x22,0x4C,0x22,0x48,0x22,0x58,0x3E,0x30,0x00,0x30,0x0F,0x70,0x70,0xD2,0x03,0x8E,0x00,0x04,0x00,0x00,0x00,0x00}, // 1391 或
    {0x10,0x40,0x10,0x44,0x31,0xF4,0x26,0x48,0x64,0x58,0x7B,0xFF,0x08,0x20,0x11,0xFC,0x21,0x84,0x7F,0x84,0x03,0xFC,0x05,0x84,0x7D,0xFC,0x41,0xFC,0x01,0x80,0x00,0x00}, // 1392 绪
    {0x0C,0x20,0x06,0x20,0x3F,0xFC,0x04,0x20,0x04,0x20,0x04,0x20,0x04,0x20,0x7F,0xFE,0x04,0x20,0x0C,0x20,0x08,0x20,0x18,0x20,0x70,0x20,0x20,0x00,0x00,0x00,0x00,0x00}, // 1393 并
    {0x00,0x00,0x33,0xF8,0x12,0x08,0x03,0xF8,0x42,0x08,0x32,0x08,0x03,0xF8,0x00,0x00,0x17,0xFC,0x34,0xA4,0x24,0xA4,0x24,0xA4,0x64,0xA4,0x5F,0xFE,0x00,0x00,0x00,0x00}, // 1394 温
    {0x00,0x20,0x00,0x60,0x7C,0x50,0x10,0xD8,0x11,0x8E,0x13,0x32,0x7C,0x60,0x10,0xC8,0x11,0x98,0x10,0x66,0x10,0xCC,0x3C,0x98,0x60,0x70,0x03,0xC0,0x01,0x00,0x00,0x00}, // 1395 珍
    {0x30,0x00,0x31,0xFE,0x21,0x10,0x7D,0x10,0x7D,0x10,0x25,0x7C,0x25,0x44,0x2D,0x44,0x49,0x44,0x39,0x7C,0x1D,0x10,0x17,0x10,0x31,0x10,0x61,0xFE,0x00,0x00,0x00,0x00}, // 1396 姬
    {0x10,0x04,0x00,0x04,0x7D,0xFC,0x08,0x04,0x0B,0xFE,0x10,0x20,0x31,0x20,0x7D,0xBC,0x50,0x70,0x10,0xA8,0x13,0x26,0x12,0x22,0x10,0xE0,0x10,0x40,0x00,0x00,0x00,0x00}, // 1397 禄
    {0x3E,0x10,0x22,0xFE,0x22,0xFE,0x22,0x82,0x3E,0x82,0x08,0x40,0x08,0x44,0x4E,0x58,0x48,0x60,0x48,0x40,0x48,0x40,0x5E,0x42,0x60,0x7E,0x00,0x00,0x00,0x00,0x00,0x00}, // 1398 跎
    {0x20,0x20,0x17,0xFE,0x00,0x98,0x00,0x10,0x73,0xFE,0x12,0x22,0x12,0xFA,0x12,0x22,0x12,0xF2,0x12,0x92,0x1A,0x92,0x3A,0xF2,0x32,0x0E,0x02,0x04,0x00,0x00,0x00,0x00}, // 1399 谪
    {0x7C,0x20,0x4B,0xFE,0x4A,0x02,0x48,0x00,0x51,0xFC,0x58,0x00,0x4B,0xFC,0x44,0xD0,0x44,0x90,0x5C,0x90,0x40,0x90,0x41,0x92,0x47,0x1E,0x40,0x00,0x00,0x00,0x00,0x00}, // 1400 院
    {0x10,0xC0,0x10,0x80,0x11,0xF8,0x7D,0x10,0x12,0x30,0x11,0xFC,0x15,0x24,0x1D,0x24,0x71,0x24,0x57,0xFE,0x10,0x70,0x10,0xD0,0x11,0x8C,0x77,0x06,0x00,0x00,0x00,0x00}, // 1401 换
    {0x02,0x00,0x7E,0x30,0x08,0x30,0x08,0x20,0x08,0x20,0x7F,0x60,0x18,0x60,0x1E,0x48,0x3B,0x48,0x28,0xCC,0x68,0x84,0x48,0x86,0x09,0xFA,0x09,0x00,0x08,0x00,0x00,0x00}, // 1402 私
    {0x1F,0xFE,0x10,0x00,0x50,0x40,0x73,0xFC,0x32,0x44,0x12,0x4C,0x12,0x40,0x73,0xF8,0x16,0x98,0x16,0xD0,0x14,0x70,0x34,0x70,0x6B,0x8E,0x00,0x00,0x00,0x00,0x00,0x00}, // 1403 疲
    {0x19,0x90,0x09,0x10,0x3F,0xFC,0x03,0x00,0x7F,0xFE,0x06,0x20,0x0C,0x10,0x3F,0xFE,0x68,0x12,0x0F,0xF0,0x0F,0xF0,0x08,0x10,0x0F,0xF0,0x08,0x10,0x00,0x00,0x00,0x00}, // 1404 眷
    {0x1F,0xFC,0x11,0xAC,0x15,0xAC,0x1F,0xFC,0x01,0x80,0x3F,0xFC,0x01,0x80,0x7F,0xFE,0x36,0x4C,0x22,0x24,0x01,0x80,0x1F,0xFC,0x01,0x80,0x7F,0xFE,0x00,0x00,0x00,0x00}, // 1405 墨
    {0x7C,0x48,0x65,0xFE,0x64,0x20,0x64,0x20,0x7D,0xFC,0x08,0x20,0x49,0xFE,0x4C,0x40,0x48,0xC0,0x49,0xFC,0x4B,0x30,0x5C,0x30,0x71,0xFE,0x00,0x00,0x00,0x00,0x00,0x00}, // 1406 蹉
    {0x3F,0xFE,0x20,0x02,0x20,0x00,0x2F,0xF8,0x28,0x88,0x2F,0xF8,0x2F,0xF8,0x28,0x88,0x2F,0xF8,0x20,0x80,0x20,0x80,0x20,0x80,0x20,0x80,0x3F,0xFE,0x00,0x00,0x00,0x00}, // 1407 匣
    {0x10,0x00,0x10,0xFC,0x10,0xFC,0x7E,0x04,0x22,0x04,0x26,0x04,0x24,0xFC,0x24,0x80,0x64,0x80,0x3C,0x80,0x0C,0x80,0x16,0x82,0x30,0x82,0xE0,0xFE,0x00,0x00,0x00,0x00}, // 1408 妃
    {0x00,0x0C,0x23,0xF0,0x20,0x40,0x37,0xFE,0x01,0xD0,0x03,0x4C,0x76,0x44,0x10,0xC0,0x17,0xFE,0x11,0x10,0x10,0xE0,0x11,0xDC,0x3B,0x04,0x47,0xFE,0x00,0x3E,0x00,0x00}, // 1409 逶
    {0x06,0x20,0x26,0x20,0x37,0xFC,0x06,0x20,0x0E,0x20,0x36,0xFC,0x07,0x00,0x00,0x80,0x3F,0xFE,0x03,0x80,0x06,0xCC,0x1C,0x70,0x25,0x30,0x06,0x0E,0x00,0x00,0x00,0x00}, // 1410 装
    {0x3F,0xFC,0x00,0x04,0x00,0x04,0x7F,0xE4,0x00,0x04,0x00,0x04,0x1F,0xC4,0x10,0x44,0x10,0x44,0x1F,0xC4,0x10,0x44,0x10,0x04,0x00,0x1C,0x00,0x00,0x00,0x00,0x00,0x00}, // 1411 司
    {0x06,0x20,0x7F,0xFE,0x06,0x20,0x1F,0xF8,0x01,0x80,0x7F,0xFE,0x1F,0xFC,0x15,0xAC,0x1F,0xFC,0x01,0x80,0x3F,0xFC,0x3F,0xFE,0x20,0x00,0x26,0x44,0x40,0x00,0x00,0x00}, // 1412 薰
    {0x00,0x00,0x1F,0xFC,0x10,0x00,0x10,0x00,0x10,0x00,0x1F,0xF8,0x16,0x18,0x12,0x10,0x13,0x30,0x11,0x20,0x31,0xE0,0x20,0xC0,0x63,0xF0,0x5E,0x1C,0x00,0x00,0x00,0x00}, // 1413 反
    {0x10,0x30,0x10,0xB0,0x31,0xB0,0x7D,0xFE,0x4D,0x30,0x4C,0x30,0x7F,0xFE,0x4C,0x00,0x4C,0x00,0x4C,0xFC,0x7C,0x84,0x4C,0x84,0x40,0xFC,0x00,0x84,0x00,0x80,0x00,0x00}, // 1414 皓
    {0x7F,0xFE,0x01,0x80,0x1F,0xF8,0x01,0x88,0x7F,0xFE,0x01,0x88,0x1F,0xF8,0x03,0x00,0x7F,0xFE,0x04,0x10,0x0F,0xA0,0x00,0xF0,0x3F,0x0E,0x20,0x00,0x00,0x00,0x00,0x00}, // 1415 妻
    {0x30,0x28,0x30,0x24,0x30,0x20,0x37,0xFE,0x30,0x20,0x7B,0xE4,0x32,0xE4,0x32,0xF4,0x32,0xD8,0x33,0xD8,0x38,0x18,0x70,0xDA,0x47,0x3A,0x04,0x66,0x00,0x00,0x00,0x00}, // 1416 域
    {0x00,0x00,0x31,0xFC,0x08,0x04,0x08,0x04,0x00,0x04,0x70,0x04,0x11,0xFC,0x11,0x04,0x11,0x00,0x11,0x00,0x15,0x00,0x15,0x02,0x19,0x02,0x11,0xFE,0x00,0x00,0x00,0x00}, // 1417 记
    {0x23,0xFC,0x32,0x0C,0x12,0x0C,0x03,0xFC,0x02,0x0C,0x03,0xFC,0x72,0x00,0x12,0xCC,0x12,0x78,0x12,0x38,0x13,0xCC,0x13,0x04,0x3C,0x00,0x47,0xFE,0x40,0x00,0x00,0x00}, // 1418 退
    {0x12,0x20,0x7F,0xA0,0x12,0x7E,0x02,0xC4,0x30,0xC4,0x3F,0x64,0x41,0x28,0x7D,0x28,0x25,0x18,0x25,0x18,0x3D,0x18,0x25,0x2C,0x07,0xC6,0x00,0x00,0x00,0x00,0x00,0x00}, // 1419 敬
    {0x04,0x60,0x7F,0xFC,0x01,0x80,0x1F,0xF8,0x01,0x80,0x3F,0xFC,0x09,0x90,0x7F,0xFE,0x00,0x00,0x1F,0xF8,0x10,0x08,0x10,0x08,0x1F,0xF8,0x10,0x08,0x00,0x00,0x00,0x00}, // 1420 善
    {0x67,0xBC,0x30,0x84,0x12,0x94,0x02,0x8C,0x47,0xB4,0x74,0x04,0x03,0x20,0x03,0xFE,0x26,0x20,0x2F,0xFC,0x2A,0x20,0x23,0xFC,0x62,0x20,0x43,0xFE,0x02,0x00,0x00,0x00}, // 1421 濯
    {0x01,0x00,0x01,0x80,0x01,0x00,0x3F,0xFC,0x20,0x04,0x20,0x04,0x04,0x40,0x04,0x60,0x0C,0x20,0x08,0x30,0x18,0x10,0x10,0x18,0x30,0x0C,0x60,0x06,0x00,0x00,0x00,0x00}, // 1422 穴
    {0x00,0x48,0x3F,0xFE,0x3F,0xFE,0x24,0x60,0x27,0xE4,0x24,0x2C,0x24,0x28,0x3F,0xA8,0x2A,0xB8,0x2A,0x90,0x72,0x38,0x46,0x6A,0xC4,0xC6,0x00,0x00,0x00,0x00,0x00,0x00}, // 1423 戚
    {0x08,0xC0,0x18,0xD8,0x18,0xC8,0x10,0xC0,0x30,0xDE,0x37,0xF0,0x74,0x40,0x50,0x4C,0x10,0x58,0x10,0x50,0x10,0x20,0x10,0xF2,0x13,0x9A,0x12,0x0E,0x00,0x00,0x00,0x00}, // 1424 伐
    {0x11,0xFC,0x10,0x60,0x10,0x40,0x7C,0x40,0x10,0x40,0x13,0xFE,0x1C,0x50,0x70,0x50,0x50,0x90,0x10,0x90,0x11,0x12,0x13,0x12,0x36,0x1E,0x20,0x00,0x00,0x00,0x00,0x00}, // 1425 抚
    {0x0C,0x06,0x2C,0x06,0x6C,0x36,0x7F,0xB6,0x4C,0x36,0x7F,0xB6,0x0C,0x36,0x0C,0x36,0x7F,0xB6,0x6C,0xB6,0x6C,0xB6,0x6C,0x86,0x6D,0x86,0x0C,0x0E,0x00,0x00,0x00,0x00}, // 1426 制
    {0x02,0x40,0x32,0x4C,0x1A,0x48,0x02,0x40,0x7F,0xFE,0x00,0x00,0x32,0x4C,0x22,0x44,0x2F,0xF4,0x21,0x84,0x27,0xE4,0x21,0x84,0x21,0x84,0x3F,0xFC,0x00,0x04,0x00,0x00}, // 1427 凿
    {0x10,0x20,0x13,0xFE,0x13,0x26,0x7F,0x26,0x13,0xFE,0x13,0xFE,0x13,0x26,0x13,0x26,0x17,0xFE,0x3F,0x26,0x60,0x20,0x00,0x20,0x00,0x20,0x00,0x20,0x00,0x00,0x00,0x00}, // 1428 坤
    {0x01,0x00,0x3F,0xFC,0x02,0x40,0x04,0x20,0x18,0x18,0x77,0xEE,0x40,0x00,0x3F,0xFC,0x00,0x80,0x08,0x80,0x18,0x98,0x30,0x8C,0x23,0x84,0x02,0x00,0x00,0x00,0x00,0x00}, // 1429 奈
    {0x01,0x00,0x7F,0xFE,0x02,0x40,0x06,0x60,0x04,0x20,0x1B,0x18,0x31,0x0E,0x60,0x00,0x00,0x80,0x24,0x8C,0x24,0x06,0x64,0x12,0x47,0xF0,0x00,0x00,0x00,0x00,0x00,0x00}, // 1430 态
    {0x7B,0xFE,0x4A,0x06,0x4A,0x26,0x4A,0x26,0x4A,0xFE,0x4A,0x66,0x4A,0x76,0x4A,0x56,0x7A,0xCE,0x4A,0x86,0x02,0x06,0x03,0xFE,0x02,0x06,0x00,0x00,0x00,0x00,0x00,0x00}, // 1431 咽
    {0x40,0x28,0x60,0x68,0x2F,0x7E,0x03,0x7E,0x0A,0xC8,0x6A,0xC8,0x27,0xFE,0x06,0x48,0x06,0x48,0x26,0x7E,0x29,0x48,0x29,0x48,0x58,0x7E,0x40,0x40,0x00,0x00,0x00,0x00}, // 1432 滩
    {0x11,0xFC,0x11,0xFC,0x11,0x04,0x7D,0xFC,0x11,0x04,0x11,0xFC,0x10,0x00,0x1B,0xFE,0xF0,0x20,0x11,0x20,0x11,0x3C,0x13,0x20,0x12,0xE0,0x76,0x7E,0x04,0x00,0x00,0x00}, // 1433 提
    {0x7F,0xFC,0x00,0x00,0x0C,0x20,0x04,0x40,0x7F,0xFE,0x00,0x00,0x1F,0xF8,0x10,0x08,0x1F,0xF8,0x02,0x40,0x06,0x40,0x04,0x42,0x78,0x7E,0x20,0x00,0x00,0x00,0x00,0x00}, // 1434 竞
    {0x19,0xFE,0x00,0x02,0x7C,0x02,0x0F,0xFA,0x08,0x02,0x18,0x02,0x3D,0xF2,0x7D,0x12,0x5B,0x12,0x19,0xF2,0x19,0x12,0x18,0x02,0x18,0x0E,0x18,0x08,0x00,0x00,0x00,0x00}, // 1435 祠
    {0x04,0x20,0x04,0x20,0x7F,0xFE,0x04,0x20,0x01,0x80,0x1F,0xFC,0x10,0x0C,0x10,0x0C,0x10,0x0C,0x1F,0xFC,0x10,0x0C,0x30,0x00,0x20,0x00,0x60,0x00,0x00,0x00,0x00,0x00}, // 1436 芦
    {0x18,0x20,0x10,0x20,0x30,0x20,0x26,0xA4,0x64,0xA6,0x78,0xA2,0x19,0xA0,0x11,0x24,0x7C,0x26,0x70,0x0C,0x00,0x08,0x0C,0x10,0x70,0x60,0x01,0xC0,0x01,0x00,0x00,0x00}, // 1437 纱
    {0x20,0x20,0x30,0x20,0x13,0xFE,0x00,0x20,0x03,0xFE,0x71,0x04,0x11,0xB4,0x12,0x20,0x13,0xA0,0x10,0x20,0x1B,0xFE,0x18,0x60,0x10,0xD8,0x03,0x86,0x02,0x00,0x00,0x00}, // 1438 读
    {0x03,0x00,0x03,0x00,0x03,0x00,0x03,0x00,0x03,0x00,0x03,0x70,0x03,0x18,0x03,0x0C,0x03,0x06,0x03,0x00,0x03,0x00,0x03,0x00,0x03,0x00,0x03,0x00,0x00,0x00,0x00,0x00}, // 1439 卜
    {0x01,0x80,0x01,0x80,0x7F,0xFE,0x03,0xC0,0x07,0xE0,0x0D,0xB0,0x19,0x9C,0x61,0x86,0x1F,0xF8,0x10,0x08,0x10,0x08,0x10,0x08,0x1F,0xF8,0x18,0x08,0x00,0x00,0x00,0x00}, // 1440 杏
    {0x3D,0xFE,0x19,0x32,0x39,0x32,0x69,0x32,0x09,0xFE,0x0D,0x32,0x1D,0x32,0x3D,0xFE,0x6D,0xFE,0x4D,0x32,0x08,0x30,0x08,0x30,0x38,0x30,0x20,0x30,0x00,0x00,0x00,0x00}, // 1441 狎
    {0x00,0x10,0x10,0x10,0x23,0xD6,0x23,0x54,0x4F,0x10,0x7B,0x10,0x13,0xFE,0x33,0x30,0x63,0x3C,0x7B,0x56,0x03,0xD0,0x03,0x10,0x7B,0x00,0x43,0xFE,0x00,0x00,0x00,0x00}, // 1442 继
    {0x61,0x08,0x37,0xFE,0x01,0x08,0x01,0xF8,0x61,0x08,0x31,0x08,0x01,0xF8,0x01,0x08,0x17,0xFE,0x22,0x48,0x22,0xC4,0x62,0x80,0x43,0xFE,0x00,0x00,0x00,0x00,0x00,0x00}, // 1443 湛
    {0x30,0x60,0x08,0xA0,0x01,0x90,0x41,0x18,0x76,0x0E,0x15,0xF8,0x00,0x00,0x13,0xF8,0x13,0x08,0x13,0x08,0x33,0x08,0x23,0xF8,0x63,0x08,0x00,0x00,0x00,0x00,0x00,0x00}, // 1444 洽
    {0x7E,0xC8,0x24,0x58,0x25,0xFE,0x3C,0x20,0x24,0x20,0x24,0x20,0x3D,0xFE,0x24,0x20,0x24,0x30,0x2E,0x70,0x74,0x48,0x04,0xCC,0x05,0x86,0x04,0x02,0x00,0x00,0x00,0x00}, // 1445 联
    {0x11,0x18,0x11,0x18,0x17,0xFE,0x11,0x58,0x7C,0x60,0x10,0xB0,0x11,0x98,0x13,0xFE,0x16,0x02,0x14,0x00,0x3B,0xFC,0x63,0x0C,0x03,0x0C,0x03,0xFC,0x03,0x0C,0x00,0x00}, // 1446 塔
    {0x10,0x00,0x13,0xFC,0x15,0x88,0x74,0x98,0x56,0x70,0x50,0x70,0x51,0xDE,0x13,0x26,0x10,0x20,0x13,0xFC,0x10,0x20,0x10,0x20,0x10,0x20,0x17,0xFE,0x10,0x00,0x00,0x00}, // 1447 怪
    {0x01,0x80,0x7F,0xFE,0x7F,0xFE,0x60,0x00,0x0F,0xF0,0x08,0x10,0x0F,0xF0,0x00,0x00,0x3F,0xFC,0x21,0x84,0x3F,0xFC,0x21,0x84,0x3F,0xFC,0x00,0x00,0x00,0x00,0x00,0x00}, // 1448 富
    {0x04,0x60,0x7F,0xFE,0x04,0x60,0x01,0x00,0x3F,0xFC,0x01,0x00,0x7F,0xFE,0x08,0x30,0x3B,0x1C,0x67,0xF4,0x0E,0x20,0x19,0x40,0x01,0xC0,0x3E,0x3E,0x00,0x02,0x00,0x00}, // 1449 菱
    {0x1F,0xF8,0x0C,0x30,0x03,0xC0,0x1E,0x38,0x7E,0xFC,0x34,0x68,0x0F,0x3C,0x30,0x40,0x7F,0xFE,0x4F,0xF2,0x08,0x10,0x0F,0xF0,0x0F,0xF0,0x7F,0xFE,0x00,0x00,0x00,0x00}, // 1450 叠
    {0x02,0x00,0x3F,0x7C,0x20,0x44,0x20,0x44,0x20,0x44,0x3E,0x44,0x20,0x44,0x20,0x44,0x20,0x44,0x22,0x44,0x2E,0x5C,0x78,0x48,0x20,0x40,0x00,0x40,0x00,0x00,0x00,0x00}, // 1451 印
    {0x01,0x04,0x3F,0x04,0x24,0x04,0x04,0x34,0x04,0x34,0x7F,0xB4,0x0C,0x34,0x0E,0x34,0x1D,0x34,0x35,0x34,0x24,0x34,0x44,0x04,0x04,0x04,0x04,0x1C,0x04,0x08,0x00,0x00}, // 1452 利
    {0x20,0x40,0x18,0xE0,0x01,0xB0,0x01,0x18,0x63,0x0E,0x25,0x82,0x01,0x88,0x01,0xB8,0x11,0xE0,0x11,0x80,0x31,0x80,0x21,0x84,0x61,0xFC,0x20,0x00,0x00,0x00,0x00,0x00}, // 1453 沦
    {0x13,0xFE,0x22,0x02,0x6A,0x02,0x0A,0x72,0x1A,0x52,0x32,0x52,0x72,0x52,0x52,0x52,0x12,0x72,0x12,0x02,0x12,0x02,0x13,0xFE,0x12,0x02,0x00,0x00,0x00,0x00,0x00,0x00}, // 1454 徊
    {0x00,0x88,0x08,0x98,0x04,0xB0,0x7F,0xFE,0x03,0x80,0x06,0xB0,0x0C,0x9C,0x30,0x84,0x00,0x80,0x7F,0xFE,0x01,0xC0,0x03,0x40,0x06,0x30,0x38,0x0E,0x20,0x00,0x00,0x00}, // 1455 类
    {0x10,0x18,0x11,0xFE,0x10,0x20,0x7D,0xFE,0x10,0x20,0x38,0x60,0x37,0xFE,0x70,0x40,0x50,0x80,0x51,0xFE,0x16,0x10,0x10,0x10,0x11,0xFE,0x00,0x00,0x00,0x00,0x00,0x00}, // 1456 槎
    {0x01,0x80,0x01,0x80,0x3F,0xFC,0x3F,0xFC,0x19,0x8C,0x09,0x98,0x0D,0x90,0x01,0x90,0x7F,0xFE,0x01,0x40,0x03,0x60,0x06,0x30,0x0C,0x18,0x70,0x0E,0x00,0x00,0x00,0x00}, // 1457 夹
    {0x00,0x18,0x1F,0xE0,0x01,0x80,0x7F,0xFE,0x03,0xE0,0x0D,0xB0,0x19,0x9C,0x6F,0xE6,0x00,0x60,0x00,0x80,0x7F,0xFE,0x00,0x80,0x00,0x80,0x03,0x80,0x02,0x00,0x00,0x00}, // 1458 季
    {0x02,0x00,0x02,0x00,0x3F,0xF0,0x21,0x10,0x21,0x10,0x3F,0xF0,0x21,0x10,0x3F,0xF0,0x22,0x90,0x02,0xA8,0x04,0xAC,0x0C,0xB4,0x38,0x82,0x60,0xFE,0x00,0x00,0x00,0x00}, // 1459 鬼
    {0x1F,0x7E,0x24,0xC8,0x45,0x08,0x7F,0xFE,0x00,0x40,0x17,0xE8,0x17,0xE8,0x1F,0xF8,0x01,0x00,0x3F,0xFC,0x22,0x44,0x2F,0xE4,0x20,0x0C,0x20,0x08,0x00,0x00,0x00,0x00}, // 1460 篱
    {0x10,0x00,0x13,0xFE,0x10,0x40,0x1D,0xFC,0x54,0x4C,0x54,0xC8,0x50,0x88,0x53,0xFE,0x10,0x00,0x11,0xFC,0x11,0x04,0x11,0x04,0x11,0xFC,0x11,0x04,0x00,0x00,0x00,0x00}, // 1461 悟
    {0x08,0x20,0x7F,0x40,0x00,0x7E,0x32,0xC2,0x04,0x02,0x7F,0x22,0x00,0x32,0x3E,0x02,0x22,0x3A,0x3E,0xE2,0x22,0x02,0x3E,0x02,0x22,0x1C,0x20,0x00,0x00,0x00,0x00,0x00}, // 1462 韵
    {0x07,0xE0,0x03,0xC0,0x1C,0x38,0x13,0x08,0x7F,0xFE,0x7F,0xFE,0x0C,0x80,0x1F,0xFC,0x38,0x8C,0x48,0x8C,0x08,0x8C,0x08,0x9C,0x08,0x98,0x00,0x80,0x00,0x00,0x00,0x00}, // 1463 希
    {0x7F,0x54,0x54,0x10,0x54,0xFE,0x7F,0x3C,0x55,0xD6,0x55,0x10,0x7F,0x44,0x54,0xEE,0x5E,0xA4,0x54,0x74,0x56,0x5E,0x5E,0x44,0x10,0x84,0x01,0x04,0x00,0x00,0x00,0x00}, // 1464 麟
    {0x01,0xF8,0x01,0x00,0x3F,0xFE,0x21,0x04,0x21,0xF0,0x2F,0x00,0x21,0x8C,0x20,0xF8,0x20,0x40,0x2F,0x4C,0x2B,0x26,0x6B,0x12,0x43,0xF8,0x00,0x00,0x00,0x00,0x00,0x00}, // 1465 虑
    {0x08,0x00,0x19,0xFC,0x11,0xFC,0x32,0x04,0x26,0x04,0x7C,0x04,0x08,0xFC,0x10,0x84,0x30,0x80,0x3E,0x80,0x00,0x80,0x02,0x80,0x7C,0x82,0x40,0xFE,0x00,0x00,0x00,0x00}, // 1466 纪
    {0x6B,0xFE,0x6B,0x06,0x6B,0xFE,0x6A,0x04,0x7E,0x14,0x62,0xFE,0x62,0x10,0x7A,0xFE,0x6A,0x96,0x4A,0xFE,0x4A,0x96,0x4A,0xFE,0x46,0x96,0x00,0x00,0x00,0x00,0x00,0x00}, // 1467 牖
    {0x08,0x10,0x08,0x10,0x7F,0xFE,0x18,0x30,0x1A,0x58,0x28,0xD4,0x69,0x92,0x00,0x00,0x0F,0xE0,0x0C,0x20,0x0D,0x20,0x09,0xA0,0x18,0x22,0x70,0x3C,0x00,0x00,0x00,0x00}, // 1468 梵
    {0x08,0x20,0x08,0x20,0x01,0xFC,0x7C,0x24,0x0C,0x24,0x1A,0x24,0x3D,0xFE,0x7D,0xFE,0x5A,0x60,0x18,0x50,0x18,0xD0,0x19,0x88,0x1B,0x06,0x18,0x00,0x00,0x00,0x00,0x00}, // 1469 袂
    {0x00,0x00,0x00,0xF8,0x1F,0xA0,0x13,0x20,0x13,0x20,0x13,0x20,0x13,0x20,0x13,0x30,0x13,0x10,0x32,0x10,0x22,0x58,0x22,0x4C,0x23,0xE6,0x62,0x26,0x00,0x00,0x00,0x00}, // 1470 瓜
    {0x3F,0xF8,0x31,0x88,0x31,0x88,0x3F,0xF8,0x31,0x88,0x3F,0xF8,0x01,0x80,0x03,0x80,0x0C,0x70,0x74,0x3E,0x04,0x22,0x04,0x20,0x08,0x20,0x18,0x20,0x10,0x20,0x00,0x00}, // 1471 界
    {0x00,0x20,0x10,0x60,0x13,0xFE,0x24,0x40,0x24,0xC0,0x4B,0xF0,0x78,0xB0,0x11,0x30,0x31,0xFE,0x7C,0x30,0x70,0xBC,0x05,0xB4,0x3F,0x32,0x42,0x72,0x00,0x40,0x00,0x00}, // 1472 练
    {0x20,0x90,0x23,0xFE,0x20,0xA0,0x7B,0xFC,0x28,0xA4,0x2B,0xFE,0x28,0xA4,0x4B,0xFC,0x78,0xB0,0x19,0xA8,0x13,0xAC,0x26,0xA6,0x64,0xA2,0x00,0x00,0x00,0x00,0x00,0x00}, // 1473 嫌
    {0x00,0x00,0x7F,0xFE,0x08,0x10,0x08,0x10,0x0F,0xF0,0x08,0x10,0x08,0x10,0x0F,0xF0,0x0F,0xF0,0x08,0x10,0x08,0x7E,0x7F,0xF0,0x00,0x10,0x00,0x10,0x00,0x10,0x00,0x00}, // 1474 耳
    {0x12,0xFC,0x7E,0x84,0x18,0x94,0x2E,0xD4,0xE2,0xB4,0x25,0xB4,0x24,0x94,0x7E,0xB4,0x24,0xB4,0x36,0xB4,0x56,0xCC,0x49,0x06,0x4B,0x02,0x00,0x00,0x00,0x00,0x00,0x00}, // 1475 飙
    {0x08,0xFC,0x08,0x84,0x3E,0x84,0x08,0xB4,0x08,0xA4,0x7E,0xA4,0x08,0xA4,0x18,0xA4,0x1C,0x30,0x16,0x50,0x32,0xD0,0x61,0x92,0x47,0x1E,0x00,0x00,0x00,0x00,0x00,0x00}, // 1476 规
    {0x18,0xFC,0x00,0x84,0x7C,0x84,0x0C,0x84,0x08,0x84,0x18,0xFC,0x1C,0x84,0x3C,0x80,0x5A,0x80,0x18,0x80,0x18,0x80,0x18,0x82,0x18,0xFE,0x18,0x00,0x00,0x00,0x00,0x00}, // 1477 祀
    {0x08,0x00,0x0F,0x7C,0x28,0x48,0x3E,0x30,0x55,0x38,0x1B,0xC4,0x26,0x60,0x19,0x1C,0x7F,0xF6,0x4F,0xF0,0x08,0x10,0x0F,0xF0,0x0A,0xF0,0x0C,0x1C,0x00,0x00,0x00,0x00}, // 1478 餐
    {0x7E,0x30,0x11,0xFE,0x10,0xC8,0x30,0x88,0x3C,0xC8,0x7C,0xFE,0x65,0x12,0x24,0x30,0x24,0x30,0x25,0xFE,0x3C,0x30,0x24,0x30,0x20,0x30,0x00,0x30,0x00,0x00,0x00,0x00}, // 1479 碎
    {0x01,0x80,0x7F,0xFE,0x01,0x08,0x3D,0x38,0x19,0x38,0x6D,0x64,0x01,0x24,0x39,0x98,0x1B,0x9C,0x62,0xE4,0x06,0x60,0x0C,0x38,0x70,0x0E,0x00,0x00,0x00,0x00,0x00,0x00}, // 1480 爽
    {0x10,0x20,0x13,0xFE,0x20,0x20,0x3D,0xFC,0x61,0x84,0x7D,0xFC,0x11,0x84,0x11,0xFC,0x7D,0x84,0x11,0xFC,0x11,0x84,0x1C,0x7A,0x19,0xDC,0x13,0x06,0x00,0x00,0x00,0x00}, // 1481 镇
    {0x20,0x00,0x33,0xFC,0x1A,0x0C,0x02,0x0C,0x03,0xFC,0x70,0x00,0x13,0xFE,0x10,0x40,0x10,0x40,0x17,0xFE,0x10,0xE0,0x18,0xB0,0x31,0x18,0x0E,0x0E,0x04,0x00,0x00,0x00}, // 1482 误
    {0x04,0x60,0x7F,0xFE,0x04,0x60,0x05,0xBC,0x39,0x3C,0x31,0x0C,0x3D,0x3C,0x31,0x0C,0x3F,0xFC,0x01,0x80,0x02,0x40,0x0C,0x30,0x70,0x0E,0x00,0x00,0x00,0x00,0x00,0x00}, // 1483 萸
    {0x3F,0xFC,0x01,0x80,0x7F,0xFE,0x61,0x82,0x7D,0xBA,0x1D,0xB8,0x00,0x00,0x02,0x40,0x3E,0x7C,0x02,0x40,0x3E,0x7C,0x02,0x40,0x7E,0x7E,0x02,0x40,0x00,0x40,0x00,0x00}, // 1484 霏
    {0x1F,0xFC,0x01,0x00,0x03,0x00,0x7F,0xFE,0x02,0x60,0x04,0x30,0x19,0x1C,0x71,0x06,0x49,0x58,0x09,0x48,0x11,0x2C,0x31,0x24,0x07,0x00,0x00,0x00,0x00,0x00,0x00,0x00}, // 1485 忝
    {0x7F,0xFE,0x04,0x20,0x01,0x80,0x7F,0xFE,0x00,0x00,0x0F,0xF0,0x0F,0xF0,0x00,0x00,0x3F,0xFE,0x20,0x06,0x27,0xE6,0x24,0x26,0x27,0xE6,0x20,0x0C,0x00,0x00,0x00,0x00}, // 1486 蒿
    {0x1F,0xFE,0x1F,0xFE,0x58,0x00,0x7B,0xFC,0x3A,0x04,0x1B,0xFC,0x3A,0x04,0x7B,0xFC,0x12,0x40,0x12,0x24,0x12,0x38,0x32,0x98,0x23,0x0E,0x22,0x02,0x00,0x00,0x00,0x00}, // 1487 痕
    {0x10,0x00,0x11,0xFC,0x10,0x00,0x7C,0x00,0x7C,0x00,0x13,0xFE,0x38,0x20,0x34,0x20,0x37,0xAC,0x51,0xA4,0x51,0x26,0x13,0x22,0x12,0x20,0x10,0xE0,0x00,0x00,0x00,0x00}, // 1488 标
    {0x10,0x60,0x31,0xFC,0x25,0x04,0x65,0xFC,0x79,0x04,0x19,0xFC,0x10,0x20,0x21,0xFE,0x7D,0x22,0x01,0x22,0x05,0x22,0x79,0x26,0x41,0x24,0x00,0x20,0x00,0x00,0x00,0x00}, // 1489 绵
    {0x10,0x40,0x10,0x40,0x13,0xFC,0x7F,0x24,0x13,0xFC,0x13,0x24,0x33,0x24,0x37,0xFC,0x74,0x68,0x50,0x68,0x50,0xAA,0x11,0xBE,0x13,0x22,0x16,0x3E,0x00,0x00,0x00,0x00}, // 1490 槐
    {0x06,0x60,0x06,0x60,0x3F,0xFC,0x06,0x60,0x06,0x60,0x7F,0xFE,0x04,0x20,0x08,0x10,0x1F,0xEE,0x6C,0x26,0x4F,0xE0,0x0C,0x00,0x08,0x0C,0x0F,0xF8,0x00,0x00,0x00,0x00}, // 1491 巷
    {0x04,0x00,0x0F,0xF8,0x1A,0x30,0x33,0x60,0x01,0xC0,0x07,0x70,0x79,0x9E,0x01,0x00,0x1F,0xF8,0x01,0x08,0x02,0x08,0x0E,0x08,0x78,0x78,0x20,0x00,0x00,0x00,0x00,0x00}, // 1492 务
    {0x00,0x80,0x31,0xFC,0x1B,0x04,0x02,0x48,0x08,0x60,0x10,0xB0,0x27,0x0E,0x00,0x02,0x1F,0xF8,0x11,0x08,0x11,0x08,0x11,0x48,0x02,0x78,0x7C,0x0C,0x20,0x00,0x00,0x00}, // 1493 资
    {0x17,0xE0,0x35,0xAE,0x27,0xE0,0x47,0xE0,0x15,0xA0,0x37,0xFE,0x22,0x84,0x67,0xF4,0x6C,0x84,0x2F,0xE4,0x24,0x84,0x27,0xE4,0x27,0xF4,0x24,0x0C,0x20,0x08,0x00,0x00}, // 1494 衢
    {0x00,0x80,0x67,0xFE,0x31,0x80,0x11,0x00,0x03,0x60,0x02,0x60,0x17,0xFC,0x10,0x60,0x21,0x68,0x23,0x6C,0x46,0x66,0x0C,0x62,0x00,0xE0,0x00,0x80,0x00,0x00,0x00,0x00}, // 1495 冻
    {0x01,0xFC,0x3F,0xFE,0x31,0x12,0x3F,0xE4,0x31,0xFC,0x37,0xFC,0x24,0x04,0x27,0xFC,0x27,0xFC,0x20,0x40,0x2F,0xFE,0x61,0xA0,0x4F,0x1E,0x40,0x02,0x00,0x00,0x00,0x00}, // 1496 虞
    {0x18,0x10,0x18,0x00,0x18,0xFE,0x7E,0x82,0x18,0x82,0x18,0x82,0x1E,0xFE,0x78,0x86,0x18,0x80,0x19,0x80,0x19,0x00,0x19,0x00,0x32,0x00,0x02,0x00,0x00,0x00,0x00,0x00}, // 1497 护
    {0x20,0xC4,0x3C,0xF8,0x25,0x44,0x44,0x78,0x40,0x30,0x11,0xDA,0x11,0x0E,0x13,0xFE,0x13,0xFE,0x10,0xD0,0x18,0x90,0x30,0x92,0x23,0x1E,0x02,0x00,0x00,0x00,0x00,0x00}, // 1498 饶
    {0x01,0x80,0x01,0x80,0x7F,0xFE,0x7F,0xFE,0x18,0x00,0x18,0x00,0x18,0x00,0x18,0x00,0x18,0x00,0x18,0x00,0x18,0x00,0x1F,0xFC,0x00,0x00,0x00,0x00,0x00,0x00,0x00,0x00}, // 1499 亡
    {0x06,0x60,0x1F,0xF8,0x11,0x88,0x1F,0xF8,0x11,0x88,0x1F,0xF8,0x00,0x00,0x7F,0xFE,0x00,0x00,0x1F,0xF8,0x10,0x08,0x10,0x08,0x1F,0xF8,0x10,0x00,0x00,0x00,0x00,0x00}, // 1500 兽
    {0x01,0x04,0x3F,0x84,0x04,0x24,0x7F,0xA4,0x7F,0xA4,0x1F,0x24,0x35,0x84,0x64,0x1C,0x04,0x88,0x7F,0xFE,0x03,0xC0,0x0C,0xB0,0x38,0x9E,0x20,0x86,0x00,0x00,0x00,0x00}, // 1501 梨
    {0x00,0x80,0x00,0xC0,0x7C,0xBE,0x10,0x88,0x12,0x88,0x12,0x88,0x12,0x88,0x7E,0xBE,0x10,0x88,0x10,0x88,0x10,0x88,0x1D,0x08,0x73,0x08,0x42,0x7E,0x00,0x00,0x00,0x00}, // 1502 班
    {0x00,0x08,0x3F,0xF8,0x01,0x80,0x1F,0xF8,0x11,0x88,0x11,0x88,0x1F,0xF8,0x01,0x80,0x3F,0xFE,0x21,0x86,0x21,0xA6,0x23,0xF6,0x2C,0x16,0x20,0x0E,0x00,0x00,0x00,0x00}, // 1503 禹
    {0x0C,0x00,0x1F,0xE0,0x10,0x60,0x3F,0xFC,0x5F,0xFC,0x11,0x8C,0x11,0x8C,0x1F,0xFC,0x01,0xC0,0x02,0xD8,0x06,0xC8,0x0C,0xC2,0x70,0x7E,0x00,0x00,0x00,0x00,0x00,0x00}, // 1504 兔
    {0x7C,0x30,0x64,0x00,0x67,0xFE,0x68,0x80,0x68,0x80,0x68,0xFC,0x6C,0x84,0x64,0x84,0x64,0x84,0x7D,0x84,0x61,0x0C,0x63,0x08,0x66,0x38,0x60,0x00,0x00,0x00,0x00,0x00}, // 1505 防
    {0x10,0x0C,0x13,0xF0,0x20,0x4C,0x25,0x68,0x48,0x18,0x7B,0xFC,0x10,0x40,0x23,0xFE,0x78,0x80,0x40,0xFC,0x01,0x88,0x7B,0x50,0x46,0x30,0x05,0xDE,0x01,0x00,0x00,0x00}, // 1506 缓
    {0x04,0x20,0x7F,0xFE,0x04,0x20,0x00,0x10,0x3E,0x10,0x22,0x6C,0x3E,0x6C,0x20,0x28,0x20,0xFE,0x3E,0x10,0x52,0x10,0x12,0xFE,0x1E,0x10,0x12,0x10,0x00,0x10,0x00,0x00}, // 1507 薜
    {0x1F,0x80,0x01,0x80,0x7F,0xFE,0x01,0x80,0x1F,0xF8,0x01,0x88,0x7F,0xFE,0x01,0x88,0x1F,0xF8,0x03,0xC0,0x05,0xA0,0x39,0x98,0x61,0x86,0x01,0x80,0x00,0x00,0x00,0x00}, // 1508 秉
    {0x21,0x90,0x37,0xFC,0x10,0x44,0x00,0x44,0x03,0xFC,0x72,0x40,0x13,0xFE,0x10,0xC6,0x11,0xC6,0x13,0x4C,0x16,0x48,0x3C,0x40,0x47,0xFE,0x00,0x00,0x00,0x00,0x00,0x00}, // 1509 递
    {0x0C,0x00,0x1F,0xFC,0x10,0x04,0x30,0x04,0x60,0x04,0x1F,0xC4,0x18,0x44,0x18,0x44,0x18,0x44,0x1F,0xC4,0x18,0x44,0x00,0x0C,0x00,0x3C,0x00,0x30,0x00,0x00,0x00,0x00}, // 1510 句
    {0x18,0x30,0x10,0x30,0x7F,0xFE,0x12,0x30,0x36,0x30,0x24,0x30,0x24,0xFC,0x24,0x84,0x1C,0x84,0x0C,0x84,0x1E,0x84,0x32,0xFC,0x60,0x84,0x40,0x84,0x00,0x00,0x00,0x00}, // 1511 姑
    {0x70,0x40,0x18,0x40,0x03,0xFC,0x02,0x44,0x62,0x44,0x32,0x44,0x02,0x44,0x03,0xFC,0x12,0x44,0x30,0x40,0x20,0x44,0x20,0x46,0x67,0xFA,0x00,0x00,0x00,0x00,0x00,0x00}, // 1512 浊
    {0x18,0x40,0x18,0x40,0x18,0x40,0x18,0x7E,0x5A,0xC0,0x5A,0x80,0x5A,0xFE,0x5A,0x02,0x5A,0x02,0x5A,0x02,0x5E,0xFA,0x7A,0x02,0x02,0x02,0x00,0x0E,0x00,0x00,0x00,0x00}, // 1513 屿
    {0x7F,0xFE,0x04,0x60,0x04,0x00,0x25,0x10,0x37,0x3E,0x7F,0xA4,0x44,0xC4,0x44,0xE4,0x56,0xAC,0x56,0xB8,0x54,0x98,0x45,0xB8,0x45,0x66,0x00,0x42,0x00,0x00,0x00,0x00}, // 1514 蔽
    {0x0C,0x00,0x0C,0xFC,0x3F,0x24,0x0C,0x24,0x3F,0x24,0x0C,0x64,0x7F,0x5C,0x0C,0x48,0x01,0x80,0x7F,0xFE,0x01,0x80,0x02,0x60,0x0C,0x30,0x78,0x1E,0x40,0x00,0x00,0x00}, // 1515 契
    {0x00,0x38,0x3F,0x28,0x2F,0x4E,0x22,0x00,0x3F,0x3C,0x2B,0x38,0x3F,0x9C,0x00,0x22,0x3F,0xFC,0x03,0x04,0x13,0x44,0x0F,0x3C,0x73,0xE4,0x07,0x1C,0x00,0x00,0x00,0x00}, // 1516 翳
    {0x00,0x00,0x3F,0xFE,0x00,0x04,0x0C,0x4C,0x06,0x44,0x10,0x40,0x18,0x40,0x04,0xC0,0x00,0x80,0x7F,0xFE,0x01,0x80,0x03,0x60,0x06,0x18,0x38,0x0E,0x20,0x00,0x00,0x00}, // 1517 买
    {0x08,0x10,0x08,0x10,0x3E,0xFC,0x08,0x10,0x08,0x10,0x7E,0xFE,0x14,0x28,0x14,0x28,0x56,0xAE,0x54,0xAA,0x14,0xAA,0x34,0x48,0x24,0x48,0x6C,0xD8,0x00,0x80,0x00,0x00}, // 1518 赫
    {0x10,0x48,0x12,0x58,0x12,0x50,0x7E,0x5E,0x7E,0x70,0x12,0x4C,0x32,0x44,0x3C,0x00,0x77,0xFC,0x52,0x54,0x12,0x54,0x12,0x54,0x12,0x54,0x17,0xFE,0x10,0x00,0x00,0x00}, // 1519 槛
    {0x08,0x7E,0x3F,0x10,0x29,0x10,0x2A,0x7C,0x28,0x44,0x3F,0x54,0x22,0x54,0x3A,0x54,0x2E,0x54,0x66,0x54,0x4E,0x20,0x48,0x6C,0xD0,0xC2,0x00,0x80,0x00,0x00,0x00,0x00}, // 1520 颇
    {0x03,0x00,0x1B,0x00,0x33,0x7E,0x23,0x12,0x4B,0x92,0x1F,0x12,0x13,0x12,0x33,0x12,0x53,0xD2,0x53,0xA2,0x13,0x22,0x10,0x66,0x10,0xDE,0x11,0x8C,0x00,0x00,0x00,0x00}, // 1521 彻
    {0x10,0xD4,0x11,0x94,0x10,0x90,0x7C,0x90,0x27,0xFE,0x28,0x90,0x28,0x96,0x68,0xF4,0x3B,0x8C,0x18,0x88,0x1C,0x98,0x20,0xAE,0x41,0xA6,0x00,0x00,0x00,0x00,0x00,0x00}, // 1522 娥
    {0x02,0x00,0x7E,0xFE,0x08,0x30,0x09,0x20,0x7F,0xFC,0x1E,0xC4,0x2B,0xD4,0x48,0xD4,0x3C,0xD4,0x24,0xD4,0x24,0xF4,0x27,0x20,0x26,0x6C,0x60,0xC6,0x00,0x82,0x00,0x00}, // 1523 颓
    {0x3C,0x88,0x24,0x48,0x25,0xFC,0x25,0x04,0x3D,0x04,0x25,0x04,0x25,0xFC,0x3C,0x50,0x24,0x50,0x24,0x50,0x64,0x92,0x44,0x92,0x4D,0x1E,0x00,0x00,0x00,0x00,0x00,0x00}, // 1524 脱
    {0x78,0x20,0x4F,0xFE,0x48,0x20,0x4B,0xFC,0x4B,0xA4,0x7B,0xB4,0x4B,0xFC,0x48,0x20,0x4B,0xFC,0x78,0x20,0x4B,0xFE,0x42,0x16,0x06,0x52,0x00,0x00,0x00,0x00,0x00,0x00}, // 1525 曛
    {0x08,0x08,0x08,0x08,0x08,0x08,0x08,0x08,0x7F,0xFE,0x18,0x18,0x1C,0x38,0x3C,0x28,0x2A,0x48,0x68,0xC8,0x49,0x88,0x0B,0x08,0x08,0x08,0x08,0x38,0x08,0x00,0x00,0x00}, // 1526 材
    {0x08,0x80,0x00,0xFE,0x7D,0x00,0x13,0x20,0x10,0x24,0x1C,0xBC,0x35,0xE4,0x24,0xA4,0x24,0xA4,0x24,0xA8,0x24,0xA0,0x4C,0x82,0x48,0xFE,0x00,0x00,0x00,0x00,0x00,0x00}, // 1527 施
    {0x10,0x60,0x10,0x60,0x10,0x90,0x11,0x98,0x7B,0xF6,0x36,0x00,0x3B,0xC4,0x3A,0x54,0x53,0xD4,0xD2,0x54,0x12,0x54,0x13,0xD4,0x12,0x44,0x12,0xCC,0x00,0x00,0x00,0x00}, // 1528 榆
    {0x0F,0xF0,0x08,0x10,0x0F,0xF0,0x08,0x10,0x0F,0xF0,0x08,0x10,0x0F,0xF0,0x08,0x10,0x08,0x10,0x7F,0xFE,0x04,0x60,0x1C,0x38,0x70,0x0C,0x00,0x00,0x00,0x00,0x00,0x00}, // 1529 具
    {0x7E,0xEE,0x00,0x22,0x7E,0x2A,0x66,0xAA,0x7E,0xAA,0x00,0xEA,0x7E,0x22,0x4A,0x26,0x5A,0x6A,0x7E,0xB2,0x5A,0x22,0x5A,0x22,0x46,0x66,0x00,0x40,0x00,0x00,0x00,0x00}, // 1530 翮
    {0x10,0x00,0x18,0x3C,0x11,0xF0,0x26,0x10,0x64,0x10,0x7C,0x10,0x08,0x10,0x11,0xFF,0x20,0x10,0x7C,0x10,0x00,0x10,0x02,0x10,0x7E,0x10,0x40,0x10,0x00,0x10,0x00,0x00}, // 1531 纤
    {0x01,0x00,0x3F,0xFC,0x01,0x00,0x1F,0xF8,0x02,0x00,0x7F,0xFE,0x0C,0x30,0x11,0x9C,0x2D,0xB6,0x05,0xA0,0x07,0xE0,0x1D,0x98,0x23,0x8C,0x00,0x00,0x00,0x00,0x00,0x00}, // 1532 泰
    {0x7E,0x20,0x18,0x3E,0x10,0x20,0x10,0x20,0x3E,0x20,0x76,0x20,0x76,0xFC,0x36,0x84,0x36,0x84,0x3E,0x84,0x3E,0x84,0x36,0xFC,0x30,0x84,0x00,0x80,0x00,0x00,0x00,0x00}, // 1533 砧
    {0x10,0x20,0x13,0xFE,0x7C,0x20,0x34,0x20,0x24,0x20,0x25,0xFC,0x24,0x88,0x2C,0xC8,0x18,0x50,0x0E,0x70,0x12,0x70,0x30,0xDC,0x67,0x86,0x00,0x00,0x00,0x00,0x00,0x00}, // 1534 妓
    {0x1F,0xF8,0x11,0x88,0x1F,0xF8,0x11,0x88,0x1F,0xF8,0x01,0x80,0x3F,0xFE,0x21,0x86,0x2F,0xF6,0x2C,0x1E,0x00,0x80,0x34,0x84,0x24,0x16,0x47,0xF2,0x00,0x00,0x00,0x00}, // 1535 愚
    {0x00,0x30,0x3F,0x30,0x21,0x30,0x3F,0x70,0x00,0x7E,0x3F,0x22,0x21,0x26,0x2D,0x26,0x29,0x26,0x29,0x24,0x29,0x24,0x1E,0x44,0x32,0xC4,0x61,0x8C,0x00,0x00,0x00,0x00}, // 1536 勋
    {0x10,0x00,0x17,0xBC,0x14,0x84,0x14,0x84,0x37,0xBC,0x34,0x00,0x54,0x00,0x57,0xBC,0x14,0x24,0x14,0x14,0x17,0x9C,0x14,0x18,0x14,0x1C,0x14,0x66,0x00,0x42,0x00,0x00}, // 1537 假
    {0x7F,0xFE,0x04,0x20,0x10,0x00,0x13,0xF8,0x03,0xF8,0x02,0x08,0x73,0xF8,0x11,0x00,0x16,0xFC,0x16,0x64,0x16,0x94,0x1E,0x04,0x33,0xE4,0x00,0x08,0x00,0x00,0x00,0x00}, // 1538 蔼
    {0x04,0x20,0x04,0x20,0x7F,0xFE,0x04,0x20,0x7F,0xFE,0x40,0x02,0x41,0x82,0x1F,0xF8,0x11,0x88,0x11,0x88,0x1F,0xF8,0x11,0x98,0x01,0x9C,0x3F,0xE6,0x00,0x00,0x00,0x00}, // 1539 萤
    {0x00,0x40,0x7E,0xFC,0x56,0xC8,0x57,0x48,0x56,0x30,0x7E,0x70,0x56,0xDE,0x57,0x06,0x56,0xFC,0x56,0x84,0x7E,0x84,0x40,0xFC,0x00,0x84,0x00,0x84,0x00,0x00,0x00,0x00}, // 1540 略
    {0x78,0x58,0x09,0x8C,0x29,0xF6,0x28,0x20,0x2B,0xFE,0x68,0x58,0x49,0xAC,0x37,0x62,0x05,0x98,0x79,0x30,0x08,0xCE,0x09,0x18,0x18,0xE0,0x01,0x00,0x00,0x00,0x00,0x00}, // 1541 骖
    {0x00,0x80,0x00,0x80,0x18,0x80,0x18,0x9C,0x18,0xF8,0x1F,0x88,0x78,0x88,0x18,0x88,0x18,0x88,0x18,0xB8,0x18,0x80,0x18,0x02,0x18,0x06,0x0F,0xFE,0x00,0x00,0x00,0x00}, // 1542 也
    {0x3F,0xFC,0x00,0x1C,0x00,0x30,0x00,0xE0,0x01,0x80,0x01,0x80,0x01,0x80,0x01,0x80,0x01,0x80,0x01,0x80,0x01,0x80,0x01,0x80,0x07,0x80,0x00,0x00,0x00,0x00,0x00,0x00}, // 1543 了
    {0x01,0x00,0x7D,0x3E,0x11,0x12,0x11,0x12,0x23,0xD2,0x3D,0x12,0x65,0x12,0x65,0x16,0x25,0x56,0x25,0xA6,0x3D,0x26,0x3C,0x66,0x24,0x46,0x21,0x8C,0x00,0x88,0x00,0x00}, // 1544 砌
    {0x3F,0xF8,0x37,0xE8,0x30,0x08,0x37,0xEC,0x0C,0x00,0x1F,0xE0,0x30,0x60,0x7F,0xF8,0x11,0x08,0x1F,0xF8,0x02,0xC0,0x0C,0xC2,0x78,0x7E,0x00,0x00,0x00,0x00,0x00,0x00}, // 1545 冕
    {0x1F,0x80,0x01,0x80,0x7F,0xFE,0x07,0xA0,0x0D,0xB8,0x73,0xCC,0x06,0x70,0x1D,0x9E,0x79,0xB2,0x0D,0xE0,0x07,0xE0,0x39,0x98,0x03,0x08,0x02,0x00,0x00,0x00,0x00,0x00}, // 1546 黍
    {0x00,0x0C,0x3F,0x8C,0x20,0x8C,0x3F,0x8C,0x20,0x7E,0x20,0x0C,0x2F,0x8C,0x20,0x2C,0x3F,0xAC,0x62,0x2C,0x4A,0x8C,0x52,0x8C,0x52,0xCC,0x46,0x1C,0x00,0x10,0x00,0x00}, // 1547 尉
    {0x3D,0x68,0x24,0x60,0x25,0xFC,0x24,0x40,0x3F,0xFE,0x24,0x88,0x25,0xFC,0x3F,0x12,0x24,0x90,0x24,0xFE,0x64,0x04,0x47,0xF4,0x5C,0x1C,0x00,0x08,0x00,0x00,0x00,0x00}, // 1548 腾
    {0x20,0x00,0x33,0xFE,0x18,0x20,0x00,0x20,0x60,0x20,0x30,0x20,0x17,0xFF,0x07,0xFF,0x00,0x20,0x18,0x20,0x10,0x20,0x30,0x20,0x60,0x20,0x60,0x20,0x00,0x20,0x00,0x00}, // 1549 汗
    {0x1F,0xF8,0x02,0x60,0x01,0x80,0x3F,0xFC,0x06,0xC4,0x1C,0xC0,0x71,0x80,0x00,0x80,0x7F,0xFE,0x02,0xC0,0x0C,0xB0,0x38,0x9E,0x20,0x84,0x00,0x00,0x00,0x00,0x00,0x00}, // 1550 柔
    {0x04,0x00,0x0C,0x00,0x1F,0xFE,0x13,0x00,0x33,0x00,0x63,0xFC,0x03,0xFC,0x03,0x00,0x03,0x00,0x03,0xFE,0x03,0x00,0x03,0x00,0x03,0x00,0x03,0x00,0x00,0x00,0x00,0x00}, // 1551 乍
    {0x0F,0xF8,0x08,0x18,0x08,0x18,0x0F,0xF8,0x00,0x00,0x7F,0xFE,0x04,0x00,0x04,0x00,0x0F,0xF8,0x00,0x18,0x00,0x18,0x00,0x10,0x00,0xF0,0x00,0x80,0x00,0x00,0x00,0x00}, // 1552 号
    {0x00,0x18,0x3F,0xFC,0x11,0x18,0x19,0x90,0x7F,0xFE,0x60,0x06,0x68,0x16,0x1F,0xFC,0x1E,0xFC,0x22,0x90,0x3F,0x90,0x05,0xFE,0x08,0x10,0x30,0x10,0x00,0x00,0x00,0x00}, // 1553 舜
    {0x08,0x6C,0x7F,0x60,0x08,0x20,0x7F,0x3E,0x63,0xE0,0x7F,0x24,0x63,0x2C,0x63,0x28,0x7F,0x38,0x08,0x10,0x7F,0x38,0x08,0xCA,0x08,0x86,0x08,0x00,0x00,0x00,0x00,0x00}, // 1554 戟
    {0x10,0x00,0x33,0xDE,0x20,0x44,0x6B,0xD4,0x49,0x8C,0x79,0x5E,0x16,0x30,0x20,0x00,0x63,0xFE,0x78,0x94,0x03,0x94,0x19,0x9C,0x73,0x58,0x06,0x36,0x00,0x40,0x00,0x00}, // 1555 缀
    {0x10,0x20,0x13,0xFE,0x7C,0x40,0x11,0xFC,0x10,0x40,0x13,0xFE,0x38,0x98,0x73,0x6C,0x17,0xFE,0x10,0x60,0x10,0x60,0x13,0xFC,0x70,0x60,0x00,0x60,0x00,0x00,0x00,0x00}, // 1556 捧
    {0x13,0xFE,0x10,0x20,0x11,0x2C,0x79,0xA8,0x17,0xFE,0x10,0x00,0x13,0xFE,0x12,0x06,0x16,0xF6,0x1E,0xD6,0x62,0xF6,0x02,0x06,0x03,0xFE,0x02,0x06,0x00,0x00,0x00,0x00}, // 1557 墙
    {0x10,0x00,0x11,0xFE,0x30,0x20,0x24,0x20,0x64,0x20,0x78,0x20,0x18,0x20,0x13,0xFE,0x20,0x20,0x7C,0x20,0x00,0x20,0x0E,0x20,0x78,0x20,0x00,0x60,0x00,0x40,0x00,0x00}, // 1558 纡
    {0x01,0x80,0x01,0x80,0x7F,0xFE,0x01,0x80,0x3F,0xFC,0x3F,0xFC,0x31,0x8C,0x3F,0xFC,0x03,0xC0,0x07,0xE0,0x0D,0xA0,0x19,0x98,0x71,0x8E,0x01,0x80,0x00,0x00,0x00,0x00}, // 1559 束
    {0x13,0xFE,0x12,0x02,0x12,0x02,0x13,0xFE,0x7E,0xD6,0x12,0x10,0x12,0xDC,0x12,0x02,0x12,0x90,0x1A,0xFE,0x76,0x10,0x05,0xFE,0x04,0x10,0x0C,0x10,0x00,0x10,0x00,0x00}, // 1560 墀
    {0x23,0x38,0x33,0x20,0x2F,0xA0,0x03,0x3E,0x73,0xA8,0x33,0xA8,0x37,0x68,0x33,0x48,0x33,0x48,0x37,0xC8,0x30,0x88,0x3C,0x00,0x47,0xFE,0x00,0x00,0x00,0x00,0x00,0x00}, // 1561 逝
    {0x01,0x80,0x3F,0xFC,0x3F,0xFC,0x20,0x04,0x21,0x84,0x01,0x80,0x7F,0xFE,0x03,0xC0,0x07,0xE0,0x0D,0xB0,0x19,0x98,0x71,0x8E,0x01,0x80,0x01,0x80,0x00,0x00,0x00,0x00}, // 1562 宋
    {0x00,0x7E,0x7F,0x66,0x61,0x64,0x61,0x64,0x7F,0x6C,0x00,0x68,0x7F,0x6C,0x08,0x64,0x08,0x66,0x7F,0x62,0x08,0x62,0x08,0x6E,0x7F,0x68,0x60,0x60,0x00,0x60,0x00,0x00}, // 1563 郢
    {0x00,0x7E,0x7F,0x42,0x14,0x42,0x14,0x7E,0x7E,0x42,0x5E,0x7E,0x5E,0x10,0x5E,0x50,0x66,0xFE,0x42,0x90,0x7E,0xFE,0x42,0x10,0x7E,0x10,0x42,0xFE,0x42,0x00,0x00,0x00}, // 1564 醒
    {0x13,0xE0,0x10,0x4C,0x7D,0x68,0x15,0x08,0x13,0xFE,0x12,0x02,0x18,0x00,0x71,0xF8,0x10,0x98,0x10,0xD0,0x10,0x60,0x10,0x70,0x77,0x9E,0x02,0x00,0x00,0x00,0x00,0x00}, // 1565 授
    {0x3F,0xFE,0x22,0x10,0x2F,0x7C,0x26,0x30,0x2F,0xD8,0x3A,0xD6,0x22,0x00,0x2F,0xFC,0x20,0x84,0x2F,0xF8,0x60,0xBC,0x5F,0xC0,0x40,0x82,0x00,0x7C,0x00,0x00,0x00,0x00}, // 1566 麾
    {0x01,0x98,0x31,0x98,0x19,0x98,0x01,0x98,0x07,0xFE,0x61,0x98,0x31,0x98,0x01,0x98,0x01,0x98,0x17,0xFE,0x30,0x00,0x21,0x98,0x63,0x0C,0x66,0x06,0x04,0x00,0x00,0x00}, // 1567 洪
    {0x00,0x00,0x1F,0xFC,0x10,0xC0,0x10,0xC0,0x1F,0xFE,0x10,0xC0,0x17,0xFC,0x17,0xFC,0x14,0x4C,0x34,0x4C,0x34,0xCC,0x20,0xB0,0x61,0x9C,0x6E,0x06,0x00,0x00,0x00,0x00}, // 1568 质
    {0x00,0x00,0x7E,0xFC,0x00,0x84,0x52,0x8C,0x44,0xCC,0x30,0xB4,0x3E,0xB4,0x48,0x94,0x08,0xB4,0x7E,0xB4,0x0A,0xCC,0x4A,0x84,0x7E,0x86,0x41,0x02,0x01,0x00,0x00,0x00}, // 1569 飖
    {0x30,0x60,0x18,0x00,0x03,0xFC,0x00,0x60,0x60,0x60,0x30,0x60,0x03,0xFC,0x00,0x60,0x18,0x60,0x10,0x60,0x30,0x60,0x20,0x60,0x67,0xFE,0x00,0x00,0x00,0x00,0x00,0x00}, // 1570 注
    {0x06,0x20,0x7F,0xFE,0x08,0x20,0x08,0x20,0x13,0x4C,0x3C,0x78,0x0A,0x34,0x37,0x44,0x39,0x7E,0x01,0x00,0x24,0x8C,0x24,0x16,0x47,0xF0,0x00,0x00,0x00,0x00,0x00,0x00}, // 1571 慈
    {0x7F,0x20,0x04,0xFC,0x24,0xF4,0x24,0xD4,0x24,0xC4,0x7F,0xCC,0x4C,0xC0,0x1C,0xFE,0x14,0x02,0x14,0x02,0x25,0xFA,0x64,0x02,0x5C,0x0E,0x00,0x08,0x00,0x00,0x00,0x00}, // 1572 鸦
    {0x10,0x20,0x10,0x20,0x21,0xFE,0x2C,0x20,0x49,0xFE,0x78,0x24,0x10,0xF0,0x31,0x30,0x25,0xB0,0x78,0x20,0x03,0xFE,0x0C,0x20,0x78,0xDC,0x03,0x86,0x00,0x00,0x00,0x00}, // 1573 续
    {0x7C,0x00,0x49,0xFE,0x48,0x98,0x5B,0xFE,0x50,0x00,0x59,0xFC,0x49,0x04,0x45,0xFC,0x45,0x04,0x58,0xF8,0x40,0x20,0x47,0xFE,0x40,0x20,0x00,0x20,0x00,0x00,0x00,0x00}, // 1574 障
    {0x66,0x20,0x2A,0x5C,0x23,0xC4,0x07,0x7C,0x05,0x44,0x6B,0x7C,0x25,0x28,0x2B,0x28,0x25,0x28,0x29,0x6A,0x23,0xCE,0x38,0x00,0x47,0xFE,0x00,0x00,0x00,0x00,0x00,0x00}, // 1575 邈
    {0x3E,0x7C,0x22,0x44,0x22,0x44,0x3E,0x7C,0x22,0x44,0x22,0x44,0x22,0x44,0x3E,0x7C,0x22,0x44,0x22,0x44,0x22,0x44,0x62,0x84,0x4E,0x8C,0x00,0x00,0x00,0x00,0x00,0x00}, // 1576 朋
    {0x02,0x40,0x7E,0x7E,0x02,0x40,0x3E,0x7C,0x02,0x40,0x7E,0x7E,0x02,0x40,0x7F,0xFC,0x03,0x04,0x33,0x64,0x13,0x24,0x0F,0x3C,0x73,0xC4,0x47,0x1C,0x00,0x00,0x00,0x00}, // 1577 翡
    {0x27,0xFC,0x24,0xC4,0x24,0xC4,0x07,0xFC,0x04,0x00,0x74,0x00,0x17,0xBC,0x14,0x04,0x14,0x34,0x17,0x98,0x14,0x1C,0x14,0x76,0x38,0x40,0x47,0xFE,0x00,0x00,0x00,0x00}, // 1578 遐
    {0x00,0x80,0x21,0x80,0x21,0x00,0x31,0xFC,0x1A,0x04,0x02,0x4C,0x04,0x48,0x00,0x40,0x18,0x40,0x10,0xE0,0x30,0xA0,0x61,0x10,0x43,0x0C,0x0C,0x06,0x00,0x00,0x00,0x00}, // 1579 次
    {0x13,0xFC,0x12,0x24,0x12,0x24,0x13,0xFC,0x7E,0x24,0x12,0x24,0x13,0xFC,0x10,0x20,0x10,0x20,0x1F,0xFE,0x78,0x20,0x40,0x20,0x07,0xFE,0x00,0x00,0x00,0x00,0x00,0x00}, // 1580 埋
    {0x3F,0xFE,0x21,0xA6,0x2F,0xFE,0x21,0x86,0x2F,0xF6,0x29,0xB6,0x2F,0xF6,0x29,0xB6,0x2F,0xF6,0x29,0xB6,0x29,0xA6,0x20,0x06,0x3F,0xFE,0x20,0x06,0x00,0x00,0x00,0x00}, // 1581 圃
    {0x18,0x60,0x10,0x70,0x26,0xD8,0x25,0x8C,0x7D,0x06,0x4B,0xC2,0x10,0xCC,0x30,0xF0,0x7E,0xE0,0x40,0xC0,0x00,0xC4,0x3C,0xC6,0x60,0xFC,0x00,0x00,0x00,0x00,0x00,0x00}, // 1582 纶
    {0x20,0x60,0x30,0x60,0x17,0xFE,0x00,0x60,0x40,0x60,0x60,0x60,0x33,0xFE,0x00,0x00,0x03,0xFC,0x13,0x04,0x33,0x04,0x23,0x04,0x63,0xFC,0x43,0x04,0x00,0x00,0x00,0x00}, // 1583 洁
    {0x32,0x44,0x1A,0x44,0x03,0xFC,0x00,0x00,0x67,0xFE,0x30,0x40,0x00,0x40,0x07,0xFE,0x34,0xB6,0x24,0xB6,0x24,0xB6,0x64,0xB6,0x44,0xBE,0x04,0x00,0x00,0x00,0x00,0x00}, // 1584 湍
    {0x3F,0x20,0x3E,0x20,0x24,0x20,0x24,0x30,0x24,0x70,0x22,0x58,0x26,0xCC,0x25,0x86,0x20,0x00,0x01,0x80,0x3F,0xF8,0x01,0x80,0x01,0x80,0x7F,0xFE,0x00,0x00,0x00,0x00}, // 1585 坠
    {0x1F,0xF8,0x00,0x60,0x00,0x80,0x7F,0xFE,0x00,0x80,0x00,0x80,0x03,0x80,0x00,0x00,0x3F,0xFC,0x32,0x4C,0x32,0x4C,0x32,0x4C,0x7F,0xFE,0x00,0x00,0x00,0x00,0x00,0x00}, // 1586 孟
    {0x00,0x90,0x18,0x90,0x30,0x90,0x67,0x9E,0x08,0x90,0x18,0x90,0x13,0x9C,0x30,0x90,0x50,0x90,0x10,0x90,0x17,0x9E,0x10,0x90,0x10,0x90,0x10,0x90,0x00,0x10,0x00,0x00}, // 1587 徘
    {0x10,0x40,0x10,0x40,0x11,0xF8,0x7C,0x48,0x10,0x48,0x14,0x48,0x1D,0xC8,0x70,0xC8,0x50,0xE8,0x10,0x88,0x11,0x08,0x13,0x0E,0x36,0x06,0x00,0x00,0x00,0x00,0x00,0x00}, // 1588 执
    {0x3F,0xF8,0x20,0x08,0x20,0x08,0x2F,0xF8,0x23,0x18,0x22,0x18,0x23,0xF8,0x24,0x78,0x2C,0x58,0x2B,0x48,0x21,0xC8,0x61,0x88,0x43,0x0A,0x4E,0x06,0x40,0x00,0x00,0x00}, // 1589 夙
    {0x7C,0x20,0x65,0xFE,0x65,0x02,0x7C,0x00,0x08,0xF8,0x08,0x00,0x49,0xFE,0x4D,0xFE,0x48,0x20,0x48,0xA0,0x4D,0xA4,0x7B,0x22,0x42,0x62,0x00,0x40,0x00,0x00,0x00,0x00}, // 1590 踪
    {0x3F,0xF8,0x01,0x00,0x7F,0xFC,0x5D,0x34,0x01,0x00,0x0C,0x30,0x12,0x20,0x3F,0x3E,0x7F,0xC8,0x3F,0x68,0x21,0x28,0x3F,0x18,0x3F,0x18,0x23,0xE6,0x00,0x00,0x00,0x00}, // 1591 霰
    {0x01,0x80,0x7F,0xFE,0x02,0x40,0x12,0x58,0x32,0x4C,0x62,0x46,0x42,0x40,0x00,0x00,0x21,0x84,0x21,0x84,0x21,0x84,0x21,0x84,0x3F,0xFC,0x00,0x04,0x00,0x00,0x00,0x00}, // 1592 峦
    {0x02,0x00,0x1F,0xF8,0x11,0x88,0x11,0x08,0x1F,0xF8,0x11,0x08,0x1F,0xF8,0x06,0xC0,0x0C,0xC0,0x18,0xC0,0x7F,0xFE,0x00,0xC0,0x00,0xC0,0x00,0xC0,0x00,0x00,0x00,0x00}, // 1593 卑
    {0x20,0x00,0x25,0xFE,0x38,0x20,0x22,0x20,0x3E,0xFC,0x00,0x84,0x08,0xB4,0x7A,0xB4,0x2E,0xA4,0x2E,0xA4,0x6A,0xA4,0x48,0x68,0x18,0xCC,0x11,0x86,0x00,0x00,0x00,0x00}, // 1594 颍
    {0x00,0x30,0x3C,0x30,0x25,0xBE,0x29,0xB0,0x29,0xB0,0x39,0xB0,0x2B,0xFE,0x24,0x30,0x24,0xB2,0x24,0xB6,0x3D,0x34,0x20,0x28,0x20,0x30,0x23,0xC0,0x02,0x00,0x00,0x00}, // 1595 陟
    {0x00,0x40,0x7C,0x58,0x44,0x48,0x44,0x5C,0x45,0xF0,0x7D,0x40,0x08,0x4E,0x48,0xF0,0x4F,0x64,0x48,0x2C,0x48,0x28,0x4A,0x30,0x5E,0x7A,0x63,0xCE,0x01,0x00,0x00,0x00}, // 1596 践
    {0x02,0x40,0x02,0x40,0x1F,0xF8,0x12,0x48,0x12,0x48,0x12,0x48,0x1F,0xF8,0x12,0x48,0x12,0x48,0x7F,0xFE,0x00,0x00,0x04,0x30,0x0E,0x1C,0x30,0x04,0x00,0x00,0x00,0x00}, // 1597 典
    {0x27,0xFE,0x34,0x06,0x17,0xFE,0x04,0x00,0x44,0xF8,0x34,0x30,0x07,0xFE,0x04,0x60,0x34,0x00,0x2F,0xDE,0x29,0x88,0x2B,0xFE,0x68,0x88,0x59,0x88,0x01,0x10,0x00,0x00}, // 1598 潺
    {0x7C,0x00,0x4B,0xFC,0x4B,0x24,0x4B,0xFC,0x53,0x24,0x53,0xFC,0x58,0x00,0x4B,0xFE,0x49,0x20,0x49,0x24,0x59,0x3C,0x41,0x10,0x41,0xC8,0x41,0x86,0x00,0x00,0x00,0x00}, // 1599 隈
    {0x01,0xFE,0x7C,0x40,0x10,0xC0,0x10,0xC0,0x10,0xFE,0x10,0xFE,0x10,0x06,0x10,0x06,0x16,0x04,0x7C,0x04,0x40,0x04,0x00,0x0C,0x00,0x38,0x00,0x00,0x00,0x00,0x00,0x00}, // 1600 巧
    {0x10,0x10,0x3E,0x10,0x64,0xFC,0x7E,0x94,0x2A,0x94,0x2A,0x94,0x3E,0x94,0x2A,0xFC,0x3E,0x90,0x2A,0x14,0x2A,0x12,0x6A,0x7E,0x46,0xC2,0x00,0x00,0x00,0x00,0x00,0x00}, // 1601 触
    {0x00,0x00,0x3F,0xFC,0x01,0x80,0x01,0x80,0x01,0x80,0x01,0x80,0x01,0x80,0x01,0x80,0x01,0x80,0x01,0x80,0x01,0x80,0x01,0x80,0x7F,0xFE,0x00,0x00,0x00,0x00,0x00,0x00}, // 1602 工
    {0x7F,0xB8,0x04,0x28,0x3F,0x46,0x00,0x7C,0x3F,0x2C,0x2D,0x38,0x3F,0x7C,0x60,0x42,0x5F,0xFC,0x04,0x00,0x1F,0xF8,0x74,0x08,0x07,0xF8,0x04,0x00,0x00,0x00,0x00,0x00}, // 1603 磬
    {0x20,0x00,0x33,0xFC,0x10,0x0C,0x03,0xFC,0x40,0x0C,0x33,0xFC,0x00,0x00,0x00,0x08,0x17,0xFE,0x30,0x08,0x21,0x08,0x21,0x88,0x61,0x08,0x40,0x38,0x00,0x20,0x00,0x00}, // 1604 浔
    {0x00,0x60,0x3F,0x64,0x01,0x6C,0x01,0x68,0x47,0x78,0x64,0x70,0x04,0xFE,0x04,0xFE,0x0F,0x68,0x31,0x68,0x21,0x68,0x21,0x74,0x61,0x76,0x47,0x62,0x00,0x00,0x00,0x00}, // 1605 涨
    {0x01,0x80,0x7F,0xFE,0x42,0x22,0x1C,0x1C,0x10,0x24,0x10,0x20,0x26,0xFE,0x64,0x26,0x78,0x26,0x16,0x26,0x22,0x66,0x7F,0xC4,0x41,0x8C,0x01,0x00,0x00,0x00,0x00,0x00}, // 1606 窈
    {0x01,0x00,0x01,0x00,0x3F,0xF8,0x31,0x08,0x31,0x08,0x3F,0xF8,0x31,0x08,0x3F,0xF8,0x3F,0xF8,0x31,0x88,0x00,0xB0,0x01,0xC0,0x1F,0x62,0x30,0x1E,0x00,0x00,0x00,0x00}, // 1607 曳
    {0x10,0x60,0x10,0xF0,0x74,0x90,0x55,0x88,0x53,0x0E,0x52,0xFA,0x10,0x88,0x10,0x88,0x10,0x98,0x10,0xB0,0x10,0x80,0x10,0x86,0x10,0xFC,0x00,0x00,0x00,0x00,0x00,0x00}, // 1608 怆
    {0x18,0xFC,0x10,0x8C,0x35,0x48,0x35,0x78,0x74,0x30,0x55,0xCE,0x15,0x28,0x14,0x20,0x15,0xFE,0x14,0x20,0x10,0x70,0x10,0xCC,0x13,0x86,0x10,0x00,0x00,0x00,0x00,0x00}, // 1609 倏
    {0x27,0xFE,0x20,0x00,0x33,0xFC,0x02,0x0C,0x03,0xFC,0x70,0x00,0x37,0xFC,0x34,0x44,0x34,0x44,0x37,0xFC,0x34,0x44,0x37,0xFC,0x38,0x00,0x47,0xFE,0x00,0x00,0x00,0x00}, // 1610 逼
    {0x20,0x00,0x33,0xFE,0x18,0x30,0x00,0x30,0x40,0x30,0x70,0x30,0x10,0x30,0x00,0x30,0x04,0x30,0x0C,0x30,0x18,0x30,0x10,0x30,0x30,0x30,0x60,0xF0,0x00,0x40,0x00,0x00}, // 1611 汀
    {0x3F,0xFC,0x01,0x00,0x01,0x00,0x3F,0xFC,0x01,0x00,0x7F,0xFE,0x03,0x00,0x07,0xF0,0x0C,0x30,0x3A,0x60,0x01,0xC0,0x03,0xC0,0x7C,0x3E,0x20,0x00,0x00,0x00,0x00,0x00}, // 1612 麦
    {0x7B,0xF8,0x22,0x08,0x23,0xF8,0x22,0x48,0x7A,0x48,0x23,0xF8,0x23,0x58,0x23,0x58,0x23,0x58,0x3D,0x54,0x65,0x74,0x0C,0x46,0x08,0x46,0x00,0x00,0x00,0x00,0x00,0x00}, // 1613 珮
    {0x3F,0xFC,0x01,0x80,0x7F,0xFE,0x41,0x82,0x4D,0xB2,0x1F,0xB8,0x3F,0xFC,0x30,0x00,0x37,0xF8,0x30,0x02,0x3F,0xFE,0x34,0xD8,0x25,0x60,0x27,0x1E,0x04,0x00,0x00,0x00}, // 1614 震
    {0x20,0x00,0x31,0xF8,0x19,0x88,0x01,0x88,0x41,0x88,0x71,0x0E,0x13,0x00,0x00,0x00,0x01,0xFC,0x19,0x04,0x11,0x04,0x31,0x04,0x21,0xFC,0x61,0x04,0x01,0x04,0x00,0x00}, // 1615 沿
    {0x01,0xFC,0x7D,0x04,0x05,0xFC,0x05,0xFC,0x25,0x04,0x15,0xFC,0x19,0x20,0x09,0x24,0x15,0x28,0x33,0x10,0x61,0x58,0x41,0xCC,0x01,0x86,0x00,0x00,0x00,0x00,0x00,0x00}, // 1616 艰
    {0x00,0x02,0x7E,0x52,0x18,0x52,0x18,0x52,0x7E,0x52,0x5A,0xFA,0x5B,0x76,0x7B,0x76,0x67,0x72,0x42,0x52,0x7E,0x52,0x42,0x92,0x7E,0x92,0x43,0x82,0x00,0x00,0x00,0x00}, // 1617 酬
    {0x0C,0x00,0x1F,0xE0,0x30,0x40,0x60,0x80,0x7F,0xF8,0x31,0x08,0x31,0x08,0x3F,0xF8,0x31,0x08,0x3F,0xF8,0x31,0x00,0x31,0x02,0x01,0x86,0x00,0x78,0x00,0x00,0x00,0x00}, // 1618 龟
    {0x02,0x08,0x02,0x18,0x72,0x10,0x57,0xBE,0x52,0x10,0x55,0x10,0x55,0x7E,0x5F,0xD0,0x51,0x3E,0x71,0x06,0x53,0x84,0x45,0x38,0x01,0x18,0x01,0x04,0x00,0x00,0x00,0x00}, // 1619 啭
    {0x7F,0xFE,0x10,0x60,0x10,0x40,0x11,0xFC,0x11,0x04,0x11,0x24,0x11,0x24,0x11,0x64,0x11,0x64,0x11,0x44,0x10,0x50,0x71,0x8C,0x47,0x06,0x00,0x00,0x00,0x00,0x00,0x00}, // 1620 顶
    {0x01,0x80,0x01,0x80,0x7F,0xFE,0x40,0x22,0x1E,0x38,0x30,0x08,0x02,0x48,0x32,0x50,0x02,0x40,0x1E,0x78,0x72,0x4C,0x06,0x40,0x0C,0x42,0x78,0x7E,0x20,0x00,0x00,0x00}, // 1621 窕
    {0x00,0x20,0x7C,0x20,0x48,0x20,0x49,0xFE,0x49,0x26,0x51,0x20,0x59,0xFC,0x49,0xC4,0x45,0x4C,0x45,0x48,0x5B,0x38,0x52,0x30,0x46,0x78,0x45,0xC6,0x00,0x00,0x00,0x00}, // 1622 陂
    {0x04,0x10,0x7F,0xB0,0x3F,0xBE,0x24,0xA4,0x3F,0xE4,0x24,0xE4,0x3F,0xA4,0x04,0x2C,0x7F,0xD8,0x18,0x18,0x1F,0x18,0x11,0x3C,0x27,0xE6,0x40,0x02,0x00,0x00,0x00,0x00}, // 1623 敷
    {0x18,0x60,0x10,0x40,0x11,0xFC,0x7D,0x24,0x65,0x24,0x65,0xFC,0x7D,0x24,0x65,0xFC,0x64,0x68,0x64,0x68,0x7C,0xEA,0x64,0xAE,0x61,0x22,0x66,0x3E,0x00,0x00,0x00,0x00}, // 1624 魄
    {0x18,0x40,0x0B,0xF8,0x60,0xC8,0x10,0x98,0x09,0x9B,0x13,0x1E,0x26,0x04,0x01,0x80,0x7F,0xFE,0x03,0xC0,0x05,0xB0,0x19,0x9C,0x71,0x86,0x01,0x80,0x00,0x00,0x00,0x00}, // 1625 染
    {0x23,0xF8,0x33,0xF8,0x10,0x10,0x00,0x70,0x00,0xD8,0x77,0x06,0x70,0x02,0x13,0xFC,0x10,0x60,0x10,0x60,0x13,0xFC,0x13,0xFC,0x3C,0x00,0x43,0xFE,0x00,0x00,0x00,0x00}, // 1626 迳
    {0x30,0x20,0x1F,0xFE,0x01,0x30,0x41,0xA0,0x73,0x3E,0x02,0x66,0x06,0x54,0x0E,0xD4,0x32,0x24,0x22,0x28,0x22,0x18,0x62,0x3C,0x62,0xE6,0x02,0x02,0x00,0x00,0x00,0x00}, // 1627 液
    {0x7F,0xFE,0x04,0x60,0x1F,0xF8,0x1F,0xF8,0x18,0x18,0x1F,0xF8,0x7F,0xFE,0x04,0x20,0x0D,0x18,0x31,0x0E,0x49,0x52,0x19,0x28,0x13,0x08,0x02,0x00,0x00,0x00,0x00,0x00}, // 1628 慕
    {0x10,0x00,0x13,0xFE,0x30,0x20,0x20,0x20,0x6F,0xFE,0x7A,0x4A,0x5A,0x4A,0x12,0x7A,0x22,0x4A,0x7E,0x4A,0x02,0x7A,0x06,0x4A,0x7B,0xFE,0x42,0x02,0x02,0x02,0x00,0x00}, // 1629 缅
    {0x27,0xFC,0x30,0xC4,0x12,0xD4,0x02,0xC4,0x07,0xFC,0x74,0x44,0x10,0xE0,0x13,0x9C,0x16,0x66,0x11,0xB0,0x1A,0x60,0x19,0x8C,0x10,0x30,0x03,0xC0,0x02,0x00,0x00,0x00}, // 1630 谬
    {0x00,0x58,0x3C,0x48,0x25,0xFE,0x24,0x48,0x3C,0x48,0x27,0xFE,0x24,0x00,0x24,0xFC,0x3C,0xFC,0x24,0x84,0x24,0xFC,0x64,0x84,0x4C,0xFC,0x48,0x84,0x00,0x00,0x00,0x00}, // 1631 腊
    {0x3F,0xE0,0x01,0x18,0x19,0x10,0x09,0x20,0x1F,0xF8,0x10,0x08,0x11,0x88,0x11,0x08,0x11,0xC8,0x12,0x88,0x06,0xC0,0x0C,0xC2,0x78,0xFE,0x00,0x00,0x00,0x00,0x00,0x00}, // 1632 觅
    {0x27,0xFC,0x30,0x08,0x10,0x08,0x03,0xF8,0x40,0x08,0x67,0xFE,0x10,0x40,0x06,0x40,0x02,0x6C,0x30,0xF0,0x21,0x50,0x26,0x4C,0x6C,0x46,0x41,0xC0,0x00,0x80,0x00,0x00}, // 1633 渌
    {0x10,0x00,0x11,0xF8,0x11,0x08,0x79,0xF8,0x10,0x00,0x33,0xFE,0x39,0x08,0x3D,0xF8,0x51,0x08,0x51,0xF8,0x51,0x08,0x11,0x0E,0x17,0xF8,0x10,0x08,0x00,0x00,0x00,0x00}, // 1634 楫
    {0x3F,0xFC,0x02,0x40,0x12,0x4C,0x12,0x48,0x1A,0x58,0x02,0x40,0x7F,0xFE,0x00,0x00,0x00,0x80,0x24,0xCC,0x24,0x04,0x64,0x16,0x07,0xF0,0x00,0x00,0x00,0x00,0x00,0x00}, // 1635 恶
    {0x20,0x7C,0x27,0xFE,0x34,0x46,0x05,0xF4,0x04,0x7C,0x64,0x00,0x25,0xFC,0x25,0xA4,0x24,0x58,0x2D,0xBC,0x28,0xD2,0x31,0x30,0x4F,0xFE,0x40,0x00,0x00,0x00,0x00,0x00}, // 1636 遽
    {0x0D,0xFC,0x00,0x24,0x7C,0x24,0x0D,0xFE,0x08,0x44,0x13,0xFC,0x3C,0x40,0x7C,0x40,0x58,0xFC,0x19,0x44,0x1B,0x44,0x18,0x7C,0x18,0x44,0x18,0x40,0x00,0x00,0x00,0x00}, // 1637 裙
    {0x7F,0xFE,0x48,0xC0,0x48,0xFC,0x59,0x84,0x4E,0xFC,0x44,0x84,0x5C,0xFC,0x50,0x84,0x41,0x8C,0x3F,0xFC,0x3F,0xFC,0x01,0x80,0x7F,0xFE,0x00,0x00,0x00,0x00,0x00,0x00}, // 1638 堕
    {0x7E,0x00,0x06,0xFC,0x26,0x44,0x24,0x44,0x24,0x44,0x24,0x4C,0x3E,0x48,0x02,0x28,0x02,0x30,0x7A,0x30,0x02,0x38,0x02,0x4C,0x0F,0x86,0x08,0x00,0x00,0x00,0x00,0x00}, // 1639 驭
    {0x10,0x30,0x7D,0xFE,0x54,0x00,0x54,0x48,0x54,0x84,0x55,0x82,0x7D,0x0C,0x54,0xC8,0x16,0x58,0x12,0x70,0x3E,0x30,0x62,0x78,0x03,0xC6,0x01,0x00,0x00,0x00,0x00,0x00}, // 1640 蛟
    {0x00,0x80,0x3F,0xFE,0x22,0x10,0x22,0x10,0x22,0x10,0x2F,0x7C,0x26,0x30,0x27,0xB8,0x2E,0xD8,0x2A,0x54,0x7A,0x96,0x42,0x90,0x42,0x10,0x02,0x10,0x00,0x00,0x00,0x00}, // 1641 麻
    {0x00,0x04,0x3F,0x84,0x08,0x24,0x0F,0xA4,0x11,0x24,0x39,0x24,0x4F,0x24,0x06,0x24,0x0C,0x04,0x78,0x1C,0x00,0x00,0x22,0x44,0x32,0x66,0x62,0x22,0x00,0x00,0x00,0x00}, // 1642 烈
    {0x20,0x00,0x33,0xFE,0x10,0x46,0x00,0x46,0x40,0xC4,0x71,0x84,0x13,0x0C,0x02,0x00,0x11,0xFC,0x11,0x04,0x31,0x04,0x21,0x04,0x61,0xFC,0x61,0x04,0x01,0x04,0x00,0x00}, // 1643 沼
    {0x13,0xFE,0x12,0x02,0x7A,0x9A,0x11,0x0C,0x12,0x64,0x10,0x60,0x1B,0xFE,0x70,0xF0,0x50,0xF0,0x11,0xF8,0x13,0x6C,0x16,0x66,0x74,0x60,0x40,0x60,0x00,0x00,0x00,0x00}, // 1644 探
    {0x04,0x20,0x7F,0xFE,0x00,0x0C,0x3F,0x2C,0x3F,0x2C,0x21,0x2C,0x3F,0x2C,0x23,0x1C,0x00,0x00,0x3F,0xF8,0x02,0x08,0x06,0x08,0x38,0x38,0x20,0x00,0x00,0x00,0x00,0x00}, // 1645 剪
    {0x23,0x64,0x31,0x68,0x10,0x60,0x03,0xFC,0x02,0x04,0x73,0xFC,0x12,0x04,0x12,0x04,0x13,0xFC,0x12,0x04,0x12,0x0C,0x38,0x00,0x67,0xFE,0x00,0x00,0x00,0x00,0x00,0x00}, // 1646 逍
    {0x08,0xC0,0x00,0xFE,0x7D,0x86,0x0D,0x06,0x0A,0xF6,0x18,0x96,0x3E,0x94,0x7C,0x94,0x5A,0xF4,0x18,0x84,0x18,0x80,0x18,0x82,0x18,0xFE,0x18,0x00,0x00,0x00,0x00,0x00}, // 1647 袍
    {0x10,0xB0,0x10,0xB0,0x11,0xFE,0x7D,0x30,0x15,0x30,0x24,0x30,0x25,0xFC,0x25,0xFC,0x38,0x30,0x08,0x30,0x1C,0x30,0x34,0x30,0x63,0xFE,0x00,0x00,0x00,0x00,0x00,0x00}, // 1648 姓
    {0x33,0x4C,0x12,0x48,0x02,0xE0,0x00,0xB8,0x63,0x0C,0x36,0x60,0x00,0x40,0x13,0x44,0x12,0x68,0x32,0x60,0x20,0x90,0x61,0x98,0x47,0x06,0x00,0x00,0x00,0x00,0x00,0x00}, // 1649 淡
    {0x7F,0xFE,0x04,0x20,0x1F,0xF8,0x1F,0xF8,0x1F,0xF8,0x00,0x00,0x3F,0xFC,0x26,0x44,0x3F,0xFC,0x1F,0xF8,0x04,0x30,0x03,0xC0,0x7F,0xFE,0x20,0x04,0x00,0x00,0x00,0x00}, // 1650 蔓
    {0x32,0x30,0x32,0x30,0x7F,0xB0,0x32,0xFE,0x3E,0x32,0x08,0x32,0x7F,0x32,0x69,0x22,0x7F,0x22,0x08,0x22,0x08,0x62,0x7F,0x42,0x08,0xC2,0x09,0x8E,0x00,0x80,0x00,0x00}, // 1651 勒
    {0x32,0x02,0x32,0x02,0x7B,0xFE,0x32,0x00,0x32,0xFC,0x3A,0x60,0x72,0x44,0x72,0xFE,0x32,0x10,0x36,0x10,0x34,0xFC,0x34,0x10,0x6D,0xFE,0x00,0x00,0x00,0x00,0x00,0x00}, // 1652 握
    {0x08,0x40,0x08,0x40,0x08,0x40,0x7D,0xF8,0x08,0x48,0x0D,0x48,0x78,0xC8,0x08,0xE8,0x09,0xAA,0x39,0x0E,0x02,0x00,0x20,0x4C,0x26,0x44,0x62,0x66,0x00,0x00,0x00,0x00}, // 1653 热
    {0x36,0x3E,0x16,0x12,0x06,0x92,0x46,0x92,0x67,0x66,0x36,0x6C,0x00,0x00,0x13,0xFE,0x12,0x66,0x33,0xFE,0x22,0x66,0x62,0x66,0x43,0xFE,0x02,0x06,0x00,0x00,0x00,0x00}, // 1654 溜
    {0x11,0xFE,0x11,0x12,0x7D,0x12,0x7D,0xFE,0x25,0x00,0x25,0x7E,0x25,0x42,0x6D,0x7E,0x39,0x42,0x19,0x7E,0x17,0x42,0x22,0x42,0x66,0x7E,0x40,0x40,0x00,0x00,0x00,0x00}, // 1655 媚
    {0x13,0xFE,0x01,0x06,0x4F,0xE6,0x41,0x06,0x5F,0xF6,0x42,0x66,0x4F,0xF6,0x40,0x16,0x4F,0xF6,0x4A,0xD6,0x4A,0xD6,0x5F,0xF6,0x40,0x0C,0x00,0x00,0x00,0x00,0x00,0x00}, // 1656 阖
    {0x3F,0xFE,0x20,0x00,0x23,0x00,0x2F,0xDE,0x2F,0x94,0x28,0x94,0x2F,0x9C,0x2F,0x94,0x20,0x92,0x23,0x52,0x3F,0x9E,0x63,0x10,0x47,0x10,0x04,0x00,0x00,0x00,0x00,0x00}, // 1657 廓
    {0x00,0x80,0x3F,0xFE,0x20,0x00,0x22,0x10,0x2F,0x7E,0x27,0x38,0x2A,0x54,0x22,0x12,0x21,0x60,0x2F,0x7C,0x21,0x60,0x67,0x7C,0x5F,0x7E,0x41,0x60,0x01,0x60,0x00,0x00}, // 1658 靡
    {0x09,0xFE,0x14,0x30,0x32,0x20,0x29,0xFE,0x48,0x86,0x00,0x96,0x7F,0x96,0x02,0x96,0x04,0x96,0x2C,0x96,0x38,0x28,0x0C,0x6C,0x05,0x86,0x00,0x00,0x00,0x00,0x00,0x00}, // 1659 领
    {0x1F,0xF8,0x10,0x08,0x10,0x08,0x1F,0xF8,0x01,0x80,0x01,0x80,0x3F,0xFC,0x21,0x84,0x21,0x84,0x21,0x84,0x21,0x84,0x21,0x9C,0x01,0x90,0x01,0x80,0x00,0x00,0x00,0x00}, // 1660 吊
    {0x7F,0xFE,0x04,0x20,0x14,0x88,0x36,0x60,0x09,0x90,0x5E,0x6A,0x55,0xA2,0x5C,0x3C,0x01,0x80,0x7F,0xFE,0x03,0xE0,0x0D,0xB8,0x71,0x86,0x01,0x80,0x00,0x00,0x00,0x00}, // 1661 蘂
    {0x00,0x4C,0x00,0x40,0x7F,0xFE,0x00,0x40,0x12,0x44,0x12,0x4C,0x7F,0xE8,0x7F,0xA8,0x12,0x38,0x12,0x30,0x12,0x30,0x32,0x7A,0x61,0xCE,0x00,0x00,0x00,0x00,0x00,0x00}, // 1662 戒
    {0x3F,0xFE,0x20,0x00,0x20,0x18,0x26,0x10,0x21,0xB0,0x20,0xE0,0x20,0xE0,0x20,0xB0,0x21,0x18,0x26,0x0C,0x24,0x00,0x20,0x00,0x3F,0xFE,0x00,0x00,0x00,0x00,0x00,0x00}, // 1663 区
    {0x3F,0xFC,0x20,0x00,0x20,0x00,0x20,0x00,0x3F,0xF8,0x20,0x08,0x20,0x08,0x20,0x08,0x3F,0xF8,0x20,0x00,0x20,0x00,0x20,0x00,0x3F,0xFE,0x00,0x00,0x00,0x00,0x00,0x00}, // 1664 巨
    {0x00,0x20,0x00,0x20,0x7F,0xFE,0x52,0x20,0x52,0xFC,0x52,0x20,0x7F,0xFE,0x52,0x4C,0x52,0x4C,0x52,0xFE,0x7E,0x8C,0x43,0x6C,0x43,0x0C,0x00,0x18,0x00,0x00,0x00,0x00}, // 1665 畴
    {0x10,0x40,0x13,0xFE,0x7E,0xC0,0x10,0xB0,0x10,0xB0,0x35,0x30,0x3D,0xFE,0x74,0x30,0x50,0xB4,0x11,0xB4,0x11,0x36,0x12,0x32,0x10,0x70,0x00,0x40,0x00,0x00,0x00,0x00}, // 1666 栋
    {0x00,0x60,0x00,0x60,0x79,0xFC,0x48,0x60,0x48,0x60,0x48,0x60,0x4B,0xFE,0x48,0x60,0x48,0xF0,0x79,0xF8,0x49,0x68,0x43,0x6E,0x06,0x66,0x00,0x60,0x00,0x60,0x00,0x00}, // 1667 味
    {0x04,0x00,0x7F,0x78,0x3F,0x4E,0x00,0x00,0x3F,0x7C,0x3F,0x38,0x20,0x46,0x4F,0xF0,0x3F,0xFE,0x07,0xA0,0x0F,0xFC,0x78,0x16,0x0F,0xF0,0x0F,0xF0,0x00,0x00,0x00,0x00}, // 1668 馨
    {0x08,0x00,0x08,0xFE,0x7E,0x30,0x08,0x20,0x08,0xFC,0x4A,0x84,0x4A,0x94,0x4A,0x94,0x7E,0x94,0x0A,0x94,0x08,0xA4,0x0A,0x28,0x0E,0x4C,0x19,0xC6,0x00,0x00,0x00,0x00}, // 1669 顿
    {0x04,0x06,0x04,0x06,0x7F,0xD6,0x04,0x16,0x04,0x16,0x3F,0x96,0x24,0x96,0x24,0x96,0x2D,0x96,0x0C,0x16,0x15,0x96,0x24,0xC6,0x44,0x06,0x04,0x0E,0x00,0x00,0x00,0x00}, // 1670 刺
    {0x10,0x00,0x13,0xFE,0x12,0x30,0x52,0xFC,0x5A,0x20,0x5E,0xAC,0x52,0xE8,0x12,0x20,0x13,0xFE,0x12,0x30,0x12,0x78,0x12,0xCC,0x12,0x80,0x13,0xFE,0x10,0x00,0x00,0x00}, // 1671 惬
    {0x01,0x00,0x01,0x00,0x01,0x00,0x3F,0xF8,0x21,0x08,0x21,0x08,0x3F,0xF8,0x21,0x08,0x21,0x08,0x3F,0xF8,0x3F,0xF8,0x21,0x00,0x01,0x02,0x01,0xFE,0x00,0x00,0x00,0x00}, // 1672 电
    {0x04,0x40,0x7F,0xFE,0x02,0x40,0x1F,0xF8,0x16,0x78,0x18,0x08,0x1F,0xF8,0x10,0x08,0x1F,0xF8,0x01,0x00,0x7F,0xFE,0x02,0xC0,0x7C,0x3E,0x20,0x00,0x00,0x00,0x00,0x00}, // 1673 奠
    {0x78,0x98,0x10,0x80,0x11,0xFE,0x7D,0x90,0x7F,0x90,0x12,0xFE,0x34,0x90,0x3C,0x90,0x74,0xFE,0x50,0x90,0x50,0x90,0x10,0xFE,0x10,0x80,0x10,0x80,0x00,0x00,0x00,0x00}, // 1674 稚
    {0x1F,0xFC,0x00,0x30,0x01,0xC0,0x08,0x90,0x24,0xB4,0x20,0x84,0x20,0x84,0x26,0xE4,0x38,0xB4,0x21,0x94,0x23,0x04,0x3F,0xFC,0x3F,0xFC,0x00,0x04,0x00,0x00,0x00,0x00}, // 1675 函
    {0x04,0x20,0x04,0x20,0x7F,0xFE,0x04,0x20,0x04,0x20,0x06,0x60,0x0C,0x30,0x30,0x18,0x6F,0xF6,0x02,0x10,0x06,0x10,0x04,0x30,0x0C,0x20,0x30,0xE0,0x20,0x00,0x00,0x00}, // 1676 芬
    {0x00,0x28,0x00,0x2C,0x40,0x20,0x6F,0xFC,0x38,0x20,0x0B,0xA4,0x08,0x24,0x0B,0xA8,0x3A,0xA8,0x2A,0xB8,0x6A,0x90,0x4B,0xBA,0x58,0x6A,0x11,0xC6,0x00,0x00,0x00,0x00}, // 1677 减
    {0x10,0x0C,0x13,0xF8,0x10,0x20,0x78,0x20,0x13,0xFE,0x10,0x20,0x11,0xAE,0x3A,0x26,0x72,0x26,0x13,0xAE,0x12,0x26,0x12,0x26,0x13,0xFE,0x72,0x06,0x02,0x06,0x00,0x00}, // 1678 插
    {0x7E,0x60,0x48,0x40,0x08,0x7E,0x7F,0xCC,0x08,0x88,0x09,0xC8,0x08,0x48,0x7E,0x28,0x62,0x38,0x62,0x30,0x7E,0x38,0x62,0x6C,0x61,0xC6,0x00,0x00,0x00,0x00,0x00,0x00}, // 1679 敌
    {0x27,0xFE,0x37,0xFE,0x10,0x40,0x03,0xFC,0x02,0x44,0x72,0x44,0x37,0xFC,0x30,0xD0,0x31,0x58,0x32,0x46,0x34,0x40,0x38,0x00,0xC7,0xFE,0x40,0x00,0x00,0x00,0x00,0x00}, // 1680 速
    {0x3F,0xFE,0x30,0x00,0x37,0xFC,0x37,0xFC,0x34,0x0C,0x37,0xFC,0x30,0x00,0x37,0xFC,0x20,0x38,0x20,0x40,0x2F,0xFE,0x60,0x40,0x40,0xC0,0x00,0x80,0x00,0x00,0x00,0x00}, // 1681 厚
    {0x7F,0xFE,0x04,0x20,0x20,0xFC,0x33,0x48,0x12,0x48,0x47,0xFE,0x61,0x70,0x03,0x58,0x0F,0xFE,0x32,0x48,0x23,0xF8,0x62,0x48,0x43,0xF8,0x02,0x08,0x00,0x00,0x00,0x00}, // 1682 藩
    {0x19,0xFC,0x31,0x0C,0x61,0x0C,0x0D,0x0C,0x19,0xFC,0x31,0x0C,0x31,0x0C,0x51,0xFC,0x11,0x0C,0x11,0x0C,0x11,0x0C,0x11,0x0C,0x17,0xFE,0x10,0x00,0x00,0x00,0x00,0x00}, // 1683 徂
    {0x3F,0xFC,0x01,0x80,0x7F,0xFE,0x61,0x86,0x6D,0xB6,0x1F,0xF8,0x02,0x00,0x1C,0x78,0x1E,0x78,0x10,0x08,0x1F,0xF8,0x02,0x40,0x06,0x42,0x78,0x7E,0x00,0x00,0x00,0x00}, // 1684 霓
    {0x04,0x00,0x04,0x7E,0x04,0x66,0x7F,0xE4,0x04,0x64,0x04,0x6C,0x3F,0x68,0x04,0x64,0x0C,0x66,0x7F,0xE2,0x08,0x62,0x08,0x6E,0x10,0x60,0x30,0x60,0x00,0x60,0x00,0x00}, // 1685 邦
    {0x08,0x7C,0x3E,0x44,0x22,0x44,0x22,0x44,0x3E,0x7C,0x22,0x44,0x3E,0x44,0x3F,0x7C,0x24,0x44,0x26,0x44,0x2F,0x84,0x30,0x84,0x21,0x9C,0x01,0x08,0x00,0x00,0x00,0x00}, // 1686 朗
    {0x06,0x20,0x06,0x20,0x3F,0xFC,0x06,0x20,0x06,0x20,0x7F,0xFE,0x06,0x60,0x0D,0x30,0x19,0x1C,0x61,0x06,0x49,0x68,0x19,0x2C,0x31,0x34,0x07,0x00,0x02,0x00,0x00,0x00}, // 1687 恭
    {0x30,0x40,0x30,0x7C,0x30,0x40,0x33,0xFE,0x7A,0x42,0x33,0xF8,0x32,0x46,0x32,0x7C,0x32,0x58,0x3F,0x5A,0x3D,0x5E,0x65,0x5C,0x0C,0x58,0x1B,0xFE,0x00,0x00,0x00,0x00}, // 1688 墟
    {0x01,0x00,0x7F,0xFE,0x06,0x60,0x0C,0x30,0x1F,0xFC,0x70,0x06,0x40,0x02,0x3F,0xFE,0x04,0x00,0x0F,0xF8,0x00,0x18,0x00,0x10,0x00,0xF0,0x00,0x40,0x00,0x00,0x00,0x00}, // 1689 夸
    {0x08,0x10,0x08,0x10,0x7F,0xFE,0x08,0x10,0x08,0x10,0x3E,0xFC,0x2A,0x94,0x2A,0x94,0x2A,0xB4,0x1C,0x38,0x3A,0x58,0x68,0xD4,0x49,0x92,0x09,0x10,0x08,0x10,0x00,0x00}, // 1690 棘
    {0x7F,0xFE,0x40,0x00,0x0F,0xF8,0x08,0x18,0x0F,0xF8,0x00,0x00,0x1F,0xFC,0x00,0x3C,0x00,0xC0,0x7F,0xFE,0x00,0x80,0x00,0x80,0x03,0x80,0x02,0x00,0x00,0x00,0x00,0x00}, // 1691 享
    {0x00,0x10,0x7F,0x10,0x49,0x14,0x5D,0x12,0x49,0x10,0x7F,0xFE,0x08,0x10,0x7F,0x30,0x08,0x30,0x7F,0x28,0x03,0x68,0x55,0x44,0x54,0xC4,0x41,0x82,0x00,0x00,0x00,0x00}, // 1692 默
    {0x00,0x80,0x08,0x80,0x08,0xFC,0x08,0x80,0x08,0x80,0x7F,0xFE,0x00,0x00,0x11,0x8C,0x11,0x0C,0x13,0xCC,0x16,0x6C,0x1C,0x3C,0x10,0x0C,0x1F,0xFC,0x00,0x0C,0x00,0x00}, // 1693 齿
    {0x20,0x98,0x3C,0x80,0x65,0xFE,0x49,0x90,0x0A,0x90,0x7C,0xFE,0x04,0x90,0x04,0x90,0x7C,0xFE,0x04,0x90,0x04,0x90,0x7C,0xFE,0x04,0x80,0x00,0x80,0x00,0x00,0x00,0x00}, // 1694 雏
    {0x01,0xB8,0x3D,0xE0,0x0D,0xE0,0x19,0x98,0x73,0x8E,0x01,0x00,0x08,0x10,0x0B,0x16,0x7E,0xFC,0x2E,0x58,0x2B,0x54,0x48,0x96,0x59,0x32,0x10,0x20,0x00,0x00,0x00,0x00}, // 1695 淼
    {0x10,0x00,0x11,0xFE,0x10,0xC8,0xB0,0xC8,0xFC,0xC8,0x24,0xC8,0x24,0xC8,0x25,0xFE,0x64,0xC8,0x38,0x88,0x0C,0x88,0x16,0x88,0x31,0x08,0x63,0x08,0x00,0x00,0x00,0x00}, // 1696 妍
    {0x00,0x10,0x7F,0x10,0x26,0x10,0x26,0x10,0x3E,0xD0,0x3E,0xDE,0x26,0xD0,0x26,0xD0,0x3E,0xD0,0x26,0xD0,0x27,0xD0,0x3E,0xD0,0x66,0xD0,0x07,0xFE,0x00,0x00,0x00,0x00}, // 1697 耻
    {0x22,0xFE,0x2A,0x10,0x2A,0x20,0x2A,0xFC,0x2A,0x84,0x2A,0x94,0x2A,0x94,0x2A,0x94,0x2A,0xB4,0x6A,0xA4,0x6A,0x28,0x42,0x64,0x40,0xC6,0x00,0x80,0x00,0x00,0x00,0x00}, // 1698 顺
    {0x10,0x88,0x13,0xFE,0x12,0x22,0x12,0xAA,0x7E,0xAA,0x12,0x22,0x13,0xFE,0x10,0x00,0x11,0xFC,0x1D,0x04,0x71,0xFC,0x01,0x04,0x01,0xFC,0x01,0x04,0x00,0x00,0x00,0x00}, // 1699 增
    {0x3F,0x80,0x7F,0xFE,0x01,0x00,0x3F,0xFC,0x35,0x2C,0x35,0x6C,0x3F,0xFC,0x01,0x00,0x3F,0xFC,0x01,0x00,0x7F,0xFE,0x36,0x4C,0x62,0x64,0x40,0x04,0x00,0x00,0x00,0x00}, // 1700 熏
    {0x7F,0xFE,0x04,0x20,0x18,0x48,0x7E,0x48,0x18,0xFE,0x7E,0x48,0x19,0xFE,0x7E,0x00,0x18,0xFC,0x1C,0x84,0x3E,0xFC,0x78,0x84,0x58,0xFC,0x00,0x00,0x00,0x00,0x00,0x00}, // 1701 藉
    {0x7F,0xFE,0x00,0x00,0x1F,0xF0,0x18,0x10,0x1F,0xF0,0x7F,0xFE,0x40,0x02,0x5F,0xF2,0x01,0x30,0x1F,0xC0,0x07,0xF8,0x39,0x02,0x01,0xFE,0x00,0x00,0x00,0x00,0x00,0x00}, // 1702 毫
    {0x08,0x00,0x08,0x00,0x08,0x00,0x7F,0x7C,0x09,0x44,0x09,0x44,0x09,0x44,0x19,0x44,0x11,0x44,0x11,0x44,0x11,0x44,0x31,0x7C,0x23,0x44,0x66,0x44,0x00,0x00,0x00,0x00}, // 1703 加
    {0x78,0x6C,0x18,0x28,0x18,0x08,0x7E,0x48,0x19,0x4C,0x19,0x5E,0x1D,0x52,0x3D,0x52,0x3A,0x60,0x58,0x60,0x58,0xC4,0x1B,0xC4,0x1A,0x7C,0x18,0x00,0x00,0x00,0x00,0x00}, // 1704 秘
    {0x04,0x48,0x7C,0x40,0x53,0xFE,0x10,0xD2,0x7D,0x9E,0x13,0x00,0x11,0xFC,0x3D,0x02,0x36,0xFE,0x71,0xFC,0x51,0x04,0x11,0xFC,0x11,0x04,0x11,0xFC,0x11,0x00,0x00,0x00}, // 1705 稽
    {0x3F,0xF8,0x23,0x08,0x27,0xC8,0x24,0x48,0x27,0xC8,0x27,0xC8,0x20,0x08,0x2F,0xE8,0x21,0x08,0x27,0xC8,0x61,0x0A,0x5F,0xFE,0x40,0x06,0x00,0x00,0x00,0x00,0x00,0x00}, // 1706 凰
    {0x08,0x30,0x08,0x30,0x2E,0x30,0x28,0x48,0x28,0x4C,0x7E,0xA6,0x08,0x90,0x4A,0x00,0x4A,0xFC,0x56,0x08,0x56,0x48,0x62,0x70,0x5E,0x30,0x62,0x18,0x00,0x00,0x00,0x00}, // 1707 龄
    {0x7B,0xFE,0x08,0x00,0x68,0x00,0x4B,0xDE,0x4A,0x52,0x4B,0x5A,0x4B,0x5A,0x7B,0x5A,0x0A,0xD6,0x7A,0x52,0x0A,0x52,0x0A,0x52,0x1A,0x56,0x02,0x94,0x00,0x00,0x00,0x00}, // 1708 骊
    {0x01,0x80,0x3F,0xFC,0x3F,0xFC,0x21,0x84,0x21,0x84,0x3F,0xFC,0x21,0x84,0x21,0x84,0x3F,0xFC,0x21,0x84,0x21,0x80,0x01,0x80,0x01,0x80,0x01,0x80,0x00,0x00,0x00,0x00}, // 1709 申
    {0x79,0xFE,0x09,0x52,0x69,0x52,0x49,0x52,0x49,0x52,0x49,0x52,0x7D,0x52,0x05,0x52,0x05,0x9E,0x35,0x02,0x45,0x02,0x05,0x02,0x1D,0xFE,0x19,0x00,0x00,0x00,0x00,0x00}, // 1710 驷
    {0x12,0x20,0x12,0x20,0x7F,0xE0,0x12,0x7E,0x12,0x44,0x1E,0xC4,0x12,0x10,0x1E,0x10,0x12,0x30,0x7F,0xB0,0x00,0x28,0x36,0x68,0x22,0x44,0x41,0x86,0x00,0x00,0x00,0x00}, // 1711 欺
    {0x11,0xFC,0x7C,0x20,0x20,0x20,0x21,0xFE,0x68,0x00,0x49,0xFC,0x7F,0x84,0x09,0xFC,0x0A,0x50,0x7C,0xD6,0x49,0xD8,0x0A,0xEC,0x08,0xE2,0x08,0x00,0x00,0x00,0x00,0x00}, // 1712 辕
    {0x08,0x00,0x18,0x00,0x11,0xFC,0x7E,0x84,0x1E,0xC4,0x32,0xCC,0x22,0x4C,0x26,0x48,0x64,0x68,0x34,0x30,0x1C,0x30,0x1E,0x78,0x32,0xCC,0x61,0x87,0x02,0x02,0x00,0x00}, // 1713 奴
    {0x7F,0xBE,0x4C,0xA2,0x6D,0xAA,0x6D,0xAA,0x6D,0xA2,0x65,0x2E,0x32,0xA0,0xC6,0xBE,0x10,0x02,0x7F,0x82,0x32,0x3A,0x0E,0x02,0x19,0x86,0x60,0x00,0x00,0x00,0x00,0x00}, // 1714 鹦
    {0x10,0x80,0x10,0x9C,0x11,0xE0,0x7E,0x4C,0x10,0x78,0x10,0x60,0x3B,0x9A,0x34,0x0C,0x53,0xFE,0x50,0x90,0x10,0x90,0x10,0x90,0x11,0x92,0x17,0x1E,0x00,0x00,0x00,0x00}, // 1715 桡
    {0x01,0x80,0x7F,0xFE,0x18,0xB0,0x10,0x90,0x25,0xFE,0x79,0x10,0x1B,0x10,0x11,0xFC,0x3D,0x10,0x25,0xFC,0x09,0x10,0x19,0x10,0x71,0xFE,0x01,0x00,0x00,0x00,0x00,0x00}, // 1716 雍
    {0x08,0x40,0x0B,0x48,0x11,0x48,0x10,0x40,0x37,0xFE,0x74,0x02,0x51,0xF8,0x11,0x08,0x11,0x08,0x11,0xF8,0x10,0x90,0x11,0x90,0x11,0x12,0x16,0x1E,0x00,0x00,0x00,0x00}, // 1717 傥
    {0x3F,0xFC,0x02,0x0C,0x02,0x08,0x06,0x08,0x0C,0x08,0x18,0x38,0x60,0x00,0x1F,0xF8,0x18,0x08,0x18,0x08,0x18,0x08,0x1F,0xF8,0x18,0x08,0x00,0x00,0x00,0x00,0x00,0x00}, // 1718 召
    {0x19,0x90,0x11,0x90,0x11,0x90,0x37,0xFE,0x31,0x90,0x51,0x90,0x11,0x90,0x17,0xFE,0x17,0xFE,0x10,0x00,0x11,0x18,0x13,0x0C,0x16,0x06,0x00,0x00,0x00,0x00,0x00,0x00}, // 1719 供
    {0x3F,0xAC,0x04,0x24,0x7F,0xFE,0x00,0x20,0x3F,0xA4,0x3F,0xA4,0x24,0xA4,0x3F,0xA8,0x7F,0xB8,0x1A,0x18,0x7F,0xD0,0x12,0x2A,0x71,0x46,0x00,0x00,0x00,0x00,0x00,0x00}, // 1720 戴
    {0x3C,0x30,0x24,0x10,0x25,0xE0,0x24,0x22,0x3C,0x26,0x25,0xFC,0x24,0xB8,0x3C,0xA8,0x24,0xA8,0x25,0xA4,0x25,0x27,0x45,0x22,0x4C,0x60,0x00,0x40,0x00,0x00,0x00,0x00}, // 1721 脉
    {0x7D,0xFE,0x04,0x20,0x28,0x20,0x10,0xFC,0x00,0x84,0x7E,0xB4,0x12,0xB4,0x12,0xA4,0x10,0xA4,0x10,0xA4,0x10,0x60,0x10,0x4C,0x31,0x86,0x01,0x00,0x00,0x00,0x00,0x00}, // 1722 预
    {0x00,0x20,0x3E,0x20,0x22,0x20,0x22,0xFE,0x22,0xFE,0x3E,0x26,0x22,0x26,0x22,0x24,0x3E,0x24,0x22,0x64,0x22,0x44,0x2F,0x44,0x78,0x84,0x41,0x9C,0x00,0x00,0x00,0x00}, // 1723 助
    {0x00,0x80,0x3F,0xFE,0x30,0x40,0x34,0xC8,0x34,0x80,0x3F,0xFC,0x31,0x80,0x31,0xF8,0x23,0x88,0x22,0x98,0x24,0x50,0x68,0x70,0x43,0x9E,0x02,0x00,0x00,0x00,0x00,0x00}, // 1724 废
    {0x10,0x40,0x18,0x40,0x13,0xFC,0x30,0x40,0x32,0x4C,0x72,0x48,0x53,0x58,0x10,0x40,0x17,0xFE,0x10,0x60,0x10,0xF0,0x11,0x98,0x13,0x0C,0x16,0x06,0x00,0x00,0x00,0x00}, // 1725 侠
    {0x79,0xF2,0x10,0x00,0x11,0x32,0x7C,0x94,0x7C,0x84,0x10,0x40,0x15,0xCE,0x3D,0x02,0x37,0xEE,0x51,0x02,0x11,0x02,0x11,0xFE,0x11,0x02,0x11,0x00,0x00,0x00,0x00,0x00}, // 1726 稻
    {0x01,0x00,0x7F,0xFE,0x03,0x40,0x06,0x20,0x0C,0x18,0x70,0x2E,0x40,0x20,0x7F,0xFE,0x00,0x20,0x08,0x20,0x0C,0x20,0x00,0x20,0x00,0xE0,0x00,0x00,0x00,0x00,0x00,0x00}, // 1727 夺
    {0x08,0x7E,0x3F,0x06,0x21,0x06,0x3F,0x06,0x21,0x7E,0x3F,0x60,0x21,0x60,0x21,0x7E,0x7F,0x06,0x05,0x06,0x0D,0x06,0x19,0x06,0x67,0x1C,0x02,0x18,0x00,0x00,0x00,0x00}, // 1728 躬
    {0x00,0xC0,0x00,0xC0,0x60,0xC0,0x33,0xF8,0x10,0xC8,0x00,0xC8,0x00,0xC8,0x17,0xFE,0x10,0xC0,0x30,0xE0,0x21,0xA0,0x63,0x30,0x06,0x1C,0x0C,0x06,0x08,0x00,0x00,0x00}, // 1729 决
    {0x3D,0xE0,0x25,0x24,0x25,0x28,0x24,0x60,0x3C,0x88,0x19,0xF0,0x58,0x44,0x5D,0xFE,0x58,0x20,0x5B,0xFE,0x5C,0x20,0x78,0x58,0x03,0x8E,0x02,0x02,0x00,0x00,0x00,0x00}, // 1730 蹊
    {0x78,0x20,0x4B,0xFE,0x4A,0x02,0x49,0xFC,0x48,0x00,0x79,0xFC,0x49,0x04,0x49,0xFC,0x49,0x04,0x79,0x04,0x49,0xFC,0x40,0x00,0x03,0xFE,0x00,0x00,0x00,0x00,0x00,0x00}, // 1731 暄
    {0x10,0x20,0x13,0xFE,0x7B,0x02,0x13,0x62,0x10,0x40,0x10,0x40,0x1F,0xFE,0x70,0x88,0x51,0x88,0x11,0xD0,0x10,0x70,0x10,0x7C,0x37,0x86,0x00,0x00,0x00,0x00,0x00,0x00}, // 1732 按
    {0x7F,0xFC,0x24,0x84,0x24,0x84,0x3C,0x84,0x24,0x84,0x24,0x84,0x3C,0xFC,0x24,0x00,0x24,0x00,0x2E,0x4C,0x74,0xC4,0x05,0x86,0x07,0x02,0x04,0x00,0x00,0x00,0x00,0x00}, // 1733 职
    {0x00,0x10,0x7F,0x10,0x00,0x10,0x3E,0xFC,0x22,0xD4,0x3E,0xD4,0x00,0xD4,0x7E,0xD4,0x42,0xFC,0x5A,0xD0,0x5E,0x14,0x4A,0x16,0x4A,0x1E,0x46,0xE2,0x00,0x00,0x00,0x00}, // 1734 融
    {0x49,0x20,0x69,0x20,0x2A,0x3E,0x08,0x44,0x7F,0x44,0x41,0x24,0x5D,0x24,0x55,0x2C,0x55,0x28,0x5D,0x18,0x41,0x18,0x41,0x2C,0x43,0xC2,0x00,0x00,0x00,0x00,0x00,0x00}, // 1735 敞
    {0x10,0x4C,0x11,0x6C,0x7D,0x2C,0x11,0x2C,0x11,0x0C,0x15,0x0C,0x39,0x0C,0x71,0x68,0x11,0xC8,0x11,0x9C,0x13,0x14,0x10,0x62,0x30,0xC2,0x00,0x80,0x00,0x00,0x00,0x00}, // 1736 拟
    {0x10,0x20,0x10,0x20,0x11,0x26,0x11,0x26,0x7D,0x26,0x11,0x26,0x15,0xFE,0x1C,0x20,0x72,0x22,0x12,0x22,0x12,0x22,0x12,0x22,0x12,0x22,0x73,0xFE,0x00,0x00,0x00,0x00}, // 1737 拙
    {0x0C,0x00,0x0C,0x0C,0x7F,0x88,0x0C,0x30,0x7F,0x20,0x00,0x06,0x7F,0x0C,0x61,0x18,0x61,0x60,0x7F,0x06,0x32,0x04,0x12,0x18,0x7F,0xB0,0x60,0xE0,0x00,0x40,0x00,0x00}, // 1738 彭
    {0x1F,0xF8,0x00,0x30,0x00,0xC0,0x01,0x84,0x7D,0x8C,0x05,0xD8,0x0D,0xE0,0x09,0xB8,0x11,0x8E,0x61,0x86,0x03,0x00,0x00,0x00,0x7F,0xFE,0x00,0x00,0x00,0x00,0x00,0x00}, // 1739 丞
    {0x04,0x20,0x04,0x20,0x7F,0xFE,0x04,0x20,0x04,0x20,0x00,0x00,0x3F,0xFC,0x31,0x8C,0x31,0x8C,0x3F,0xFC,0x31,0x8C,0x31,0x8C,0x3F,0xFC,0x30,0x0C,0x00,0x00,0x00,0x00}, // 1740 苗
    {0x10,0x00,0x13,0xFE,0x10,0x00,0x10,0x00,0x7D,0xFC,0x11,0x04,0x11,0x04,0x11,0xFC,0x11,0x04,0x11,0x04,0x1D,0xFC,0x78,0x00,0x40,0x00,0x07,0xFE,0x00,0x00,0x00,0x00}, // 1741 垣
    {0x04,0x60,0x04,0x60,0x7F,0xFE,0x04,0x60,0x33,0xFE,0x1B,0xFE,0x00,0x24,0x71,0x24,0x01,0x28,0x10,0x20,0x17,0xFE,0x30,0x20,0x20,0x20,0x60,0x20,0x00,0x60,0x00,0x00}, // 1742 萍
    {0x3F,0x30,0x06,0x28,0x1C,0x68,0x08,0x44,0x7F,0xB2,0x09,0x10,0x0B,0x00,0x18,0xFC,0x38,0x04,0x68,0x08,0x48,0x08,0x08,0x18,0x18,0x10,0x00,0x10,0x00,0x00,0x00,0x00}, // 1743 矜
    {0x7F,0xFE,0x04,0x20,0x04,0x20,0x18,0x04,0x3E,0x24,0x62,0x24,0x7F,0xA4,0x34,0xA4,0x3F,0xA4,0x34,0xA4,0x3F,0x84,0x00,0x04,0x3F,0x9C,0x00,0x00,0x00,0x00,0x00,0x00}, // 1744 蓟
    {0x04,0x20,0x7F,0xFE,0x04,0x20,0x00,0x48,0x3E,0x50,0x02,0x66,0x34,0x38,0x0F,0xF8,0x31,0x8E,0x61,0x82,0x1F,0xF8,0x01,0xC0,0x03,0x70,0x3C,0x1C,0x10,0x00,0x00,0x00}, // 1745 葵
    {0x10,0x40,0x10,0xC0,0x20,0xFC,0x25,0xC8,0x49,0x70,0x78,0x30,0x13,0xCE,0x10,0x20,0x21,0xFE,0x7C,0x20,0x01,0x20,0x0D,0xFE,0x78,0x20,0x00,0x20,0x00,0x20,0x00,0x00}, // 1746 绛
    {0x7F,0xFE,0x60,0x02,0x64,0x22,0x04,0x20,0x25,0xFC,0x3C,0x20,0x04,0x20,0x05,0xFE,0x7C,0x70,0x14,0xB8,0x24,0xAC,0x25,0x26,0x65,0x22,0x00,0x20,0x00,0x00,0x00,0x00}, // 1747 寐
    {0x18,0x10,0x10,0x00,0x7E,0xFE,0x12,0x82,0x12,0x82,0x26,0x82,0x24,0xFE,0x24,0x80,0x1C,0x80,0x0C,0x80,0x1F,0x80,0x31,0x00,0x63,0x00,0x00,0x00,0x00,0x00,0x00,0x00}, // 1748 妒
    {0x3F,0xFE,0x20,0x00,0x22,0x00,0x2F,0xBC,0x2C,0xB4,0x2F,0xB4,0x2C,0xB8,0x2C,0xB4,0x2F,0xB4,0x2D,0x32,0x2D,0xB2,0x6E,0xFC,0x4C,0x30,0x00,0x30,0x00,0x00,0x00,0x00}, // 1749 廊
    {0x11,0xFC,0x11,0x0C,0x21,0x0C,0x2D,0xFC,0x6C,0x20,0x7B,0xFC,0x13,0x24,0x13,0x24,0x23,0xFC,0x7B,0x24,0x03,0xFC,0x03,0x20,0x7B,0x22,0x40,0x3E,0x00,0x3C,0x00,0x00}, // 1750 绳
    {0x10,0x8C,0x10,0xC8,0x10,0x08,0x57,0xFE,0x5C,0x00,0x58,0x00,0x50,0x00,0x11,0xFC,0x18,0x00,0x1C,0x00,0x34,0x00,0x20,0x00,0x63,0xFE,0x00,0x00,0x00,0x00,0x00,0x00}, // 1751 烂
    {0x01,0x80,0x3F,0xFC,0x01,0x90,0x19,0x98,0x09,0xB0,0x09,0x80,0x7F,0xFE,0x19,0x08,0x19,0x90,0x18,0xE0,0x18,0x60,0x1F,0x1C,0x1C,0x06,0x10,0x00,0x00,0x00,0x00,0x00}, // 1752 丧
    {0x01,0x00,0x01,0x80,0x7F,0xFE,0x02,0x40,0x12,0x58,0x32,0x4C,0x62,0x44,0x01,0x80,0x1F,0xF8,0x11,0x88,0x1F,0xF8,0x11,0x88,0x01,0x8C,0x7F,0xF6,0x00,0x00,0x00,0x00}, // 1753 蛮
    {0x7D,0xFE,0x7C,0x20,0x11,0xFC,0x10,0x20,0x3D,0xFE,0x64,0x00,0x64,0x00,0x25,0xFC,0x25,0xB4,0x3D,0xA4,0x25,0xA4,0x24,0x78,0x03,0xC6,0x02,0x02,0x00,0x00,0x00,0x00}, // 1754 碛
    {0x11,0x10,0x1F,0xD0,0x31,0x3E,0x37,0xA4,0x71,0x64,0x7F,0xE4,0x32,0x14,0x32,0x14,0x33,0x98,0x34,0x98,0x34,0x98,0x3D,0xB4,0x39,0x66,0x30,0x40,0x00,0x00,0x00,0x00}, // 1755 傲
    {0x3C,0xFC,0x24,0xA4,0x24,0xA4,0x3C,0xA4,0x24,0xA4,0x24,0xA4,0x24,0xFC,0x3C,0x84,0x24,0x80,0x24,0x80,0x64,0x82,0x44,0x82,0x4C,0xFE,0x00,0x00,0x00,0x00,0x00,0x00}, // 1756 肥
    {0x10,0x90,0x00,0x90,0x07,0xFC,0x66,0x94,0x37,0xFC,0x00,0x00,0x03,0xFC,0x10,0x00,0x17,0xFE,0x20,0x60,0x23,0x68,0x46,0x64,0x44,0xE2,0x00,0x00,0x00,0x00,0x00,0x00}, // 1757 漂
    {0x1B,0xFC,0x10,0x94,0x32,0x94,0x32,0x94,0x72,0x90,0x53,0xFE,0x12,0x00,0x12,0x00,0x12,0x00,0x12,0x00,0x12,0x00,0x16,0x00,0x14,0x00,0x10,0x00,0x00,0x00,0x00,0x00}, // 1758 俨
    {0x7F,0xFE,0x68,0x04,0x68,0x04,0x69,0xE4,0x71,0x24,0x69,0x24,0x6D,0x24,0x65,0x24,0x65,0xE4,0x7D,0x24,0x70,0x04,0x60,0x04,0x60,0x1C,0x60,0x00,0x00,0x00,0x00,0x00}, // 1759 阿
    {0x3F,0x7E,0x64,0xC8,0x00,0x00,0x3F,0xFC,0x3F,0xFC,0x22,0x44,0x3F,0xFC,0x1F,0xF8,0x10,0x08,0x1F,0xF8,0x1F,0xF8,0x7F,0xFE,0x01,0x80,0x01,0x80,0x00,0x00,0x00,0x00}, // 1760 簟
    {0x08,0x6C,0x7F,0xC6,0x4B,0x90,0x0E,0x30,0x38,0x28,0x7E,0x4C,0x08,0xC6,0x7E,0xFE,0x08,0x44,0x3E,0x44,0x22,0x44,0x22,0x7C,0x3E,0x44,0x20,0x44,0x00,0x00,0x00,0x00}, // 1761 豁
    {0x10,0x04,0x10,0xFC,0x10,0x80,0x54,0x80,0x56,0x80,0x52,0xFE,0x50,0x88,0x10,0x88,0x10,0x88,0x11,0x88,0x11,0x08,0x11,0x08,0x13,0x08,0x16,0x08,0x00,0x00,0x00,0x00}, // 1762 忻
    {0x23,0xFC,0x32,0x04,0x0B,0xFC,0x02,0x04,0x43,0xFC,0x33,0xFC,0x00,0x90,0x07,0xFE,0x01,0x90,0x13,0x6C,0x2D,0x6E,0x20,0xF8,0x63,0x6C,0x44,0xE4,0x00,0x00,0x00,0x00}, // 1763 瀑
    {0x10,0x40,0x10,0x48,0x10,0xCC,0x7C,0xC0,0x13,0xFE,0x10,0x80,0x10,0xFC,0x1C,0x8C,0x71,0x48,0x11,0x48,0x13,0x30,0x16,0x30,0x14,0x78,0x71,0xCE,0x01,0x00,0x00,0x00}, // 1764 拔
    {0x10,0x88,0x10,0x10,0x15,0xFC,0x57,0x04,0x51,0x04,0x51,0x04,0x11,0xFC,0x10,0x50,0x10,0x50,0x10,0xD0,0x10,0x90,0x11,0x92,0x13,0x1E,0x00,0x00,0x00,0x00,0x00,0x00}, // 1765 悦
    {0x10,0x00,0x11,0xFC,0x11,0x04,0x7D,0xFC,0x55,0x04,0x55,0xFC,0x54,0xA4,0x54,0xAC,0x55,0xFE,0x54,0x50,0x54,0x50,0x54,0xD0,0x11,0x92,0x13,0x1E,0x00,0x00,0x00,0x00}, // 1766 幌
    {0x01,0x80,0x01,0x80,0x01,0xFE,0x01,0x80,0x01,0x80,0x1F,0xFC,0x10,0x04,0x10,0x04,0x1F,0xFC,0x10,0x04,0x10,0x00,0x30,0x00,0x20,0x00,0x60,0x00,0x00,0x00,0x00,0x00}, // 1767 卢
    {0x7F,0xFE,0x02,0x40,0x12,0x48,0x32,0x4C,0x61,0x06,0x03,0x80,0x0C,0x60,0x7F,0xFE,0x01,0x80,0x01,0x80,0x1F,0xF8,0x09,0x90,0x7F,0xFE,0x00,0x00,0x00,0x00,0x00,0x00}, // 1768 銮
    {0x0C,0x60,0x0C,0x28,0x4C,0x2C,0x6C,0x24,0x2C,0x20,0x0F,0xFE,0x0C,0x60,0x1C,0x60,0x3C,0x70,0x6C,0x50,0x4C,0xD0,0x0C,0x88,0x0D,0x8C,0x0F,0x06,0x0C,0x00,0x00,0x00}, // 1769 状
    {0x7F,0xFE,0x06,0x60,0x3F,0x7C,0x23,0x44,0x3F,0x7C,0x00,0x00,0x1F,0xF8,0x00,0x00,0x7F,0xFE,0x08,0x00,0x0F,0xF8,0x00,0x08,0x00,0x78,0x00,0x20,0x00,0x00,0x00,0x00}, // 1770 萼
    {0x19,0xFC,0x19,0x04,0x19,0x04,0x7D,0xFC,0x18,0x00,0x1B,0xFE,0x19,0x8C,0x1D,0xFC,0x79,0x8C,0x59,0x8C,0x19,0xFC,0x19,0x8E,0x1B,0xFE,0x30,0x08,0x20,0x0C,0x00,0x00}, // 1771 揖
    {0x01,0x90,0x11,0xB0,0x21,0xBC,0x39,0xC4,0x43,0x9C,0x7B,0x88,0x11,0xF4,0x11,0x84,0x79,0xFE,0x17,0x84,0x11,0xA4,0x19,0xA4,0x19,0x84,0x31,0x9C,0x00,0x00,0x00,0x00}, // 1772 锵
    {0x21,0x08,0x21,0x08,0x3F,0xF8,0x00,0x00,0x3F,0xF8,0x20,0x18,0x24,0x58,0x26,0x98,0x21,0x98,0x23,0x88,0x26,0x48,0x68,0x2A,0x40,0x0E,0x00,0x00,0x00,0x00,0x00,0x00}, // 1773 岚
    {0x00,0x60,0x33,0x60,0x13,0xFC,0x12,0x60,0x02,0x60,0x04,0x60,0x77,0xFE,0x10,0xB0,0x10,0xB0,0x11,0xB0,0x11,0x36,0x16,0x1C,0x3C,0x00,0x63,0xFE,0x00,0x00,0x00,0x00}, // 1774 选
    {0x10,0x10,0x3C,0xFE,0x64,0x00,0x7E,0x00,0x2A,0x7C,0x2A,0x44,0x3E,0x44,0x2A,0x7C,0x2A,0x10,0x3E,0x54,0x00,0xD4,0x7E,0x92,0x61,0x32,0x00,0x20,0x00,0x00,0x00,0x00}, // 1775 鲸
    {0x13,0xFE,0x10,0x06,0x6F,0xE6,0x6C,0x26,0x6F,0xE6,0x6F,0xE6,0x60,0x06,0x6F,0xF6,0x68,0x16,0x6F,0xF6,0x68,0x16,0x6F,0xF6,0x60,0x0C,0x00,0x00,0x00,0x00,0x00,0x00}, // 1776 阊
    {0x0C,0x18,0x08,0x10,0x7E,0x7E,0x08,0x10,0x08,0x10,0x08,0x10,0x7F,0xFE,0x08,0x10,0x08,0x10,0x08,0x10,0x18,0x10,0x10,0x10,0x30,0x10,0x00,0x00,0x00,0x00,0x00,0x00}, // 1777 幷
    {0x20,0x00,0x31,0xF0,0x19,0x10,0x01,0x10,0x03,0x10,0x76,0x1E,0x10,0x00,0x13,0xF8,0x11,0x08,0x11,0x90,0x14,0xB0,0x1C,0x60,0x18,0xF0,0x13,0x1E,0x04,0x02,0x00,0x00}, // 1778 设
    {0x0E,0x20,0x30,0xFE,0x4A,0x86,0x24,0x86,0x18,0xFE,0x34,0x86,0x4E,0xFE,0x16,0x28,0x66,0x68,0x0A,0x48,0x32,0x48,0x66,0xCA,0x0D,0x8E,0x00,0x00,0x00,0x00,0x00,0x00}, // 1779 貌
    {0x00,0x20,0x7F,0xA0,0x03,0x20,0x06,0x20,0x0C,0x20,0x08,0x20,0x09,0x20,0x0F,0x20,0x78,0x20,0x48,0x20,0x08,0x20,0x08,0x20,0x08,0x22,0x18,0x3E,0x00,0x00,0x00,0x00}, // 1780 孔
    {0x38,0xFE,0x68,0x22,0x27,0x22,0x3C,0x22,0x3C,0x46,0x64,0x8C,0x0E,0x00,0x12,0xFE,0x66,0xC2,0x0A,0xC2,0x32,0xC2,0x62,0xFE,0x1C,0xC2,0x08,0x00,0x00,0x00,0x00,0x00}, // 1781 貂
    {0x04,0x60,0x7F,0xFE,0x04,0x60,0x1F,0xF8,0x10,0x08,0x1F,0xF8,0x10,0x08,0x1F,0xF8,0x08,0x00,0x37,0xFC,0x73,0xC4,0x1E,0x74,0x10,0x04,0x1F,0xDC,0x00,0x10,0x00,0x00}, // 1782 葛
    {0x10,0x90,0x13,0xFC,0x10,0x24,0x7C,0x24,0x31,0xFC,0x31,0x20,0x39,0x20,0x57,0xFE,0xD0,0xA6,0x11,0xA6,0x13,0x26,0x16,0x2C,0x14,0x20,0x00,0x00,0x00,0x00,0x00,0x00}, // 1783 梯
    {0x10,0x00,0x11,0xDE,0x7E,0x42,0x7E,0x52,0x11,0x5A,0x11,0xCA,0x7C,0x46,0x04,0xCE,0x27,0x5A,0x28,0x52,0x38,0x46,0x18,0xCC,0x3C,0x00,0x63,0xFE,0x40,0x00,0x00,0x00}, // 1784 翅
    {0x00,0x60,0x30,0x60,0x18,0x60,0x00,0x60,0x07,0xFE,0x60,0xE0,0x30,0xF0,0x00,0xF0,0x01,0xE8,0x11,0x6C,0x32,0x66,0x2E,0x60,0x20,0x60,0x60,0x60,0x00,0x60,0x00,0x00}, // 1785 沐
    {0x01,0x80,0x03,0xC0,0x06,0x60,0x0C,0x30,0x19,0x9C,0x71,0x86,0x01,0x80,0x01,0x80,0x01,0x80,0x01,0x80,0x01,0x80,0x01,0x80,0x01,0x80,0x01,0x80,0x00,0x00,0x00,0x00}, // 1786 个
    {0x10,0x02,0x13,0xE2,0x12,0x6A,0x5A,0x6A,0x5A,0xEA,0x56,0xEA,0x52,0xEA,0x12,0xEA,0x12,0xEA,0x12,0xEA,0x11,0x02,0x11,0x42,0x12,0x22,0x14,0x26,0x00,0x00,0x00,0x00}, // 1787 恻
    {0x7F,0xFE,0x42,0x22,0x5F,0xFA,0x02,0x20,0x1F,0xF8,0x02,0x20,0x3F,0xFC,0x09,0x90,0x7F,0xFE,0x03,0x82,0x04,0x50,0x7C,0x20,0x07,0x1C,0x04,0x00,0x00,0x00,0x00,0x00}, // 1788 褰
    {0x00,0xC0,0x1F,0xFE,0x10,0x00,0x10,0x40,0x10,0x40,0x10,0x40,0x17,0xFC,0x30,0x40,0x30,0x40,0x20,0x40,0x20,0x40,0x2F,0xFE,0x6F,0xFE,0x00,0x00,0x00,0x00,0x00,0x00}, // 1789 庄
    {0x03,0xFC,0x30,0x0C,0x10,0x98,0x00,0xE0,0x43,0xFC,0x72,0x44,0x12,0x44,0x03,0xFC,0x02,0x44,0x12,0x44,0x13,0xFC,0x22,0x44,0x62,0x44,0x42,0x4C,0x02,0x00,0x00,0x00}, // 1790 涌
    {0x18,0x10,0x19,0xFE,0x7F,0x82,0x5B,0x82,0x5B,0xC2,0x5A,0x40,0x5A,0x44,0x7E,0x58,0x58,0x60,0x1A,0x40,0x1B,0x40,0x7D,0x42,0x40,0x7E,0x00,0x00,0x00,0x00,0x00,0x00}, // 1791 蛇
    {0x20,0xE0,0x18,0xA0,0x01,0x10,0x03,0x18,0x67,0xF6,0x34,0x40,0x00,0x40,0x07,0xFC,0x10,0x40,0x33,0x48,0x22,0x48,0x24,0x44,0x6C,0xC4,0x00,0x00,0x00,0x00,0x00,0x00}, // 1792 涂
    {0x20,0x00,0x37,0xFE,0x10,0xC0,0x10,0xC0,0x00,0xFC,0x70,0xFC,0x10,0x84,0x10,0x84,0x10,0x84,0x11,0x04,0x13,0x0C,0x12,0x18,0x3C,0x00,0x67,0xFE,0x00,0x00,0x00,0x00}, // 1793 迈
    {0x10,0x10,0x13,0xD4,0x12,0x54,0x12,0x56,0x39,0x90,0x17,0xFE,0x3A,0x50,0x37,0xD6,0x32,0x54,0x52,0x54,0x53,0xCC,0x12,0x68,0x17,0xDE,0x10,0x56,0x00,0x00,0x00,0x00}, // 1794 檝
    {0x02,0x30,0x04,0x18,0x0F,0xF8,0x00,0x20,0x18,0x34,0x32,0x46,0x6F,0xFE,0x30,0x00,0x00,0x80,0x1F,0xFC,0x00,0x80,0x00,0x80,0x7F,0xFE,0x00,0x00,0x00,0x00,0x00,0x00}, // 1795 垒
    {0x20,0x20,0x33,0xFC,0x12,0x48,0x02,0x4A,0x03,0xFE,0x72,0x48,0x12,0x78,0x12,0x00,0x16,0xD4,0x15,0x56,0x15,0x38,0x38,0x00,0xE7,0xFE,0x40,0x02,0x00,0x00,0x00,0x00}, // 1796 遮
    {0x00,0x20,0x01,0x26,0x7D,0xA4,0x10,0x28,0x10,0x20,0x11,0xFC,0x7D,0x04,0x11,0x24,0x11,0x24,0x11,0x24,0x1D,0x64,0x70,0x48,0x40,0xCC,0x07,0x86,0x00,0x00,0x00,0x00}, // 1797 琐
    {0x3F,0xFC,0x31,0x8C,0x3F,0xFC,0x31,0x8C,0x31,0x8C,0x3F,0xFC,0x01,0x00,0x01,0x00,0x7F,0xFC,0x03,0x04,0x02,0x04,0x06,0x04,0x78,0x3C,0x20,0x10,0x00,0x00,0x00,0x00}, // 1798 男
    {0x00,0x04,0x00,0x04,0x3C,0x84,0x24,0x84,0x24,0x84,0x24,0x84,0x24,0x84,0x24,0x84,0x24,0x8C,0x3C,0xF4,0x24,0x84,0x24,0x04,0x20,0x04,0x00,0x04,0x00,0x00,0x00,0x00}, // 1799 叫
    {0x12,0x3E,0x12,0x24,0x7F,0xA4,0x0C,0x24,0x0C,0x2C,0x0C,0x28,0x7F,0xA4,0x08,0x26,0x0C,0x22,0x1E,0x22,0x11,0x2E,0x31,0x2C,0x60,0x20,0x00,0x20,0x00,0x00,0x00,0x00}, // 1800 郑
    {0x01,0x80,0x7F,0xFE,0x08,0x10,0x0C,0x30,0x08,0x30,0x1E,0x78,0x12,0xCC,0x21,0x80,0x01,0x80,0x7F,0xFE,0x01,0x80,0x01,0x80,0x01,0x80,0x01,0x80,0x00,0x00,0x00,0x00}, // 1801 卒
    {0x32,0xFE,0x10,0x42,0x05,0xFA,0x44,0x42,0x35,0xFA,0x05,0x4A,0x05,0xEA,0x05,0x4A,0x27,0xFA,0x24,0xD2,0x65,0xDA,0x47,0x42,0x44,0x4E,0x04,0x04,0x00,0x00,0x00,0x00}, // 1802 澜
    {0x00,0x60,0x30,0x60,0x18,0x60,0x00,0x60,0x00,0x60,0x70,0x7E,0x10,0x60,0x10,0x60,0x10,0x60,0x10,0x60,0x14,0x60,0x14,0x60,0x18,0x60,0x13,0xFE,0x00,0x00,0x00,0x00}, // 1803 让
    {0x08,0x20,0x00,0x20,0x00,0x20,0x7C,0x20,0x0D,0xFE,0x08,0x20,0x1C,0x20,0x3E,0x20,0x5A,0x20,0x18,0x20,0x18,0x20,0x1B,0xFE,0x18,0x00,0x18,0x00,0x00,0x00,0x00,0x00}, // 1804 社
    {0x01,0x00,0x01,0x80,0x7F,0xFE,0x60,0x26,0x00,0x20,0x1E,0x3C,0x00,0x20,0x3F,0xF8,0x12,0x48,0x12,0x78,0x12,0x38,0x12,0x64,0x22,0x02,0x63,0xFE,0x00,0x00,0x00,0x00}, // 1805 寇
    {0x7F,0xFE,0x04,0x60,0x04,0x60,0x3E,0xFC,0x22,0x04,0x22,0xFC,0x3E,0x00,0x20,0xFC,0x3E,0x44,0x20,0x48,0x3E,0x38,0x20,0x38,0x21,0xCE,0x00,0x00,0x00,0x00,0x00,0x00}, // 1806 葭
    {0x00,0x00,0x37,0xFE,0x1E,0x02,0x06,0xC0,0x43,0xFC,0x60,0x80,0x11,0x20,0x03,0x20,0x03,0xFC,0x18,0x20,0x10,0x20,0x37,0xFE,0x20,0x20,0x60,0x20,0x00,0x20,0x00,0x00}, // 1807 浑
    {0x0B,0xFC,0x23,0x00,0x33,0xFC,0x03,0x0C,0x0B,0xFC,0x13,0x00,0x63,0xFC,0x01,0x80,0x7F,0xFE,0x03,0xC0,0x05,0xA0,0x19,0x98,0x71,0x86,0x41,0x80,0x00,0x00,0x00,0x00}, // 1808 渠
    {0x33,0xE0,0x12,0x4C,0x01,0x48,0x47,0xFE,0x20,0xD0,0x01,0x58,0x02,0x4C,0x0F,0xFE,0x12,0x4C,0x22,0x4C,0x23,0xFC,0x62,0x4C,0x43,0xFC,0x02,0x0C,0x00,0x00,0x00,0x00}, // 1809 潘
    {0x1F,0xF8,0x12,0x48,0x12,0x48,0x1F,0xF8,0x01,0x00,0x1F,0xEC,0x01,0x30,0x7F,0xFE,0x01,0x80,0x0F,0xF8,0x38,0x08,0x4F,0xF8,0x08,0x08,0x0F,0xF8,0x08,0x00,0x00,0x00}, // 1810 署
    {0x10,0x60,0x10,0x20,0x13,0xFE,0x11,0x08,0x7D,0x88,0x10,0x88,0x10,0x98,0x10,0xD0,0x10,0x50,0x1C,0x60,0x70,0x70,0x01,0xDC,0x07,0x06,0x00,0x02,0x00,0x00,0x00,0x00}, // 1811 坟
    {0x10,0x40,0x10,0xCC,0x11,0xFE,0x54,0x82,0x54,0xCC,0x55,0xC6,0x55,0x40,0x54,0xFC,0x54,0xC8,0x55,0x48,0x7C,0x30,0x64,0x78,0x03,0xC6,0x00,0x00,0x00,0x00,0x00,0x00}, // 1812 峻
    {0x00,0x00,0x3F,0xFC,0x03,0x60,0x3F,0xFC,0x31,0x84,0x3F,0xFC,0x31,0x84,0x3F,0xFC,0x31,0x84,0x31,0x80,0x3F,0xFE,0x01,0x04,0x06,0x04,0x7C,0x3C,0x00,0x00,0x00,0x00}, // 1813 勇
    {0x04,0x02,0x7F,0xB2,0x10,0x12,0x18,0x12,0x33,0x12,0x7E,0x12,0x24,0x12,0x09,0x92,0x31,0x12,0x66,0x12,0x0D,0x82,0x18,0xC2,0x60,0x0E,0x00,0x00,0x00,0x00,0x00,0x00}, // 1814 刻
    {0x30,0x88,0x30,0x88,0x20,0x88,0x7D,0xFC,0x25,0x24,0x25,0x24,0x2D,0xFC,0x49,0x24,0x49,0xFC,0x38,0x20,0x18,0x20,0x1F,0xFE,0x20,0x20,0x60,0x20,0x00,0x20,0x00,0x00}, // 1815 婵
    {0x3F,0xFC,0x00,0x20,0x0C,0x20,0x08,0x20,0x10,0x20,0x1F,0xFE,0x00,0xA0,0x01,0xA0,0x03,0x20,0x06,0x20,0x0C,0x20,0x30,0x20,0x60,0xE0,0x00,0x00,0x00,0x00,0x00,0x00}, // 1816 牙
    {0x3C,0x10,0x25,0xFE,0x24,0xC8,0x3C,0x58,0x3C,0x30,0x08,0xFC,0x49,0x86,0x4E,0x48,0x48,0x48,0x48,0xC8,0x4E,0x88,0x70,0x88,0x01,0x08,0x02,0x08,0x00,0x00,0x00,0x00}, // 1817 跻
    {0x31,0x00,0x19,0xFC,0x02,0x44,0x02,0x64,0x0C,0xE0,0x11,0x98,0x67,0x0E,0x00,0x00,0x1F,0xFC,0x12,0x4C,0x12,0x4C,0x12,0x4C,0x7F,0xFF,0x00,0x00,0x00,0x00,0x00,0x00}, // 1818 盗
    {0x00,0x06,0x7F,0xD6,0x44,0x56,0x3F,0x96,0x04,0x16,0x3F,0x96,0x04,0x16,0x7F,0xD6,0x04,0x16,0x3F,0x96,0x20,0x86,0x20,0x86,0x3F,0x8E,0x20,0x00,0x00,0x00,0x00,0x00}, // 1819 割
    {0x30,0x40,0x17,0xFE,0x04,0x06,0x44,0x06,0x63,0xF8,0x10,0x00,0x00,0x00,0x07,0xFE,0x31,0x30,0x21,0x30,0x21,0x30,0x63,0x32,0x4E,0x1E,0x00,0x00,0x00,0x00,0x00,0x00}, // 1820 浣
    {0x00,0x34,0x30,0x34,0x20,0x30,0x23,0xFE,0x4A,0x10,0x7B,0xD6,0x12,0x14,0x23,0xD4,0x63,0x54,0x7B,0x58,0x07,0xD8,0x1D,0x58,0x74,0x3E,0x0C,0xC6,0x00,0x00,0x00,0x00}, // 1821 缄
    {0x3B,0x7E,0x02,0xC2,0x02,0x52,0x7F,0x5A,0x0A,0x44,0x2A,0x4C,0x2E,0x40,0x2A,0x7E,0x2A,0x02,0x2A,0x7A,0x2E,0x02,0xF9,0x82,0x41,0x0E,0x00,0x08,0x00,0x00,0x00,0x00}, // 1822 鹉
    {0x7F,0x30,0x08,0x7E,0x08,0x46,0x7F,0x7E,0x08,0x46,0x3F,0x7E,0x23,0x46,0x3F,0x7E,0x00,0x00,0x05,0x84,0x24,0xC4,0x24,0x1E,0x67,0xF0,0x00,0x00,0x00,0x00,0x00,0x00}, // 1823 憩
    {0x0C,0x20,0x0C,0x30,0x7F,0xA0,0x0C,0x3E,0x3F,0x42,0x00,0x46,0x3F,0x10,0x00,0x10,0x7F,0x90,0x0C,0x10,0x2D,0x28,0x2D,0x28,0x4D,0x44,0x18,0xC2,0x00,0x00,0x00,0x00}, // 1824 款
    {0x08,0x00,0x08,0x7C,0x3F,0x7C,0x09,0x64,0x19,0x64,0x11,0x64,0x33,0x7C,0x41,0x80,0x01,0x80,0x7F,0xFE,0x07,0xE0,0x0D,0xB0,0x31,0x8E,0x61,0x82,0x01,0x80,0x00,0x00}, // 1825 架
    {0x00,0x90,0x12,0x90,0x22,0x9E,0x22,0xA0,0x4A,0xA8,0x78,0x80,0x13,0xFC,0x33,0x04,0x23,0x64,0x7B,0x44,0x03,0x74,0x18,0xF0,0x71,0xB3,0x07,0x3E,0x00,0x00,0x00,0x00}, // 1826 缆
    {0x00,0x80,0x08,0x80,0x10,0x80,0x3F,0xFC,0x20,0x80,0x00,0x80,0x7F,0xFE,0x00,0x00,0x1F,0xF8,0x10,0x08,0x10,0x08,0x10,0x08,0x1F,0xF8,0x10,0x08,0x00,0x00,0x00,0x00}, // 1827 告
    {0x01,0x80,0x7F,0xFE,0x44,0x02,0x0C,0x38,0x19,0x8E,0x21,0x30,0x01,0x10,0x7F,0xFE,0x03,0x80,0x02,0xC0,0x06,0x60,0x0C,0x38,0x70,0x0E,0x00,0x00,0x00,0x00,0x00,0x00}, // 1828 突
    {0x60,0x40,0x1B,0xFC,0x01,0x90,0x07,0xFE,0x60,0x00,0x33,0xFC,0x02,0x0C,0x03,0xFC,0x32,0x0C,0x23,0xFC,0x20,0x40,0x6F,0xFE,0x40,0x40,0x00,0x40,0x00,0x00,0x00,0x00}, // 1829 漳
    {0x10,0x20,0x13,0xFE,0x7C,0x80,0x54,0x88,0x55,0x98,0x51,0xDC,0x53,0x26,0x12,0x00,0x10,0x20,0x17,0xFE,0x10,0x20,0x10,0x20,0x10,0x20,0x00,0x20,0x00,0x00,0x00,0x00}, // 1830 悴
    {0x0F,0xE0,0x08,0x20,0x08,0x20,0x08,0x20,0x0B,0x20,0x09,0x20,0x09,0xA0,0x09,0xA0,0x08,0x20,0x18,0x20,0x10,0x22,0x30,0x22,0x60,0x3E,0x00,0x00,0x00,0x00,0x00,0x00}, // 1831 凡
    {0x3E,0xFC,0x22,0xC4,0x22,0xC4,0x3E,0xFC,0x01,0x90,0x7F,0xFE,0x03,0x80,0x06,0x60,0x78,0x1E,0x3E,0x7C,0x22,0x44,0x22,0x44,0x3E,0x7C,0x22,0x44,0x00,0x00,0x00,0x00}, // 1832 器
    {0x00,0x0C,0x03,0xF8,0x78,0x26,0x49,0x24,0x4B,0xFE,0x4B,0xFE,0x7A,0x62,0x49,0xFE,0x48,0x40,0x48,0xFC,0x79,0xC8,0x4B,0x68,0x06,0x30,0x00,0xEE,0x01,0x02,0x00,0x00}, // 1833 暧
    {0x26,0x40,0x26,0xFE,0x26,0x80,0x26,0xB0,0x27,0x18,0x02,0x80,0x0C,0x60,0x7F,0xFE,0x41,0x02,0x1F,0xF8,0x01,0x00,0x09,0x30,0x7F,0xFE,0x00,0x00,0x00,0x00,0x00,0x00}, // 1834 鉴
    {0x7C,0x5C,0x10,0x52,0x11,0x8E,0x30,0xFC,0x3D,0x06,0x66,0x02,0x64,0xFC,0x24,0x84,0x24,0xFC,0x24,0x00,0x3C,0x88,0x20,0x58,0x03,0xFE,0x00,0x00,0x00,0x00,0x00,0x00}, // 1835 磴
    {0x21,0x90,0x3D,0x00,0x53,0xFE,0x53,0x10,0x17,0x10,0x11,0xFE,0x7D,0x10,0x11,0x10,0x11,0xFE,0x39,0x10,0x25,0x10,0x25,0xFE,0x41,0x00,0x00,0x00,0x00,0x00,0x00,0x00}, // 1836 雉
    {0x09,0xFE,0x00,0x06,0x22,0x46,0x22,0x46,0x27,0xE6,0x24,0x26,0x27,0xE6,0x22,0xC6,0x22,0xC6,0x22,0xC6,0x26,0xD6,0x2C,0x64,0x20,0x0C,0x00,0x00,0x00,0x00,0x00,0x00}, // 1837 阅
    {0x00,0x00,0x7B,0xDE,0x4B,0x52,0x49,0x42,0x4B,0xDE,0x4A,0x42,0x78,0x90,0x49,0xFE,0x49,0x10,0x4B,0xFE,0x79,0x10,0x49,0xFE,0x41,0x10,0x01,0xFE,0x01,0x00,0x00,0x00}, // 1838 曜
    {0x11,0x38,0x15,0x28,0x17,0xBE,0x79,0x08,0x17,0xBE,0x12,0xD4,0x1A,0xF6,0x34,0x66,0x53,0xFC,0x12,0x04,0x12,0x64,0x12,0x44,0x10,0xD8,0x67,0x8E,0x00,0x00,0x00,0x00}, // 1839 攒
    {0x08,0x60,0x08,0x60,0x7F,0x60,0x00,0xF8,0x7E,0xC8,0x62,0x48,0x7E,0x48,0x00,0xC8,0x7E,0x68,0x08,0x78,0x1E,0xC8,0x68,0x88,0x09,0x8E,0x3B,0x06,0x00,0x00,0x00,0x00}, // 1840 孰
    {0x00,0x00,0x7D,0xFE,0x44,0x46,0x44,0x46,0x44,0x46,0x44,0x46,0x44,0x46,0x44,0x44,0x44,0x44,0x7C,0xC4,0x44,0x84,0x41,0x84,0x03,0x04,0x06,0x1C,0x04,0x00,0x00,0x00}, // 1841 叨
    {0x1F,0xF8,0x01,0x80,0x7F,0xFE,0x61,0x06,0x7F,0x7E,0x1F,0x78,0x08,0x80,0x1F,0xFC,0x30,0x80,0x7F,0xF8,0x58,0x80,0x1F,0xF8,0x18,0x80,0x1F,0xFC,0x00,0x00,0x00,0x00}, // 1842 霍
    {0x32,0x3C,0x12,0x20,0x02,0x20,0x4F,0xA0,0x62,0x3E,0x07,0x24,0x07,0xA4,0x26,0xA4,0x2E,0x24,0x2A,0x64,0x62,0x44,0x62,0x44,0x42,0xC4,0x02,0x04,0x00,0x00,0x00,0x00}, // 1843 淅
    {0x18,0x8E,0x77,0xF0,0x50,0x22,0x10,0x1E,0x1F,0xF8,0x15,0x28,0x15,0x08,0x1F,0xF8,0x3F,0xFC,0x01,0x00,0x7F,0xFE,0x00,0x04,0x22,0x64,0x00,0x04,0x00,0x00,0x00,0x00}, // 1844 黛
    {0x08,0x40,0x08,0x40,0x0A,0xFE,0x4C,0x82,0x49,0x82,0x49,0x02,0x58,0x42,0x18,0x22,0x1C,0x22,0x16,0x06,0x33,0x06,0x20,0x06,0xE0,0x1C,0x00,0x10,0x00,0x00,0x00,0x00}, // 1845 灼
    {0x30,0x84,0x3F,0xFC,0x00,0x00,0x3E,0x7C,0x3E,0x7C,0x22,0x44,0x3E,0x7C,0x22,0x44,0x22,0x44,0x3E,0x7C,0x22,0x44,0x62,0xC4,0x46,0x8C,0x00,0x88,0x00,0x00,0x00,0x00}, // 1846 崩
    {0x08,0x30,0x08,0x30,0x7F,0xFE,0x08,0x30,0x3E,0x30,0x22,0xFC,0x3E,0x30,0x22,0x30,0x22,0xFE,0x1C,0x32,0x08,0x32,0x7F,0x36,0x08,0x34,0x08,0x30,0x00,0x00,0x00,0x00}, // 1847 韩
    {0x04,0x20,0x7F,0xFE,0x04,0x20,0x3E,0x40,0x08,0x7C,0x7F,0xB4,0x1E,0x64,0x2B,0x8C,0x02,0x60,0x1C,0x9E,0x64,0xB2,0x02,0xC0,0x1C,0xB8,0x13,0x84,0x01,0x00,0x00,0x00}, // 1848 藜
    {0x10,0x04,0x11,0xFC,0x10,0x04,0x7D,0xFC,0x10,0x00,0x17,0xFE,0x14,0x22,0x10,0x20,0x13,0xFC,0x7B,0x24,0x43,0x24,0x03,0x2C,0x00,0x20,0x00,0x20,0x00,0x00,0x00,0x00}, // 1849 埽
    {0x7D,0xFC,0x64,0x00,0x6C,0x00,0x68,0x00,0x6B,0xFE,0x6B,0xFE,0x64,0x50,0x64,0xD0,0x64,0x90,0x7C,0x90,0x68,0x90,0x61,0x12,0x66,0x1E,0x60,0x00,0x00,0x00,0x00,0x00}, // 1850 阮
    {0x10,0xFC,0x10,0x84,0x10,0x84,0x56,0xA4,0x56,0xA4,0x56,0xA4,0x56,0xA4,0x56,0xA4,0x56,0xA4,0x56,0x70,0x56,0x50,0x7E,0xD0,0x07,0x92,0x03,0x1E,0x00,0x00,0x00,0x00}, // 1851 岘
    {0x10,0x20,0x10,0x60,0x13,0xFE,0x14,0x40,0x5C,0x80,0x5B,0xF0,0x50,0x90,0x51,0x10,0x13,0xFE,0x18,0x10,0x3C,0x9C,0x25,0x94,0x63,0x12,0x46,0x72,0x40,0x40,0x00,0x00}, // 1852 炼
    {0x03,0xFE,0x78,0x40,0x49,0x84,0x4B,0x4C,0x48,0x58,0x4A,0xB8,0x4B,0x28,0x4F,0x68,0x78,0xE4,0x49,0xA4,0x43,0x22,0x06,0x20,0x00,0xE0,0x00,0x00,0x00,0x00,0x00,0x00}, // 1853 啄
    {0x08,0x30,0x7F,0xA0,0x08,0x3E,0x7F,0x44,0x69,0x6C,0x7F,0x38,0x1E,0x38,0x6A,0x66,0x40,0x00,0x3F,0xFC,0x01,0x80,0x09,0xF8,0x09,0x80,0x7F,0xFE,0x00,0x00,0x00,0x00}, // 1854 整
    {0x60,0x40,0x37,0xFE,0x00,0xB0,0x06,0xB6,0x68,0xB2,0x33,0xF8,0x00,0x08,0x03,0xF8,0x1A,0x00,0x13,0xFC,0x27,0xFC,0x20,0x04,0x60,0x3C,0x00,0x30,0x00,0x00,0x00,0x00}, // 1855 湾
    {0x00,0x00,0x1F,0xF8,0x01,0x00,0x01,0x00,0x7F,0xFE,0x02,0x60,0x06,0x20,0x0C,0x18,0x3F,0xFE,0x68,0x10,0x08,0x10,0x08,0x10,0x0F,0xF0,0x08,0x10,0x08,0x00,0x00,0x00}, // 1856 吞
    {0x3F,0xFE,0x20,0x06,0x20,0x06,0x2C,0x36,0x26,0x66,0x23,0xC6,0x21,0x86,0x21,0xC6,0x26,0x26,0x2C,0x36,0x20,0x06,0x20,0x06,0x20,0x1C,0x00,0x00,0x00,0x00,0x00,0x00}, // 1857 冈
    {0x3C,0xBC,0x30,0x84,0x30,0x84,0x3C,0xBC,0x30,0x84,0x3F,0xFC,0x00,0x80,0x00,0x80,0x3F,0xF8,0x0C,0x10,0x06,0x60,0x01,0x80,0x3E,0xFE,0x40,0x02,0x00,0x00,0x00,0x00}, // 1858 叟
    {0x08,0x00,0x08,0x3E,0x7F,0x26,0x11,0x26,0x0E,0x26,0x0D,0xBE,0x73,0x30,0x0C,0x60,0x0B,0x90,0x06,0x18,0x1F,0xEC,0x00,0x80,0x1C,0x98,0x33,0x86,0x00,0x00,0x00,0x00}, // 1859 絮
    {0x01,0x80,0x01,0x80,0x7F,0xFE,0x7F,0xFE,0x01,0x80,0x01,0x80,0x3F,0xFC,0x00,0x00,0x1F,0xF8,0x10,0x08,0x10,0x08,0x10,0x08,0x1F,0xF8,0x10,0x08,0x10,0x00,0x00,0x00}, // 1860 吉
    {0x20,0x00,0x33,0xFC,0x10,0x04,0x03,0xFC,0x60,0x04,0x33,0xFC,0x17,0xFE,0x04,0x02,0x17,0xFA,0x11,0x18,0x31,0x90,0x20,0xE0,0x60,0xE0,0x47,0x1E,0x00,0x00,0x00,0x00}, // 1861 浸
    {0x1F,0xFE,0x10,0x40,0x10,0x40,0x73,0xBC,0x10,0x90,0x17,0x6C,0x73,0xFC,0x52,0x0C,0x13,0xFC,0x13,0xFC,0x30,0x40,0x27,0xFE,0x60,0x40,0x00,0x40,0x00,0x00,0x00,0x00}, // 1862 瘴
    {0x08,0x20,0x7F,0x20,0x00,0x7E,0x12,0x4C,0x22,0xCC,0x63,0x48,0x46,0x68,0x34,0x28,0x0C,0x28,0x0C,0x30,0x1A,0x30,0x32,0x6C,0x41,0x86,0x01,0x00,0x00,0x00,0x00,0x00}, // 1863 效
    {0x17,0xFE,0x10,0x00,0x13,0xDC,0x7B,0xDC,0x10,0x90,0x13,0xFC,0x10,0x90,0x13,0xFC,0x1F,0xFE,0x61,0xA0,0x03,0xBC,0x0C,0xD8,0x01,0xCE,0x00,0x00,0x00,0x00,0x00,0x00}, // 1864 壤
    {0x20,0x10,0x31,0x08,0x0A,0x44,0x00,0x40,0x40,0xA0,0x30,0xB0,0x11,0x18,0x02,0x0C,0x05,0xFC,0x11,0x08,0x31,0x08,0x21,0x08,0x21,0xF8,0x41,0x08,0x00,0x00,0x00,0x00}, // 1865 浴
    {0x08,0x00,0x08,0x3E,0x7F,0x22,0x19,0x22,0x11,0x22,0x33,0x3E,0x40,0x00,0x1F,0xF8,0x18,0x08,0x18,0x88,0x19,0x88,0x19,0x40,0x07,0x38,0x3C,0x0E,0x20,0x00,0x00,0x00}, // 1866 贺
    {0x3C,0xFC,0x24,0x84,0x24,0x84,0x3C,0x84,0x24,0xFC,0x24,0x84,0x24,0x84,0x3C,0x84,0x24,0xFC,0x24,0x00,0x64,0x00,0x45,0xFE,0x4C,0x00,0x00,0x00,0x00,0x00,0x00,0x00}, // 1867 胆
    {0x10,0x00,0x3F,0xBC,0x24,0x24,0x7F,0xA4,0x0C,0x24,0x1B,0x3C,0x31,0x00,0x2F,0xF8,0x08,0x18,0x0F,0xF8,0x08,0x18,0x08,0x18,0x0F,0xF8,0x08,0x18,0x00,0x00,0x00,0x00}, // 1868 智
    {0x10,0x84,0x1F,0xFC,0x00,0x80,0x08,0x80,0x1F,0xFC,0x38,0x80,0x38,0x80,0xDF,0xFC,0x18,0x80,0x1F,0xFC,0x18,0x80,0x18,0x80,0x1F,0xFE,0x18,0x00,0x00,0x00,0x00,0x00}, // 1869 崔
    {0x7F,0xFE,0x40,0x02,0x1F,0xF8,0x1F,0xF8,0x10,0x18,0x1F,0xF8,0x1F,0xF8,0x10,0x18,0x7F,0xFE,0x08,0x10,0x37,0xFE,0x62,0x12,0x3E,0x70,0x10,0x40,0x00,0x00,0x00,0x00}, // 1870 寡
    {0x18,0x94,0x13,0x14,0x11,0x14,0x31,0x10,0x77,0xFE,0x51,0x10,0x11,0x14,0x11,0xD4,0x17,0x18,0x11,0x18,0x11,0x38,0x11,0x6E,0x13,0x06,0x00,0x00,0x00,0x00,0x00,0x00}, // 1871 俄
    {0x18,0xC0,0x00,0xFE,0x7F,0x80,0x11,0x40,0x10,0x7C,0x1C,0xB0,0x14,0xB0,0x35,0xFE,0x34,0x30,0x24,0x30,0x24,0x78,0x7C,0xCC,0x4B,0x86,0x01,0x00,0x00,0x00,0x00,0x00}, // 1872 族
    {0x04,0x20,0x7F,0xFE,0x7F,0xFE,0x05,0x38,0x01,0x08,0x7F,0xFE,0x06,0x20,0x0C,0x18,0x72,0x2E,0x42,0x20,0x3F,0xFC,0x04,0x20,0x0C,0x20,0x38,0x20,0x00,0x00,0x00,0x00}, // 1873 莽
    {0x10,0x20,0x10,0x20,0x10,0x20,0x7D,0xFE,0x11,0x26,0x11,0x26,0x11,0x26,0x1D,0xFE,0x71,0x26,0x11,0x26,0x11,0x26,0x11,0x26,0x11,0xFE,0x31,0x06,0x00,0x00,0x00,0x00}, // 1874 抽
    {0x11,0x90,0x19,0x98,0x09,0x90,0x7F,0xFE,0x40,0x06,0x4F,0xF6,0x08,0x10,0x0F,0xF0,0x01,0x80,0x7F,0xFE,0x03,0xC0,0x05,0xE0,0x19,0xB8,0x71,0x8E,0x01,0x80,0x00,0x00}, // 1875 棠
    {0x00,0x00,0x11,0xFC,0x08,0x18,0x00,0x30,0x00,0x60,0x70,0xC0,0x11,0xFE,0x00,0x92,0x01,0x92,0x11,0x22,0x36,0x66,0x24,0x46,0x61,0x84,0x63,0x1C,0x00,0x00,0x00,0x00}, // 1876 汤
    {0x00,0x00,0x7F,0xFE,0x01,0x80,0x01,0x80,0x01,0x80,0x01,0x80,0x01,0x80,0x01,0x80,0x01,0x80,0x01,0x80,0x01,0x80,0x01,0x80,0x01,0x80,0x07,0x00,0x00,0x00,0x00,0x00}, // 1877 丁
    {0x31,0x18,0x18,0x10,0x07,0xFE,0x40,0x00,0x61,0xB8,0x12,0x0C,0x04,0x06,0x03,0xFC,0x12,0xA4,0x32,0xA4,0x22,0xA4,0x62,0xA4,0x67,0xFE,0x00,0x00,0x00,0x00,0x00,0x00}, // 1878 溢
    {0x04,0x00,0x0F,0xE0,0x18,0x60,0x7F,0xF8,0x11,0x88,0x11,0x88,0x11,0x08,0x1F,0xF8,0x11,0xC0,0x02,0xC0,0x06,0xC0,0x18,0xC2,0x70,0xFE,0x00,0x00,0x00,0x00,0x00,0x00}, // 1879 免
    {0x02,0x40,0x7E,0x7C,0x02,0x40,0x7E,0x7E,0x00,0x00,0x1F,0xF8,0x1F,0xF8,0x11,0x88,0x1F,0xF8,0x3F,0xFC,0x04,0x60,0x7F,0xFE,0x00,0x20,0x1C,0x3C,0x20,0x04,0x00,0x00}, // 1880 冀
    {0x10,0x40,0x11,0xFC,0x11,0x04,0x7D,0x24,0x11,0x04,0x15,0x1C,0x3D,0xFE,0x70,0x02,0x12,0x52,0x12,0x52,0x12,0x52,0x13,0xF2,0x30,0x0E,0x00,0x08,0x00,0x00,0x00,0x00}, // 1881 捣
    {0x04,0x3E,0x7F,0xA6,0x01,0x24,0x13,0x24,0x1A,0x2C,0x7F,0xA8,0x00,0x24,0x00,0x26,0x3F,0x22,0x21,0x22,0x21,0x2E,0x3F,0x28,0x21,0x20,0x00,0x20,0x00,0x00,0x00,0x00}, // 1882 部
    {0x10,0x98,0x12,0x90,0x12,0xBE,0x12,0xA0,0x7A,0xA8,0x10,0x80,0x13,0xFC,0x3A,0x04,0x72,0x44,0x12,0x44,0x12,0xE4,0x10,0xA0,0x11,0xA2,0x76,0x3E,0x00,0x00,0x00,0x00}, // 1883 揽
    {0x08,0x00,0x69,0x78,0x69,0x48,0x69,0x48,0x7F,0x48,0x00,0x48,0x7E,0x48,0x02,0x48,0x3E,0x48,0x20,0x48,0x20,0xC8,0x26,0x8A,0x79,0x8A,0x03,0x0E,0x00,0x00,0x00,0x00}, // 1884 凯
    {0x12,0x44,0x23,0x78,0x7F,0xC2,0x00,0x7E,0x3F,0x00,0x3F,0x44,0x21,0x7C,0x3F,0x60,0x21,0x62,0x27,0x7E,0x00,0x04,0x64,0x44,0x46,0x66,0x00,0x00,0x00,0x00,0x00,0x00}, // 1885 熊
    {0x3F,0xFC,0x00,0x00,0x0F,0xF0,0x0F,0xF0,0x3F,0xFE,0x20,0x02,0x0F,0xF0,0x0F,0xF0,0x1F,0xF8,0x10,0x08,0x1F,0xF8,0x1F,0xF8,0x10,0x18,0x00,0x00,0x00,0x00,0x00,0x00}, // 1886 膏
    {0x11,0x08,0x15,0x48,0x25,0x50,0x47,0xDE,0x00,0x14,0x17,0xE4,0x32,0xB4,0x77,0xB4,0x51,0x14,0x17,0xD4,0x15,0x48,0x15,0xD8,0x19,0x74,0x13,0x62,0x00,0x40,0x00,0x00}, // 1887 徽
    {0x08,0x20,0x77,0x7C,0x41,0x44,0x20,0x54,0x37,0x54,0x55,0x4C,0x55,0x40,0x55,0x7E,0x36,0x02,0x14,0x02,0x24,0xFA,0x27,0x02,0x4C,0x0E,0x40,0x08,0x00,0x00,0x00,0x00}, // 1888 鹓
    {0x0C,0x00,0x08,0x00,0x1F,0xFC,0x10,0x80,0x20,0x80,0x00,0x80,0x00,0x80,0x7F,0xFE,0x00,0x80,0x00,0x80,0x00,0x80,0x00,0x80,0x00,0x80,0x00,0x00,0x00,0x00,0x00,0x00}, // 1889 午
    {0x7E,0x20,0x10,0x20,0x10,0xAC,0x10,0xA6,0x3C,0xA2,0x25,0xA0,0x65,0x22,0x64,0x26,0x24,0x04,0x3C,0x0C,0x24,0x18,0x20,0x30,0x23,0xC0,0x01,0x00,0x00,0x00,0x00,0x00}, // 1890 砂
    {0x1F,0x70,0x1F,0x0C,0x10,0x72,0x7F,0x1C,0x3D,0x60,0x1F,0xFC,0x1F,0xFC,0x00,0x00,0x7F,0xFE,0x1F,0xFC,0x1F,0xFC,0x0C,0x58,0x77,0x3E,0x04,0x00,0x00,0x00,0x00,0x00}, // 1891 鬟
    {0x20,0x88,0x7F,0xE8,0x21,0x1E,0x22,0x56,0x57,0xF6,0x50,0x14,0x7B,0xD4,0x12,0x54,0x13,0xCC,0x7A,0x4C,0x53,0xCC,0x12,0x4C,0x12,0xD2,0x12,0x00,0x00,0x00,0x00,0x00}, // 1892 辙
    {0x23,0xFE,0x30,0x0C,0x10,0xD0,0x00,0x60,0x03,0xFE,0x72,0x22,0x12,0x22,0x13,0xFE,0x12,0x22,0x12,0x22,0x1B,0xFE,0x1A,0x22,0x32,0x22,0x02,0x2E,0x02,0x0C,0x00,0x00}, // 1893 诵
    {0x30,0x80,0x3D,0x80,0x65,0xFE,0x4B,0x20,0x42,0x20,0x11,0xFE,0x11,0x22,0x11,0x22,0x11,0x22,0x15,0x22,0x19,0x26,0x31,0x2C,0x20,0x20,0x00,0x20,0x00,0x00,0x00,0x00}, // 1894 饰
    {0x08,0x00,0x1F,0xFC,0x30,0x04,0x20,0x04,0x5F,0xE4,0x11,0x24,0x11,0x24,0x1F,0xE4,0x11,0x24,0x11,0x24,0x1F,0xE4,0x10,0x24,0x00,0x1C,0x00,0x10,0x00,0x00,0x00,0x00}, // 1895 甸
    {0x11,0x90,0x11,0xFE,0x5D,0x10,0x53,0xFE,0x57,0x10,0x55,0x10,0x11,0xFE,0x11,0x10,0x11,0xFE,0x11,0x00,0x12,0x46,0x12,0x52,0x16,0x52,0x10,0x00,0x00,0x00,0x00,0x00}, // 1896 憔
    {0x27,0xE0,0x32,0x20,0x13,0xFE,0x06,0x20,0x76,0xFC,0x36,0x84,0x34,0xFC,0x34,0x84,0x34,0xFC,0x3C,0x84,0x30,0xFC,0x38,0x00,0x67,0xFE,0x00,0x00,0x00,0x00,0x00,0x00}, // 1897 遁
    {0x10,0x7C,0x10,0xCC,0x7D,0xE8,0x54,0x30,0x54,0xEE,0x55,0x92,0x7C,0xFC,0x7C,0x10,0x10,0xFC,0x16,0x10,0x1F,0x10,0x73,0xFC,0x00,0x10,0x00,0x30,0x00,0x00,0x00,0x00}, // 1898 蜂
    {0x12,0x3E,0x21,0x64,0x24,0xB8,0x68,0x18,0x78,0xE6,0x13,0x10,0x11,0x7E,0x21,0x10,0x79,0x7C,0x01,0x10,0x19,0x7E,0x73,0x90,0x06,0x7E,0x00,0x00,0x00,0x00,0x00,0x00}, // 1899 缝
    {0x01,0x00,0x1F,0xF8,0x11,0x88,0x11,0x88,0x11,0x88,0x1F,0xF8,0x11,0x88,0x11,0x88,0x7F,0xFE,0x10,0x08,0x10,0x08,0x10,0x08,0x10,0x18,0x00,0x00,0x00,0x00,0x00,0x00}, // 1900 冉
    {0x10,0x20,0x11,0xFE,0x10,0xC8,0x7C,0x58,0x11,0xFE,0x31,0x22,0x3F,0xFE,0x74,0x40,0x50,0x40,0x50,0xFC,0x10,0x84,0x10,0x84,0x11,0x38,0x10,0x10,0x00,0x00,0x00,0x00}, // 1901 榜
    {0x7F,0xFE,0x04,0x20,0x3F,0xFC,0x01,0x80,0x09,0x90,0x7F,0xFE,0x05,0xA0,0x19,0x98,0x7F,0xFE,0x11,0x88,0x1F,0xF8,0x11,0x88,0x1F,0xF8,0x10,0x08,0x00,0x00,0x00,0x00}, // 1902 蕃
    {0x01,0x80,0x01,0x80,0x01,0x80,0x3F,0xFC,0x21,0x84,0x23,0x64,0x26,0x34,0x28,0x84,0x21,0x04,0x23,0x84,0x22,0x64,0x2C,0x24,0x20,0x04,0x20,0x1C,0x00,0x00,0x00,0x00}, // 1903 肉
    {0x6F,0xFE,0x34,0x00,0x07,0xFC,0x47,0xF8,0x34,0x08,0x07,0xF8,0x00,0x80,0x2F,0xFC,0x2E,0xD4,0x2B,0x5C,0x4E,0xDC,0x4A,0xD4,0x57,0xA6,0x04,0x20,0x00,0x00,0x00,0x00}, // 1904 瀛
    {0x10,0x00,0x13,0xF8,0x10,0x98,0x10,0x9C,0x78,0xF4,0x11,0x24,0x3D,0x64,0x32,0x64,0x52,0x88,0x53,0xFC,0x12,0x94,0x12,0x94,0x12,0x94,0x17,0xFE,0x00,0x00,0x00,0x00}, // 1905 楹
    {0x00,0x00,0x23,0xFE,0x20,0x20,0x20,0x20,0x21,0xFC,0x39,0x04,0x21,0x24,0x21,0x24,0x21,0x24,0x21,0x24,0x29,0x64,0x31,0x40,0x60,0x8C,0x07,0x06,0x02,0x02,0x00,0x00}, // 1906 顷
    {0x3F,0xFC,0x3F,0xFC,0x20,0x0C,0x3F,0xFC,0x20,0x00,0x20,0xF8,0x2F,0x80,0x20,0x88,0x2F,0xF8,0x20,0x80,0x27,0xFC,0x2C,0x80,0x60,0x82,0x40,0xFE,0x00,0x00,0x00,0x00}, // 1907 尾
    {0x3F,0x7E,0x2C,0xC8,0x40,0x08,0x04,0x00,0x1F,0xE0,0x30,0x40,0x0F,0xFC,0x01,0x8C,0x7F,0xFE,0x01,0x8C,0x3F,0xFC,0x01,0x8C,0x03,0x80,0x02,0x00,0x00,0x00,0x00,0x00}, // 1908 筝
    {0x18,0x80,0x01,0xFE,0x7D,0x00,0x10,0x18,0x11,0xE0,0x3C,0x20,0x35,0xFC,0x24,0x20,0x24,0x3E,0x25,0xE0,0x24,0x20,0x44,0x22,0x4C,0x3E,0x00,0x00,0x00,0x00,0x00,0x00}, // 1909 旄
    {0x04,0x20,0x7F,0xFE,0x3F,0x04,0x21,0x24,0x3F,0x24,0x3F,0x24,0x21,0x0C,0x02,0x00,0x7F,0xFE,0x13,0x26,0x13,0x26,0x3F,0x7E,0x47,0xCC,0x04,0x08,0x00,0x00,0x00,0x00}, // 1910 翦
    {0x21,0x20,0x37,0xFC,0x10,0xA0,0x03,0xFC,0x03,0xBC,0x73,0xFC,0x12,0x04,0x13,0xFC,0x17,0xFC,0x10,0x10,0x11,0x30,0x6C,0x00,0x43,0xFE,0x00,0x00,0x00,0x00,0x00,0x00}, // 1911 遵
    {0x03,0xFE,0x78,0x20,0x48,0xA8,0x4B,0xFE,0x48,0x88,0x48,0x00,0x49,0xFC,0x49,0x04,0x79,0x24,0x49,0x24,0x41,0x60,0x40,0xD8,0x07,0x86,0x00,0x00,0x00,0x00,0x00,0x00}, // 1912 喷
    {0x06,0x40,0x02,0x40,0x02,0x44,0x22,0x48,0x12,0x50,0x12,0x40,0x02,0x40,0x0E,0x50,0x36,0x5C,0x66,0x44,0x04,0x40,0x0C,0x42,0x18,0x46,0x70,0x7C,0x00,0x00,0x00,0x00}, // 1913 兆
    {0x08,0x00,0x1F,0xFC,0x10,0x04,0x30,0x04,0x6F,0xC4,0x48,0x44,0x08,0x44,0x0F,0xC4,0x08,0x44,0x08,0x44,0x0F,0xC4,0x08,0x44,0x00,0x1C,0x00,0x00,0x00,0x00,0x00,0x00}, // 1914 旬
    {0x10,0x00,0x11,0xFC,0x11,0x00,0x11,0x00,0x7D,0xFC,0x11,0x44,0x11,0x4C,0x11,0x48,0x11,0x68,0x17,0x38,0x7E,0x30,0x42,0x38,0x06,0x4C,0x0D,0x86,0x00,0x00,0x00,0x00}, // 1915 坂
    {0x18,0x80,0x18,0x80,0x7D,0xFE,0x19,0x02,0x1B,0x42,0x3C,0xC2,0x3C,0x92,0x7D,0x92,0xD9,0x32,0x19,0xDA,0x18,0x02,0x18,0x06,0x18,0x1C,0x00,0x00,0x00,0x00,0x00,0x00}, // 1916 构
    {0x3F,0x7E,0x24,0x48,0x64,0xCC,0x44,0x08,0x1F,0xF8,0x03,0x08,0x7F,0xFE,0x03,0x08,0x03,0x08,0x3F,0xF8,0x02,0x08,0x0C,0x00,0x78,0x00,0x20,0x00,0x00,0x00,0x00,0x00}, // 1917 笋
    {0x3E,0xFC,0x22,0x48,0x3C,0x48,0x3E,0xFE,0x52,0x10,0x52,0xFC,0x1E,0x10,0x1F,0xF8,0x10,0x08,0x1F,0xF8,0x10,0x08,0x1F,0xF8,0x10,0x18,0x10,0x10,0x00,0x00,0x00,0x00}, // 1918 臂
    {0x01,0x80,0x7F,0xFE,0x60,0x06,0x61,0x86,0x01,0x80,0x1F,0xF8,0x11,0x88,0x11,0x88,0x1F,0xF8,0x11,0x88,0x11,0x88,0x1F,0xF8,0x10,0x08,0x10,0x08,0x00,0x00,0x00,0x00}, // 1919 宙
    {0x00,0x20,0x11,0x2C,0x20,0xA8,0x20,0x20,0x4F,0xFE,0x78,0xB8,0x11,0x2E,0x12,0x42,0x23,0xFE,0x78,0xC8,0x00,0x88,0x08,0xF0,0x70,0x3C,0x03,0xC6,0x00,0x00,0x00,0x00}, // 1920 缕
    {0x00,0x00,0x7D,0xFC,0x08,0x20,0x08,0x20,0x10,0x20,0x31,0xFC,0x3C,0x20,0x0C,0x20,0x28,0x20,0x28,0x20,0x1B,0xFE,0x18,0x00,0x3F,0x00,0x61,0xFE,0x00,0x00,0x00,0x00}, // 1921 廷
    {0x33,0xE0,0x13,0x4C,0x01,0x28,0x40,0x08,0x73,0xFE,0x10,0x80,0x07,0xFE,0x10,0x80,0x11,0xFC,0x33,0x48,0x22,0x70,0x6C,0x30,0x49,0xCE,0x01,0x00,0x00,0x00,0x00,0x00}, // 1922 湲
    {0x10,0x40,0x1E,0xFC,0x21,0x8C,0x61,0x48,0x7C,0x70,0x18,0x30,0x18,0x60,0x3C,0xFE,0x19,0x46,0x18,0x46,0x1E,0x46,0x1C,0x7E,0x10,0x46,0x00,0x40,0x00,0x00,0x00,0x00}, // 1923 铭
    {0x02,0x00,0x1F,0xF8,0x10,0x08,0x1F,0xF8,0x10,0x08,0x1F,0xF8,0x1F,0xFC,0x01,0x80,0x3F,0xFC,0x21,0x84,0x21,0x84,0x21,0x9C,0x21,0x8C,0x01,0x80,0x00,0x00,0x00,0x00}, // 1924 帛
    {0x3F,0xFE,0x20,0x06,0x2F,0xF6,0x20,0x06,0x2F,0xF6,0x00,0x00,0x1F,0xF8,0x10,0x08,0x10,0x08,0x1F,0xF8,0x10,0x08,0x1F,0xF8,0x10,0x08,0x1F,0xF8,0x00,0x00,0x00,0x00}, // 1925 冒
    {0x7C,0x66,0x4C,0x64,0x4C,0x64,0x44,0x6C,0x7F,0x68,0x44,0x68,0x44,0x64,0x44,0x66,0x54,0x62,0x52,0x62,0x6A,0xEE,0x4B,0xE8,0x08,0x60,0x00,0x60,0x00,0x00,0x00,0x00}, // 1926 邸
    {0x7F,0xFE,0x02,0x40,0x02,0x40,0x3F,0xFC,0x22,0x44,0x22,0x44,0x3F,0xFC,0x19,0x98,0x09,0x90,0x7F,0xFE,0x03,0xC0,0x05,0xA0,0x19,0x9C,0x71,0x86,0x01,0x80,0x00,0x00}, // 1927 粟
    {0x3F,0xFC,0x20,0x04,0x3F,0xFC,0x20,0x00,0x27,0xF8,0x24,0x08,0x27,0xF8,0x20,0x00,0x27,0xFC,0x24,0x44,0x27,0xFC,0x64,0x02,0x47,0xFE,0x00,0x00,0x00,0x00,0x00,0x00}, // 1928 扈
    {0x00,0xB0,0x27,0xFE,0x10,0xB0,0x17,0xFC,0x07,0xFC,0x06,0xB4,0x77,0xFC,0x10,0x00,0x13,0xF8,0x12,0x08,0x13,0xF8,0x13,0xF8,0x7C,0x00,0x43,0xFE,0x00,0x00,0x00,0x00}, // 1929 遭
    {0x38,0x0C,0x10,0x30,0x38,0x20,0x6B,0xFE,0x08,0x20,0x18,0xE0,0x18,0x40,0x2B,0xFC,0x6B,0x54,0x4B,0x54,0x0B,0x54,0x1B,0x54,0x37,0xFE,0x20,0x00,0x00,0x00,0x00,0x00}, // 1930 猛
    {0x7F,0xFE,0x60,0x06,0x6E,0x76,0x18,0x08,0x1F,0xF8,0x10,0x08,0x1F,0xF8,0x10,0x40,0x14,0x4C,0x17,0xFC,0x30,0x40,0x24,0x44,0x67,0xFC,0x00,0x04,0x00,0x00,0x00,0x00}, // 1931 窟
    {0x30,0x20,0x23,0xFE,0x7A,0x02,0x29,0xFC,0x28,0x40,0x29,0xC4,0x4B,0x78,0x48,0xF8,0x39,0x38,0x1A,0x54,0x14,0x96,0x23,0x12,0x42,0x70,0x00,0x40,0x00,0x00,0x00,0x00}, // 1932 嫁
    {0x10,0x58,0x10,0x58,0x10,0x58,0x7F,0xDE,0x10,0x58,0x10,0x58,0x13,0xDE,0x1F,0xDE,0x70,0x58,0x50,0x58,0x13,0xDE,0x10,0x58,0x10,0x58,0x70,0x58,0x20,0xD8,0x00,0x00}, // 1933 排
    {0x18,0x00,0x13,0xFE,0x10,0x04,0x7C,0x04,0x11,0xE4,0x11,0x24,0x15,0x24,0x3D,0x24,0x35,0x24,0x51,0xE4,0x51,0xE4,0x10,0x04,0x10,0x04,0x10,0x1C,0x00,0x00,0x00,0x00}, // 1934 柯
    {0x10,0x7E,0x7F,0x40,0x30,0x40,0x2C,0x40,0x2C,0x7E,0x6C,0x48,0x7F,0x48,0x0C,0x48,0x0E,0x48,0x7E,0xC8,0x0C,0x88,0x0C,0x88,0x0D,0x08,0x00,0x00,0x00,0x00,0x00,0x00}, // 1935 斩
    {0x10,0xFC,0x18,0x84,0x3C,0x84,0x26,0x84,0x40,0xFC,0x00,0x84,0x18,0x84,0x10,0x84,0x18,0xFC,0x3C,0x84,0x26,0x84,0x60,0x84,0x43,0xFE,0x00,0x00,0x00,0x00,0x00,0x00}, // 1936 俎
    {0x00,0x04,0x11,0xFC,0x1B,0x20,0x00,0x20,0x00,0x20,0x77,0xFE,0x10,0x20,0x10,0x20,0x11,0xFC,0x11,0x04,0x15,0x04,0x1D,0x04,0x19,0xFC,0x11,0x04,0x00,0x00,0x00,0x00}, // 1937 话
    {0x1F,0x7E,0x24,0xC8,0x45,0x08,0x1F,0xF8,0x10,0x08,0x1F,0xF8,0x10,0x08,0x1F,0xF8,0x3F,0xFC,0x01,0x80,0x1F,0xF8,0x01,0x80,0x7F,0xFE,0x00,0x00,0x00,0x00,0x00,0x00}, // 1938 篁
    {0x7C,0x20,0x11,0xFE,0x11,0x26,0x31,0x26,0x21,0xFE,0x7D,0x26,0x65,0xFE,0x24,0x40,0x24,0x50,0x27,0xFE,0x3C,0x10,0x24,0x10,0x20,0x10,0x00,0x10,0x00,0x00,0x00,0x00}, // 1939 碑
    {0x08,0x20,0x08,0x60,0x18,0x40,0x3E,0x7E,0x22,0xC6,0x22,0x86,0x22,0x86,0x3E,0x66,0x22,0x24,0x22,0x34,0x22,0x04,0x22,0x04,0x3E,0x04,0x22,0x3C,0x00,0x00,0x00,0x00}, // 1940 的
    {0x0C,0x04,0x04,0x24,0x7F,0xA4,0x02,0x24,0x32,0x24,0x12,0x24,0x0A,0x24,0x0C,0x24,0x0E,0x24,0x0B,0x24,0x11,0x04,0x31,0x04,0x60,0x1C,0x00,0x08,0x00,0x00,0x00,0x00}, // 1941 刘
    {0x13,0xFE,0x11,0x08,0x11,0x08,0x7D,0xF8,0x25,0x08,0x25,0xF8,0x28,0x20,0x4B,0xFE,0x38,0x70,0x18,0xB0,0x1D,0xA8,0x23,0x26,0x46,0x22,0x00,0x20,0x00,0x00,0x00,0x00}, // 1942 媒
    {0x21,0x98,0x30,0x10,0x17,0xFE,0x00,0x60,0x02,0x64,0x72,0x64,0x12,0x44,0x13,0xFC,0x10,0x44,0x10,0xC0,0x11,0x80,0x3B,0x00,0x67,0xFE,0x00,0x00,0x00,0x00,0x00,0x00}, // 1943 逆
    {0x00,0x00,0x7F,0xFC,0x0D,0xA8,0x28,0x98,0x28,0x50,0x28,0x70,0x6B,0xCE,0x7C,0x20,0x05,0xFC,0x15,0x24,0x35,0xFC,0x45,0x20,0x04,0x24,0x1F,0xFE,0x00,0x02,0x00,0x00}, // 1944 骚
    {0x08,0x60,0x08,0x40,0x17,0xFE,0x10,0x40,0x33,0xFC,0x70,0x40,0x50,0xC0,0x17,0xFF,0x10,0x88,0x11,0xFE,0x13,0x48,0x12,0x48,0x14,0x48,0x14,0x18,0x00,0x00,0x00,0x00}, // 1945 俦
    {0x7F,0xFE,0x40,0x02,0x5F,0xFA,0x12,0x48,0x1F,0xF8,0x7F,0xFE,0x00,0x00,0x1F,0xF8,0x18,0x08,0x1F,0xF8,0x0C,0x58,0x75,0x30,0x46,0x0E,0x00,0x00,0x00,0x00,0x00,0x00}, // 1946 寰
    {0x00,0xD8,0x00,0xC8,0x7F,0xFE,0x00,0xC0,0x00,0x40,0x00,0x40,0x3F,0x40,0x0C,0x60,0x0C,0x20,0x0C,0x20,0x0F,0xB2,0x7C,0x1A,0x20,0x0E,0x00,0x00,0x00,0x00,0x00,0x00}, // 1947 式
    {0x78,0xA0,0x10,0xA0,0x11,0xFC,0x7D,0x20,0x11,0x20,0x10,0x20,0x35,0xFE,0x3C,0x30,0x70,0x30,0x50,0x70,0x10,0x48,0x10,0x8C,0x13,0x06,0x10,0x00,0x00,0x00,0x00,0x00}, // 1948 秩
    {0x01,0x80,0x7F,0xFE,0x42,0x02,0x4E,0x3A,0x30,0x0C,0x10,0x00,0x11,0xFC,0x7E,0x24,0x10,0x64,0x10,0x44,0x16,0xC4,0x18,0x84,0x13,0x1C,0x00,0x00,0x00,0x00,0x00,0x00}, // 1949 窃
    {0x3F,0x84,0x30,0x18,0x3F,0x60,0x3F,0x0E,0x7F,0xF0,0x11,0x0E,0x3F,0x70,0x02,0x00,0x02,0x00,0x7F,0xFE,0x07,0xF8,0x0F,0x10,0x31,0xA0,0x61,0xF8,0x0E,0x06,0x00,0x00}, // 1950 髪
    {0x7C,0x48,0x0C,0x8C,0x2D,0xFE,0x29,0x00,0x28,0xCC,0x29,0xC6,0x69,0x42,0x7C,0xFC,0x05,0xC8,0x75,0x48,0x44,0x70,0x04,0x70,0x1F,0xDE,0x11,0x02,0x00,0x00,0x00,0x00}, // 1951 骏
    {0x03,0x00,0x33,0x00,0x1B,0xBE,0x03,0xA6,0x03,0x24,0x63,0x24,0x2F,0xE4,0x03,0x34,0x13,0x94,0x37,0x58,0x2B,0x58,0x2B,0x18,0x43,0x2C,0x47,0x46,0x00,0x00,0x00,0x00}, // 1952 淑
    {0x08,0x20,0x08,0x20,0x7F,0x28,0x7F,0x2C,0x08,0x24,0x08,0x22,0x3F,0x20,0x60,0x20,0x00,0x00,0x1F,0xF8,0x12,0x48,0x12,0x48,0x12,0x48,0x7F,0xFE,0x00,0x00,0x00,0x00}, // 1953 盐
    {0x3D,0xFE,0x25,0xAA,0x25,0xAA,0x25,0xFE,0x3C,0x80,0x08,0xFE,0x09,0x22,0x4C,0xFA,0x48,0xAA,0x48,0xAA,0x48,0xFA,0x4C,0x2A,0x79,0xFA,0x00,0x0E,0x00,0x00,0x00,0x00}, // 1954 躅
    {0x7F,0xBE,0x12,0x44,0x3F,0xA8,0x7C,0xB8,0x27,0x1C,0x3C,0x66,0x7F,0xFE,0x00,0x00,0x1F,0xF8,0x1F,0xF8,0x00,0x00,0x1F,0xF8,0x1F,0xF8,0x10,0x08,0x00,0x00,0x00,0x00}, // 1955 警
    {0x10,0xC8,0x10,0xC8,0x31,0xFE,0x3C,0xC8,0x40,0xC8,0x3F,0xFE,0x10,0x00,0x10,0x00,0x7D,0xFC,0x11,0x84,0x11,0xFC,0x15,0x84,0x19,0x84,0x11,0xFC,0x01,0x80,0x00,0x00}, // 1956 错
    {0x10,0x24,0x10,0x20,0x13,0xFE,0x78,0x30,0x10,0x30,0x13,0xD0,0x19,0x90,0x71,0x90,0x11,0x90,0x11,0x90,0x11,0xEA,0x13,0xCA,0x70,0x06,0x00,0x00,0x00,0x00,0x00,0x00}, // 1957 拭
    {0x7F,0xFE,0x40,0x02,0x5F,0xFA,0x19,0x88,0x1F,0xF8,0x19,0x88,0x1F,0xF8,0x01,0x80,0x3F,0xFC,0x21,0x84,0x21,0xA4,0x27,0xD4,0x20,0x1C,0x00,0x00,0x00,0x00,0x00,0x00}, // 1958 寓
    {0x3F,0x0C,0x23,0x18,0x2B,0x30,0x2B,0x60,0x2F,0x44,0x23,0x0C,0x7F,0x98,0x23,0x30,0x23,0x60,0x23,0x06,0x23,0x08,0x63,0x30,0x46,0xE0,0x00,0x00,0x00,0x00,0x00,0x00}, // 1959 彤
    {0x64,0x20,0x19,0xFC,0x19,0x04,0x69,0x04,0x49,0xFC,0x09,0x04,0x1D,0xFC,0x3D,0x20,0x6D,0x24,0x4D,0x18,0x09,0x18,0x09,0x4E,0x39,0x86,0x20,0x00,0x00,0x00,0x00,0x00}, // 1960 狼
    {0x10,0x00,0x10,0x78,0x1F,0xC0,0x10,0x00,0x10,0x0C,0x1F,0xF8,0x00,0x00,0x1F,0xF8,0x10,0x08,0x10,0x08,0x1F,0xF8,0x10,0x08,0x1F,0xF8,0x10,0x08,0x00,0x00,0x00,0x00}, // 1961 旨
    {0x04,0x60,0x0C,0x60,0x08,0x60,0x18,0x70,0x18,0x78,0x38,0x6C,0x68,0x66,0x48,0x62,0x08,0x60,0x08,0x60,0x08,0x60,0x08,0x60,0x08,0x60,0x00,0x00,0x00,0x00,0x00,0x00}, // 1962 仆
    {0x10,0xFC,0x10,0x84,0x10,0xFC,0x7C,0x84,0x54,0xFC,0x54,0x00,0x55,0xFE,0x55,0x4A,0x55,0xFE,0x54,0x00,0x54,0xFC,0x10,0x58,0x10,0x30,0x13,0xCE,0x00,0x02,0x00,0x00}, // 1963 幔
    {0x7F,0xFE,0x04,0x60,0x19,0x18,0x35,0x50,0x25,0x5E,0x5F,0xD4,0x10,0x24,0x37,0xF4,0x57,0x94,0x14,0x98,0x14,0xA8,0x14,0xDC,0x14,0x66,0x00,0x00,0x00,0x00,0x00,0x00}, // 1964 薇
    {0x10,0x24,0x3D,0xFE,0x60,0x20,0xC0,0x20,0x3D,0xFC,0x11,0x24,0x11,0xFC,0x7D,0x24,0x11,0x24,0x11,0xFC,0x15,0x24,0x19,0x24,0x11,0x2C,0x00,0x00,0x00,0x00,0x00,0x00}, // 1965 铺
    {0x01,0x00,0x01,0x00,0x7F,0xFE,0x01,0x00,0x01,0x00,0x31,0x08,0x31,0x08,0x31,0x08,0x3F,0xF8,0x01,0x08,0x01,0x00,0x01,0x02,0x01,0x02,0x01,0xFE,0x00,0x00,0x00,0x00}, // 1966 屯
    {0x00,0x06,0x77,0xC6,0x14,0x56,0x04,0x56,0x45,0x56,0x65,0x56,0x25,0x56,0x05,0x56,0x15,0x56,0x15,0x56,0x23,0x96,0x22,0x86,0x46,0x46,0x4C,0x4E,0x00,0x00,0x00,0x00}, // 1967 测
    {0x11,0x00,0x11,0x08,0x13,0xD0,0x12,0x5E,0x7B,0xD4,0x32,0x64,0x33,0xF4,0x39,0x14,0x53,0xD4,0x52,0x14,0x53,0xD8,0x12,0x48,0x12,0x9C,0x15,0xA6,0x10,0x00,0x00,0x00}, // 1968 檄
    {0x10,0x40,0x10,0xC0,0x10,0x80,0x10,0xFE,0x7D,0x86,0x11,0x46,0x13,0x66,0x10,0x26,0x10,0x16,0x10,0x36,0x1C,0xC4,0x71,0x84,0x00,0x04,0x00,0x1C,0x00,0x00,0x00,0x00}, // 1969 均
    {0x00,0x0E,0x67,0xFC,0x10,0x00,0x06,0x46,0x02,0x64,0x63,0x0C,0x30,0x80,0x03,0xDE,0x12,0x06,0x12,0x06,0x33,0x9E,0x22,0x06,0x63,0xFE,0x43,0xFE,0x02,0x00,0x00,0x00}, // 1970 滔
    {0x10,0x60,0x10,0x60,0x17,0xFE,0x7C,0x60,0x11,0xFC,0x31,0x04,0x39,0xFC,0x3D,0x04,0x51,0xFC,0x51,0x04,0x11,0xFC,0x11,0x04,0x11,0x04,0x17,0xFE,0x00,0x00,0x00,0x00}, // 1971 植
    {0x0C,0x0C,0x00,0x18,0x7E,0x30,0x7C,0xE0,0x0C,0x06,0x1B,0x0C,0x3E,0x18,0x7E,0x60,0x5A,0x42,0x18,0x06,0x18,0x08,0x18,0x30,0x19,0xE0,0x19,0x00,0x00,0x00,0x00,0x00}, // 1972 衫
    {0x08,0x00,0x08,0x7E,0x7E,0x46,0x08,0x46,0x08,0x46,0x0A,0x46,0x0E,0x46,0x78,0x46,0x48,0x46,0x08,0x7E,0x08,0xFE,0x08,0xC6,0x38,0xC0,0x20,0x00,0x00,0x00,0x00,0x00}, // 1973 扣
    {0x04,0x20,0x7F,0xFE,0x7F,0xFE,0x05,0xA0,0x03,0x80,0x06,0x40,0x0C,0x30,0x3F,0xFE,0x60,0x04,0x0F,0xF0,0x08,0x10,0x08,0x10,0x0F,0xF0,0x08,0x10,0x00,0x00,0x00,0x00}, // 1974 荅
    {0x00,0x80,0x00,0x80,0x3F,0xFC,0x00,0x80,0x3F,0xFE,0x00,0x04,0x06,0x6C,0x11,0xC0,0x0C,0x40,0x04,0x40,0x7F,0xFE,0x01,0x80,0x03,0x30,0x3C,0x0C,0x20,0x00,0x00,0x00}, // 1975 卖
    {0x18,0xFE,0x7E,0x0C,0x7E,0x10,0x5A,0x60,0x5A,0xFE,0x7E,0xEA,0x5A,0x4A,0x5A,0x5A,0x7E,0x92,0x5B,0xB2,0x19,0x22,0x18,0xC2,0x18,0x8E,0x18,0x00,0x00,0x00,0x00,0x00}, // 1976 畅
    {0x00,0x20,0x30,0x20,0x20,0x20,0x7E,0xFC,0x48,0x24,0x08,0x24,0x7E,0x24,0x08,0x24,0x0B,0xFE,0x4A,0x70,0x4A,0x50,0x4A,0x58,0x7E,0x8C,0x01,0x86,0x00,0x00,0x00,0x00}, // 1977 缺
    {0x01,0x00,0x01,0x80,0x3F,0xFE,0x23,0x04,0x32,0x6C,0x17,0x80,0x01,0x00,0x1A,0x6C,0x67,0xF4,0x01,0x80,0x7F,0xFE,0x01,0x80,0x01,0x80,0x01,0x80,0x01,0x80,0x00,0x00}, // 1978 率
    {0x3F,0x04,0x21,0x24,0x2D,0x24,0x2D,0x24,0x2D,0x24,0x29,0x24,0x29,0x24,0x29,0x24,0x29,0x24,0x08,0x24,0x16,0x04,0x31,0x84,0x60,0x0C,0x00,0x08,0x00,0x00,0x00,0x00}, // 1979 则
    {0x08,0x30,0x08,0x30,0x08,0x30,0x7F,0x30,0x08,0xFE,0x08,0x22,0x7F,0x22,0x00,0x22,0x10,0x22,0x32,0x62,0x23,0x46,0x7F,0x46,0x40,0xC6,0x01,0x9C,0x00,0x00,0x00,0x00}, // 1980 劫
    {0x0C,0x20,0x70,0x60,0x4F,0x7E,0x24,0xC2,0x1C,0x82,0x74,0xA2,0x4A,0x22,0x12,0x32,0x65,0x02,0x09,0x02,0x31,0x02,0x43,0x06,0x0E,0x1C,0x00,0x00,0x00,0x00,0x00,0x00}, // 1981 豹
    {0x7F,0xFE,0x04,0x20,0x1F,0xF0,0x00,0x60,0x7D,0xCC,0x05,0xF0,0x09,0xB0,0x11,0x98,0x63,0x0C,0x1F,0xF0,0x20,0x04,0x64,0x44,0x46,0x62,0x40,0x00,0x00,0x00,0x00,0x00}, // 1982 蒸
    {0x00,0x80,0x7F,0xFE,0x60,0x06,0x60,0x86,0x08,0x80,0x0F,0xF8,0x10,0x80,0x10,0x80,0x00,0x80,0x7F,0xFE,0x00,0x80,0x00,0x80,0x00,0x80,0x00,0x80,0x00,0x00,0x00,0x00}, // 1983 牢
    {0x04,0x20,0x04,0x20,0x7F,0xFE,0x04,0x20,0x09,0xA0,0x19,0x80,0x3F,0xFC,0x21,0x80,0x7F,0xFE,0x03,0xC0,0x07,0xE0,0x0D,0xB0,0x31,0x9C,0x61,0x86,0x01,0x80,0x00,0x00}, // 1984 茱
    {0x24,0x00,0x34,0xFC,0x18,0x84,0x18,0x84,0x68,0x84,0x08,0x84,0x0C,0x8C,0x14,0xBC,0x34,0x90,0x64,0x80,0x44,0x80,0x04,0x80,0x08,0x82,0x38,0xFC,0x00,0x00,0x00,0x00}, // 1985 犯
    {0x62,0x30,0x2F,0xBC,0x02,0x6C,0x02,0x7E,0x6F,0xA2,0x0A,0xAA,0x0A,0xAA,0x2F,0xAA,0x26,0x2A,0x26,0xBA,0x4A,0x90,0x52,0x34,0x42,0x62,0x00,0x80,0x00,0x00,0x00,0x00}, // 1986 濑
    {0x78,0xF0,0x08,0x90,0x08,0x90,0x08,0x90,0x7E,0x90,0x18,0xFE,0x1C,0x90,0x2E,0x90,0x2A,0x90,0x48,0xD8,0x08,0xCA,0x08,0xAE,0x08,0xB6,0x08,0x00,0x00,0x00,0x00,0x00}, // 1987 秪
    {0x18,0xFE,0x09,0x00,0x7D,0x30,0x13,0xFE,0x12,0x40,0x1C,0xCC,0x35,0xFE,0x34,0x00,0x24,0xA8,0x24,0xA8,0x24,0xA8,0x65,0x2A,0x4B,0x2E,0x00,0x00,0x00,0x00,0x00,0x00}, // 1988 旒
    {0x78,0xFC,0x0A,0x48,0x6A,0x58,0x2E,0x30,0x08,0x7C,0x7F,0x86,0x18,0x30,0x3E,0xFC,0x2A,0x30,0x68,0x30,0x49,0xFE,0x08,0x30,0x08,0x30,0x00,0x30,0x00,0x00,0x00,0x00}, // 1989 释
    {0x28,0x30,0x29,0x7E,0x7F,0x56,0x48,0x54,0x08,0x44,0x7F,0x4C,0x00,0x40,0x3E,0x7E,0x22,0x02,0x22,0xFA,0x22,0x02,0x3E,0x02,0x22,0x0E,0x00,0x00,0x00,0x00,0x00,0x00}, // 1990 鹄
    {0x10,0x08,0x18,0x08,0x00,0x08,0x03,0xFE,0x70,0x08,0x11,0x08,0x11,0x88,0x10,0x88,0x10,0x88,0x14,0x08,0x1C,0x08,0x18,0x08,0x10,0x38,0x00,0x00,0x00,0x00,0x00,0x00}, // 1991 讨
    {0x04,0x00,0x27,0xFC,0x24,0x8C,0x24,0x88,0x24,0x50,0x24,0x30,0x24,0x78,0x27,0x8E,0x0D,0x80,0x01,0x80,0x1F,0xF8,0x01,0x80,0x01,0x80,0x7F,0xFE,0x00,0x00,0x00,0x00}, // 1992 坚
    {0x10,0x20,0x11,0x24,0x3D,0xAC,0x20,0xA8,0x60,0x20,0x7D,0xFC,0x11,0x84,0x11,0xA4,0x7D,0xA4,0x11,0xA4,0x11,0xA4,0x14,0x60,0x18,0x4C,0x13,0x86,0x01,0x00,0x00,0x00}, // 1993 锁
    {0x21,0x04,0x33,0xC4,0xFA,0x5F,0x33,0xC4,0x32,0x44,0x3B,0xD4,0x7A,0x54,0x72,0x54,0x77,0xC4,0x31,0xC4,0x33,0x44,0x3E,0x44,0x30,0xCC,0x00,0x00,0x00,0x00,0x00,0x00}, // 1994 榭
    {0x79,0x24,0x11,0x24,0x11,0xFC,0x7D,0x24,0x11,0xFC,0x10,0x88,0x3B,0x46,0x34,0x7C,0x54,0x8C,0x51,0xC8,0x11,0x30,0x10,0x70,0x17,0x8E,0x12,0x02,0x00,0x00,0x00,0x00}, // 1995 稷
    {0x08,0x00,0x08,0x00,0x08,0xFC,0x0F,0x44,0x08,0x44,0x08,0x44,0x7F,0x4C,0x08,0x68,0x28,0x28,0x29,0x38,0x69,0xB0,0x48,0x38,0x48,0xCC,0x1B,0x86,0x00,0x00,0x00,0x00}, // 1996 叔
    {0x21,0x00,0x33,0xFC,0x06,0x04,0x00,0x4C,0x18,0xE0,0x31,0xB0,0x63,0x1C,0x06,0x06,0x00,0x80,0x24,0xC4,0x24,0x06,0x64,0x1A,0x07,0xF0,0x00,0x00,0x00,0x00,0x00,0x00}, // 1997 恣
    {0x18,0x40,0x00,0xC0,0x7C,0xFE,0x05,0xE0,0x0B,0x60,0x18,0x7E,0x18,0x60,0x3C,0x60,0x5E,0x60,0x18,0x7E,0x18,0x60,0x18,0x60,0x18,0x60,0x18,0x60,0x00,0x00,0x00,0x00}, // 1998 祚
    {0x04,0x20,0x04,0x20,0x7F,0xFE,0x04,0x20,0x04,0x20,0x19,0xF8,0x09,0x88,0x01,0x88,0x71,0x88,0x11,0xB8,0x09,0xB0,0x19,0x80,0x11,0x82,0x60,0xFE,0x00,0x00,0x00,0x00}, // 1999 范
    {0x10,0x20,0x10,0xA0,0x11,0x20,0x7D,0xFC,0x7F,0x20,0x10,0x20,0x33,0xFE,0x3C,0x70,0x74,0x70,0x50,0xA8,0x51,0xA8,0x11,0x24,0x16,0x26,0x10,0x20,0x00,0x00,0x00,0x00}, // 2000 株
    {0x1F,0xF8,0x01,0x00,0x03,0x00,0x7F,0xFE,0x04,0x20,0x19,0x98,0x7F,0xFE,0x49,0x98,0x09,0x98,0x0F,0xF8,0x09,0x98,0x01,0x8C,0x3F,0xF6,0x00,0x00,0x00,0x00,0x00,0x00}, // 2001 蚕
    {0x03,0x80,0x06,0x60,0x19,0xB8,0x7F,0xFE,0x00,0x30,0x03,0x20,0x01,0x00,0x7F,0xFE,0x02,0x00,0x04,0xD8,0x1C,0x70,0x65,0x30,0x0E,0x1E,0x00,0x00,0x00,0x00,0x00,0x00}, // 2002 衾
    {0x00,0x00,0x11,0xFC,0x21,0x84,0x21,0x84,0x4D,0x84,0x79,0xFC,0x11,0x84,0x11,0x84,0x21,0x84,0x7D,0xFC,0x01,0x84,0x01,0x84,0x7D,0x84,0x43,0xFE,0x00,0x00,0x00,0x00}, // 2003 组
    {0x10,0x40,0x10,0x48,0x10,0x40,0x25,0xFE,0x24,0x40,0x78,0x40,0x08,0xFC,0x10,0xC4,0x20,0xAC,0x3D,0x28,0x03,0x28,0x04,0x10,0x78,0x2C,0x01,0xC6,0x01,0x00,0x00,0x00}, // 2004 绂
    {0x7F,0x7C,0x61,0x18,0x63,0x20,0x75,0x7E,0x6D,0x2A,0x6D,0x2A,0x6D,0x2A,0x6D,0x5A,0x7F,0x16,0x53,0x24,0x41,0x80,0x40,0xC2,0x40,0x7E,0x00,0x00,0x00,0x00,0x00,0x00}, // 2005 飏
    {0x11,0xFE,0x01,0x02,0x7D,0xFE,0x09,0x00,0x09,0x10,0x13,0xFE,0x3D,0x10,0x75,0x10,0x55,0x7E,0x11,0x42,0x13,0x42,0x12,0x7E,0x12,0x42,0x10,0x00,0x00,0x00,0x00,0x00}, // 2006 裾
    {0x30,0x40,0x1B,0xFC,0x03,0x04,0x03,0x04,0x73,0x04,0x13,0xFC,0x13,0x04,0x13,0x04,0x13,0x04,0x13,0xFC,0x38,0x00,0x6C,0x00,0x47,0xFE,0x00,0x00,0x00,0x00,0x00,0x00}, // 2007 迫
    {0x04,0x20,0x7F,0xFE,0x04,0x20,0x10,0x20,0x1E,0x28,0x24,0x28,0x7F,0x54,0x25,0x10,0x3F,0x7C,0x25,0x10,0x25,0xFE,0x3F,0x10,0x03,0x10,0x7C,0x10,0x00,0x00,0x00,0x00}, // 2008 藓
    {0x17,0x88,0x14,0xBE,0x34,0x80,0x34,0xA6,0x77,0x94,0x74,0x04,0x37,0xBF,0x3E,0x88,0x3A,0x88,0x32,0xBE,0x33,0x88,0x32,0x88,0x30,0x08,0x00,0x08,0x00,0x00,0x00,0x00}, // 2009 僻
    {0x11,0x00,0x11,0x00,0x11,0xFE,0x7D,0x12,0x7D,0x12,0x17,0xD4,0x38,0x14,0x3D,0x14,0x77,0x54,0x55,0x5C,0x55,0x28,0x15,0x1C,0x11,0x36,0x13,0x62,0x00,0x00,0x00,0x00}, // 2010 椒
    {0x01,0x00,0x3F,0xF8,0x03,0x00,0x02,0x00,0x7F,0xFE,0x06,0x00,0x04,0x00,0x0F,0xF8,0x00,0x18,0x00,0x20,0x06,0x60,0x03,0xC0,0x00,0x70,0x00,0x00,0x00,0x00,0x00,0x00}, // 2011 专
    {0x08,0x00,0x1F,0xFE,0x30,0x06,0x64,0x86,0x05,0x86,0x33,0x26,0x33,0x26,0x33,0xA6,0x34,0xA6,0x30,0x26,0x30,0xE6,0x3F,0x26,0x00,0x1C,0x00,0x00,0x00,0x00,0x00,0x00}, // 2012 匈
    {0x10,0x40,0x30,0xFE,0x3E,0x86,0x61,0x86,0x7D,0x46,0x10,0x66,0x10,0x26,0x7E,0x06,0x10,0x36,0x11,0xC4,0x14,0x84,0x1C,0x04,0x18,0x1C,0x00,0x10,0x00,0x00,0x00,0x00}, // 2013 钧
    {0x00,0x80,0x3F,0xFC,0x1F,0xF8,0x1F,0xF8,0x00,0x80,0x7F,0x7E,0x1F,0x78,0x1F,0x78,0x3F,0xFC,0x04,0x20,0x1F,0xF8,0x3F,0xFE,0x0C,0x50,0x77,0x3C,0x44,0x00,0x00,0x00}, // 2014 囊
    {0x02,0x80,0x06,0x60,0x19,0x38,0x71,0x0E,0x4F,0xE0,0x00,0x60,0x1F,0xF8,0x18,0x18,0x19,0x18,0x19,0x18,0x1B,0x58,0x06,0x30,0x3C,0x1C,0x20,0x00,0x00,0x00,0x00,0x00}, // 2015 贪
    {0x10,0xC0,0x10,0xD8,0x10,0x4C,0x10,0x40,0x7D,0xFE,0x10,0xE0,0x10,0xE0,0x1C,0xA0,0x70,0xA0,0x50,0xA0,0x11,0xA0,0x11,0x20,0x13,0x32,0x36,0x1E,0x20,0x00,0x00,0x00}, // 2016 扰
    {0x12,0xDE,0x12,0x96,0x7A,0x94,0x17,0xD4,0x11,0x14,0x11,0x14,0x1F,0xD4,0x71,0x12,0x11,0x12,0x11,0x92,0x12,0x5E,0x12,0x54,0x74,0x10,0x00,0x10,0x00,0x00,0x00,0x00}, // 2017 掷
    {0x0C,0x48,0x3F,0x4C,0x0C,0x40,0x7F,0xFE,0x00,0x40,0x0C,0x60,0x0C,0xAC,0x7F,0xA8,0x0E,0x38,0x1F,0x30,0x2D,0x32,0x6C,0x4A,0x0D,0x8E,0x00,0x00,0x00,0x00,0x00,0x00}, // 2018 栽
    {0x10,0x20,0x10,0x20,0x15,0xFC,0x54,0x20,0x50,0x20,0x53,0xFE,0x53,0xFE,0x10,0x60,0x10,0x48,0x10,0x88,0x11,0x84,0x13,0xFE,0x13,0x02,0x00,0x00,0x00,0x00,0x00,0x00}, // 2019 怯
    {0x7F,0xFC,0x08,0x10,0x3E,0x7C,0x08,0x10,0x08,0x10,0x7F,0xFE,0x00,0x40,0x30,0x44,0x3E,0x5C,0x30,0x60,0x30,0x40,0x36,0x42,0x38,0x7E,0x00,0x00,0x00,0x00,0x00,0x00}, // 2020 琵
    {0x3F,0xFC,0x08,0x10,0x3E,0xFC,0x08,0x10,0x3E,0xFC,0x00,0x00,0x1F,0xF8,0x11,0x88,0x11,0x88,0x1F,0xF8,0x10,0x00,0x10,0x06,0x1F,0xFC,0x00,0x00,0x00,0x00,0x00,0x00}, // 2021 琶
    {0x01,0x80,0x7F,0xFE,0x04,0x20,0x04,0x60,0x3F,0xFC,0x21,0x04,0x00,0x80,0x3F,0x7C,0x06,0x00,0x07,0xF8,0x0C,0x18,0x18,0x18,0x70,0x70,0x00,0x00,0x00,0x00,0x00,0x00}, // 2022 旁
    {0x10,0x20,0x10,0x20,0x13,0xFE,0x78,0x40,0x11,0xFC,0x33,0xFE,0x38,0x88,0x3D,0x0C,0x52,0xF6,0x54,0x20,0x13,0xFC,0x10,0xA0,0x11,0xAC,0x12,0x24,0x00,0x00,0x00,0x00}, // 2023 榛
    {0x01,0x08,0x71,0x08,0x17,0xFE,0x01,0x08,0x41,0x08,0x71,0xF8,0x11,0x08,0x01,0xF8,0x01,0x08,0x31,0x08,0x2F,0xFE,0x21,0x10,0x63,0x1C,0x46,0x06,0x04,0x00,0x00,0x00}, // 2024 淇
    {0x08,0xC0,0x08,0xD8,0x18,0xCC,0x10,0xC0,0x37,0xFE,0x30,0xF0,0x50,0xF0,0x50,0xB0,0x10,0xB0,0x10,0xB0,0x11,0xB0,0x11,0x32,0x13,0x32,0x16,0x1E,0x00,0x00,0x00,0x00}, // 2025 优
    {0x11,0xF8,0x11,0x08,0x11,0x08,0x7D,0xF8,0x10,0x00,0x13,0xDE,0x16,0x52,0x1B,0xDE,0x70,0x20,0x17,0xFE,0x10,0xF0,0x10,0xB8,0x13,0x2C,0x36,0x22,0x00,0x20,0x00,0x00}, // 2026 操
    {0x20,0x0C,0x37,0xF0,0x18,0x46,0x02,0x64,0x01,0x2C,0x71,0x00,0x11,0xFC,0x13,0xFC,0x12,0x20,0x17,0xFE,0x10,0x20,0x1F,0x24,0x1B,0x24,0x33,0xFC,0x00,0x06,0x00,0x00}, // 2027 谣
    {0x01,0x00,0x01,0x80,0x7F,0xFC,0x02,0x00,0x06,0x20,0x0C,0x10,0x1F,0xF8,0x1E,0x44,0x06,0x40,0x04,0x40,0x04,0x40,0x0C,0x42,0x18,0x46,0x70,0x7E,0x00,0x00,0x00,0x00}, // 2028 充
    {0x7F,0xFC,0x7F,0xFC,0x60,0xC0,0x60,0xC0,0x6F,0xFC,0x6C,0xC8,0x6C,0xC8,0x6C,0xC8,0x6C,0xC8,0x6C,0xD8,0x6C,0xD0,0x60,0xC0,0x60,0x00,0x7F,0xFE,0x00,0x00,0x00,0x00}, // 2029 匝
    {0x3F,0xFC,0x30,0x00,0x30,0xC0,0x30,0xC0,0x30,0xC0,0x37,0xFC,0x30,0xC0,0x30,0xD0,0x20,0xD0,0x20,0xD8,0x20,0xC0,0x60,0xC0,0x4F,0xFE,0x00,0x00,0x00,0x00,0x00,0x00}, // 2030 压
    {0x10,0x40,0x13,0xFE,0x13,0x0A,0x13,0xCA,0x7F,0x52,0x13,0xF2,0x3B,0x26,0x34,0x20,0x73,0xFE,0x53,0x22,0x53,0xFE,0x13,0x22,0x13,0x22,0x13,0xFE,0x13,0x02,0x00,0x00}, // 2031 榴
    {0x01,0x00,0x7F,0xFE,0x02,0x40,0x04,0x20,0x18,0x18,0x30,0x0E,0x7F,0xFA,0x19,0x98,0x19,0x98,0x1F,0xF8,0x19,0x98,0x19,0x98,0x1F,0xF8,0x18,0x18,0x00,0x00,0x00,0x00}, // 2032 奋
    {0x10,0x48,0x12,0x48,0x02,0x48,0x03,0x68,0x71,0x18,0x11,0x10,0x11,0x90,0x10,0xB0,0x10,0xE0,0x14,0x60,0x18,0xF0,0x11,0x9C,0x37,0x06,0x00,0x00,0x00,0x00,0x00,0x00}, // 2033 议
    {0x18,0x40,0x17,0xFE,0x10,0x40,0x33,0xFC,0x33,0xFC,0x52,0x44,0x13,0xFC,0x12,0x44,0x10,0x08,0x17,0xFE,0x11,0x08,0x11,0x88,0x10,0x38,0x00,0x00,0x00,0x00,0x00,0x00}, // 2034 傅
    {0x22,0x10,0x02,0x7E,0x7F,0x54,0x00,0x54,0x32,0x44,0x62,0x4C,0x40,0x40,0x3F,0x7E,0x35,0x02,0x35,0xFA,0x35,0x02,0x37,0x82,0x78,0x0E,0x00,0x00,0x00,0x00,0x00,0x00}, // 2035 鹢
    {0x1F,0xF8,0x18,0x18,0x18,0x18,0x1F,0xF8,0x00,0x00,0x00,0x00,0x3F,0xFC,0x01,0x80,0x01,0x80,0x1F,0xF8,0x01,0x80,0x01,0x80,0x7F,0xFE,0x00,0x00,0x00,0x00,0x00,0x00}, // 2036 呈
    {0x08,0xB0,0x08,0xB0,0x1F,0xFC,0x17,0xFC,0x30,0xB4,0x37,0xFC,0x56,0xB0,0x16,0xB0,0x17,0xFE,0x10,0xB2,0x10,0xB2,0x11,0x36,0x13,0x3C,0x16,0x30,0x00,0x00,0x00,0x00}, // 2037 佛
    {0x18,0x40,0x17,0xFE,0x30,0xA4,0x33,0x98,0x73,0x18,0x57,0xFE,0x13,0xF8,0x12,0x08,0x13,0xF8,0x10,0x60,0x11,0x68,0x12,0x6C,0x14,0xC4,0x10,0x80,0x00,0x00,0x00,0x00}, // 2038 僚
    {0x30,0x30,0x23,0xFE,0x22,0x00,0x4A,0xFE,0x7A,0x96,0x12,0xFE,0x22,0x96,0x22,0xFE,0x7A,0x10,0x02,0x10,0x3E,0xFE,0x64,0x10,0x05,0xFE,0x04,0x00,0x00,0x00,0x00,0x00}, // 2039 缠
    {0x00,0x00,0x7F,0xFE,0x7F,0xFE,0x04,0x40,0x04,0x40,0x04,0x40,0x04,0x40,0x04,0x40,0x04,0x40,0x0C,0x40,0x0C,0x40,0x18,0x42,0x30,0x66,0x60,0x3C,0x00,0x00,0x00,0x00}, // 2040 兀
    {0x04,0x06,0x04,0x06,0x2D,0x26,0x69,0x26,0x0E,0x26,0x1B,0x26,0x31,0xA6,0x4C,0x26,0x2C,0xA6,0x2D,0x26,0x2D,0x26,0x0E,0x06,0x31,0x86,0x60,0x8C,0x40,0x00,0x00,0x00}, // 2041 剡
    {0x32,0x16,0x1B,0xDC,0x02,0x10,0x02,0x12,0x73,0x9E,0x10,0x00,0x10,0xC0,0x13,0xFC,0x13,0x04,0x13,0xFC,0x1F,0x04,0x33,0x04,0x23,0xFC,0x03,0x04,0x00,0x00,0x00,0x00}, // 2042 谐
    {0x00,0x30,0x18,0x30,0x10,0x30,0x25,0xFE,0x65,0x22,0x7D,0x22,0x09,0x22,0x11,0x32,0x25,0x6A,0x79,0x42,0x01,0x82,0x05,0x02,0x79,0x02,0x41,0x0E,0x01,0x00,0x00,0x00}, // 2043 纳
    {0x10,0xE0,0x7C,0x90,0x21,0x0C,0x22,0xF6,0x36,0x00,0x53,0xD4,0x7A,0x54,0x13,0xD4,0x12,0x54,0x1F,0xD4,0x72,0x54,0x12,0x54,0x12,0xCC,0x10,0x08,0x00,0x00,0x00,0x00}, // 2044 输
    {0x7E,0xFE,0x18,0xAA,0x18,0xFE,0x7E,0xAA,0x6A,0xFE,0x6A,0x00,0x6B,0xFE,0x66,0x00,0x42,0xFE,0x7E,0x86,0x42,0x78,0x7E,0x44,0x43,0xFE,0x00,0x00,0x00,0x00,0x00,0x00}, // 2045 醴
    {0x10,0x88,0x10,0x88,0x13,0xFE,0x10,0x88,0x7C,0xF8,0x10,0x20,0x33,0xFC,0x3B,0xFC,0x50,0x20,0x53,0xFE,0x10,0x20,0x13,0xFC,0x10,0x20,0x17,0xFE,0x00,0x00,0x00,0x00}, // 2046 槿
    {0x3F,0xFC,0x21,0x20,0x21,0x20,0x2F,0x3C,0x21,0x20,0x21,0x20,0x2F,0x3C,0x21,0x20,0x21,0x20,0x2F,0x3C,0x21,0x20,0x20,0x20,0x3F,0xFE,0x00,0x00,0x00,0x00,0x00,0x00}, // 2047 匪
};
